"","Neoglyphidodon carlsoni","Acanthurus triostegus","Ctenochaetus striatus","Chaetodon auriga","Chrysiptera taupou","Chaetodon baronessa","Chaetodon bennetti","Chaetodon citrinellus","Acanthurus mata","Acanthurus lineatus","Naso hexacanthus","Naso lituratus","Naso unicornis","Halichoeres hortulanus","Bodianus loxozonus","Cirrhilabrus punctatus","Aulostomus chinensis","Lutjanus biguttatus","Lutjanus bohar","Lutjanus monostigma","Gnathodentex aureolineatus","Lethrinus semicinctus","Lethrinus harak","Macolor macularis","Monotaxis grandoculis","Macolor niger","Pterocaesio trilineata","Carangoides orthogrammus","Plectorhinchus vittatus","Lutjanus fulvus","Lutjanus gibbus","Chaetodon ephippium","Stegastes albifasciatus","Stegastes fasciolatus","Stegastes nigricans","Amphiprion chrysopterus","Siganus punctatus","Siganus doliatus","Siganus uspi","Acanthurus thompsoni","Acanthurus nigrofuscus","Acanthurus leucocheilus","Acanthurus auranticavus","Acanthurus blochii","Plectropomus leopardus","Halichoeres prosopeion","Labropsis australis","Anampses caeruleopunctatus","Anampses meleagrides","Anampses neoguinaicus","Anampses twistii","Sargocentron caudimaculatum","Neoniphon sammara","Scarus globiceps","Scarus dimidiatus","Scarus spinus","Scarus schlegeli","Chlorurus bleekeri","Chromis atripes","Dascyllus aruanus","Dascyllus trimaculatus","Dascyllus reticulatus","Pterois volitans","Synodus variegatus","Chromis atripectoralis","Centropyge bicolor","Centropyge flavissima","Labroides dimidiatus","Amblyglyphidodon curacao","Chrysiptera rollandi","Bodianus mesothorax","Hipposcarus longiceps","Scarus altipinnis","Scarus forsteni","Scarus frenatus","Scarus niger","Scarus oviceps","Scarus psittacus","Scarus rubroviolaceus","Chaetodon kleinii","Chaetodon lineolatus","Chaetodon lunula","Chaetodon lunulatus","Chaetodon mertensii","Forcipiger flavissimus","Forcipiger longirostris","Heniochus acuminatus","Heniochus chrysostomus","Heniochus monoceros","Heniochus singularius","Heniochus varius","Cheilinus chlorourus","Cheilinus fasciatus","Cheilinus trilobatus","Epibulus insidiator","Coris aygula","Coris gaimard","Gomphosus varius","Halichoeres margaritaceus","Halichoeres trimaculatus","Hemigymnus fasciatus","Hemigymnus melapterus","Hologymnosus doliatus","Stethojulis bandanensis","Thalassoma amblycephalum","Thalassoma hardwicke","Thalassoma lunare","Thalassoma lutescens","Thalassoma quinquevittatum","Labroides bicolor","Centropyge heraldi","Chromis margaritifer","Chromis ternatensis","Chromis viridis","Chromis weberi","Chromis xanthura","Abudefduf sexfasciatus","Amblyglyphidodon aureus","Amblyglyphidodon leucogaster","Chrysiptera biocellata","Chrysiptera glauca","Chrysiptera brownriggii","Neopomacentrus violascens","Plectroglyphidodon dickii","Plectroglyphidodon johnstonianus","Pomacentrus brachialis","Pomacentrus coelestis","Pomacentrus moluccensis","Pomacentrus philippinus","Pomacentrus vaiuli","Priacanthus hamrur","Kyphosus cinerascens","Paracirrhites arcatus","Cantherhines dumerilii","Sufflamen chrysopterum","Scolopsis trilineata","Scolopsis bilineata","Ctenochaetus cyanocheilus","Zanclus cornutus","Zebrasoma scopas","Paracirrhites forsteri","Mulloidichthys flavolineatus","Mulloidichthys vanicolensis","Parupeneus barberinoides","Parupeneus barberinus","Parupeneus cyclostomus","Parupeneus multifasciatus","Ctenochaetus binotatus","Balistapus undulatus","Balistoides viridescens","Pseudobalistes flavimarginatus","Sufflamen bursa","Plagiotremus rhinorhynchos","Parupeneus crassilabris","Pomacentrus callainus","Pomacentrus spilotoceps","Amblyglyphidodon orbicularis","Thalassoma nigrofasciatum","Cephalopholis argus","Arothron nigropunctatus","Amphiprion barberi","Scarus tricolor","Cephalopholis urodeta","Pomacanthus imperator","Sargocentron spiniferum","Chaetodon oxycephalus","Chaetodon pelewensis","Chaetodon plebeius","Chaetodon rafflesii","Oxymonacanthus longirostris","Pseudanthias squamipinnis","Pygoplites diacanthus","Canthigaster solandri","Pomacentrus nigromarginatus","Stethojulis trilineata","Abudefduf vaigiensis","Chaetodon semeion","Coris dorsomacula","Amanses scopas","Arothron manilensis","Myripristis kuntee","Myripristis violacea","Epinephelus merra","Plectropomus laevis","Heniochus diphreutes","Chaetodon trifascialis","Chaetodon ulietensis","Chaetodon unimaculatus","Chaetodon vagabundus","Helcogramma striatum","Caesio caerulaurea","Caesio teres","Gymnocaesio gymnoptera","Pterocaesio tile","Cetoscarus ocellatus","Chlorurus spilurus","Oxycheilinus digrammus","Plagiotremus flavus","Thalassoma sp","Chaetodon sp","Oxycheilinus sp","Acanthurus sp","Pomacentrus maafu","Scarus sp","Stethojulis sp","Cephalopholis sp","Chromis sp","Pomacentrus sp","Ctenochaetus sp","Halichoeres sp","Siganus sp","Stegastes lacrymatus","Chlorurus sp","Neoglyphidodon sp","Plectroglyphidodon fasciolatus","Pterocaesio sp","Zebrasoma velifer","Plectropomus sp","Cirrhilabrus sp","Lethrinus sp","Naso sp","Cheilinus sp","Chrysiptera sp","Stegastes sp","Arothron sp","Lutjanus sp","Taeniamia kagoshimana","Pseudanthias sp"
"KAD_CAT_Transect 1",0,0,281.045263220232,0,0,0,0,0,0,2257.96397995565,0,0,0,0,0,0,0,0,0,0,0,0,0,0,118.660109699398,0,0,0,0,0,0,0,0,0,0,0,0,0,0,0,565.411378248846,0,1021.11721513766,1579.97763296064,0,0,0,0,0,15.4524118806433,0,0,0,677.495481648982,0,540.658647251243,0,0,0,0,0,0,0,0,0,0,0,0,0,0,0,0,0,0,2315.67291262487,31.3968421641827,2850.96362416198,1245.34481168653,0,0,0,0,24.2385309956819,0,23.0419783683017,0,0,0,0,0,0,0,0,0,0,0,0,0,0,0,0,0,0,0,1.96844976773749,0,0,0,0,0,0,172.225340478288,554.281777435384,0,0,0,0,0,0,0,0,0,0,0,0,0,0,0,72.0814160359528,0,0,0,0,0,0,0,0,0,0,30.3329986275385,0,0,0,0,0,0,0,0,0,0,0,0,0,0,0,0,0,0,0,0,0,0,0,0,0,0,0,16.9079250318854,0,0,0,0,0,0,0,0,0,0,0,0,764.077161331148,0,0,0,0,33.8120142421487,0,0,0,0,748.534383217204,0,0,0,0,6695.62755015989,0,0,0,0,0,448.536234286874,0,0,0,0,0,21.0899595943352,0,0,0,88.0039085323323,0,8.41780225969235,13.3195317636427,144.540748260751,0,0,0,0,0,0,0,0,0,0,0,0
"KAD_CAT_Transect 2",0,0,959.386598422604,0,0,27.314465531503,0,0,0,5671.21841079939,0,0,0,0,0,0,0,0,0,0,0,0,0,0,0,0,0,0,0,0,1408.40949193138,0,0,0,0,0,0,0,0,0,2221.76640583068,0,0,0,0,0,0,0,0,0,0,0,73.3085025144416,2064.69251277522,0,902.222362234868,0,0,0,0,0,0,0,0,0,0,0,1.44990857273505,0,0,176.899261107109,0,0,0,1724.59335800738,47.4404791312129,18435.3313104148,2897.82593457517,0,0,0,0,0,0,0,0,0,0,0,0,917.971393278375,0,0,0,0,0,0,0,0,0,1364.12579124448,0,0,0,0,30.2996036081558,0,0,0,0,0,0,159.073315212164,0,0,265.508663122637,0,0,0,0,0,0,0,0,0,0,1.30307194082606,3.08270469706816,132.012546606598,0,0,0,0,0,0,0,0,0,150.088019493418,477.182923629022,43.4654259511208,0,0,0,0,0,0,0,0,0,0,0,0,846.894107136012,23.6143636452953,0,0,0,0,0,0,0,0,0,0,0,0,0,0,0,0,0,0,0,0,0,0,0,0,0,107.37010463975,0,0,0,0,33.8120142421487,0,159.357029578924,0,0,0,0,0,0,0,25416.3181717127,0,0.956344312328413,0,0,0,1083.2362916735,0,0,0,0,0,14.6701055370237,0,0,0,61.6871375778919,0,0,0,794.974115434131,0,0,0,0,0,0,0,0,0,0,0,0
"KAD_CAT_Transect 3",0,0,99.2528409453454,0,0,0,0,0,0,0,0,0,0,0,227.551785978732,0,0,0,676.715558169723,0,0,0,0,0,0,223.463969732204,0,0,0,0,0,0,0,0,0,0,0,0,0,0,188.470459416282,0,0,0,0,0,0,0,0,0,0,0,0,0,0,0,446.650845092012,0,0,0,0,11.9511467105233,0,0,0,0,0,1.99808155676277,0,0,0,0,0,0,0,0,0,302.588611532119,0,0,0,0,0,0,0,0,0,0,0,0,0,0,0,0,0,0,0,0,0,0,0,0,0,0,0,0,0,0,0,0,54.0585901200823,15.025676204597,0,0,0,0,0,0,0,0,0,0,0,0,0,0,2.60614388165212,3.08270469706816,0,0,0,0,0,0,0,0,0,0,0,34.5131398436583,0,0,0,0,0,0,0,0,0,0,0,98.4366059943515,0,0,0,0,0,0,0,0,0,0,0,0,0,0,0,0,0,0,0,0,0,0,0,0,0,0,0,0,0,0,0,0,0,0,0,0,0,0,0,0,0,0,0,3970.41677620731,0,0,0,0,0,224.268117143437,0,0,26.1368352476594,0,4.13694883287848,39.8979536731926,0,0,0,12.6610323158944,0,0,0,0,0,0,0,0,0,0,0,0,0,0,0,0
"KAD_CAT_Transect 4",0,0,2046.46588044572,0,0,0,0,0,0,9737.89037610461,0,0,0,0,0,0,0,0,0,0,0,0,0,0,0,0,0,0,0,0,1376.08779662697,0,0,0,18.6552787888972,0,0,0,0,0,750.598615786038,0,0,1063.33838074565,0,0,0,0,0,0,0,0,177.090924839254,3245.93761972519,0,0,876.674017582706,0,0,0,0,0,0,0,0,0,0,22.5762960738294,0,0,0,0,0,0,3671.79397922656,178.620498200491,8166.98574789056,907.765834596357,0,0,0,0,0,0,0,0,0,0,0,0,0,0,0,0,0,0,0,0,0,0,0,0,0,0,0,45.5385098513078,0,0,0,0,54.0585901200823,0,76.9998657306525,0,0,0,0,0,0,0,47.2444995340812,0,0,0,0,0,1.30307194082606,0,78.9292426249317,0,0,0,0,0,0,0,0,0,225.132029240128,393.391919616891,0,0,0,0,0,0,0,236.564564511833,0,0,0,0,0,423.447053568006,32.2491977096977,0,0,0,0,0,0,0,0,0,0,0,0,0,0,0,0,0,0,0,0,0,0,0,0,0,161.361044954321,0,0,0,0,0,0,0,0,0,0,0,0,0,0,19807.2296580662,37.1915416027222,0,0,0,0,791.197927019956,0,0,0,0,0,0,0,0,0,26.0644198664394,0,0,0,0,0,0,0,0,0,0,0,0,0,0,0,0
"KAD_CAT_Transect 5",0,0,205.312955775246,0,0,0,0,0,0,2759.82222754645,0,0,0,195.410778230564,0,0,0,0,0,0,0,0,0,0,143.469031982843,0,0,0,0,0,0,0,0,0,256.344478271403,0,0,0,0,0,1806.54239798071,0,0,0,0,0,0,0,0,0,0,0,0,0,0,0,125.856907803645,0,0,0,0,0,0,0,0,0,0,1.41504408706857,0,0,0,0,0,0,3793.93579277901,0,8795.69717477987,0,0,0,0,0,48.6053662077559,0,0,0,0,0,0,0,230.725994775811,189.896376307849,0,0,0,0,0,18.2079401252637,0,0,723.120083965819,0,20.5112112168919,15.4580045978912,0,31.4080017853115,0,0,56.895354084634,0,0,22.6578450437112,0,0,0,0,0,0,0,0,43.8970217967116,11.646761489195,0,22.68188395227,0,0,0,0,24.8127707373619,0,0,0,0,0,0,0,0,0,0,34.4665040257194,102.643622222875,0,0,0,0,0,0,0,0,0,0,0,0,0,0,0,0,0,0,0,0,0,0,0,0,0,0,0,0,0,0,0,0,0,0,0,0,0,0,0,0,0,0,0,0,0,0,0,0,0,0,0,0,0,0,9075.4078870195,0,0,0,0,0,0,0,0,0,0,0,0,0,0,0,22.3554609226933,0,0,13.3195317636427,0,0,0,0,0,0,0,0,0,0,0,0,0
"KAD_COW_Transect 1",0,0,1215.2604693943,0,0,0,0,0,0,0,0,0,0,0,0,0,0,0,0,0,0,0,0,0,143.13972463501,0,0,0,0,0,0,0,0,0,0,0,0,0,0,0,0,0,0,0,0,0,0,0,0,0,0,0,0,0,104.243085808197,0,1369.02722577336,0,0,0,0,0,0,0,0,223.669964636401,0,0,0,0,0,0,0,0,0,0,0,0,0,0,0,0,0,49.8704307872012,0,0,0,0,0,0,0,0,0,0,0,0,0,0,0,0,0,0,0,33.0023078588103,0,0,65.2814170370564,0,0,0,55.2803171457255,0,0,7.01671355631335,0,0,0,0,0,0,0,0,0,0,0,0,0,11.7388204740931,0,0,0,0,0,0,0,0,230.876658932024,0,0,155.737668962602,0,0,0,0,145.411847334232,0,56.2969391424262,0,0,0,0,0,0,0,8.77244381800375,0,0,0,0,0,0,0,0,0,0,0,0,0,0,0,0,0,0,0,0,0,0,0,0,0,0,0,0,0,0,0,0,0,0,0,0,0,0,0,0,559.263446616137,30.9129554283169,4.16636777604569,10.6047728578961,0,0,0,0,0,0,0,0,0,0,0,0,0,0,0,0,0,0,0,0,0,0,0,0,0,0,0,0,0
"KAD_COW_Transect 2",0,0,562.169040062946,0,0,34.0228405814096,0,0,0,0,0,0,0,141.74640404078,0,0,0,0,0,0,0,0,0,0,0,0,0,0,0,0,0,0,0,0,0,0,0,0,75.1096190966811,0,0,0,0,0,0,0,0,0,0,0,0,0,0,0,126.306773721963,0,240.939078792014,753.796936951932,0,17.5720910531002,0,0,0,0,0,0,0,0,0,0,0,0,0,0,0,0,0,0,0,0,0,0,157.02470415295,67.2074319421699,142.826797108945,0,0,0,0,0,0,0,0,0,0,0,0,0,0,0,393.190773662093,0,0,33.0023078588103,0,0,0,0,0,0,50.1288674795039,0,0,0,0,0,0,0,0,0,87.9009741785678,0,0,0,0,0,0,125.834349260636,0,0,0,0,0,0,0,0,64.2183411762756,0,57.1019855882788,43.0018081107562,0,0,0,0,0,0,12.3037916602213,0,0,0,0,0,0,0,0,0,0,0,0,0,0,0,0,0,0,0,0,0,0,0,0,0,0,0,0,0,0,0,0,0,0,0,0,0,0,0,0,0,0,0,0,0,0,0,0,0,0,4.16636777604569,21.2095457157922,19.9097712355717,0,0,0,0,0,0,0,0,0,0,0,0,0,0,0,0,0,0,0,0,0,0,0,0,0,0,0,0
"KAD_COW_Transect 3",0,0,0,0,0,16.9763593663885,0,0,0,0,0,0,0,209.257336785075,0,0,0,0,0,0,0,0,0,0,539.946320774995,0,0,0,0,0,0,0,0,0,0,0,0,0,0,0,1231.64289721819,0,0,0,0,0,0,0,0,0,0,0,27.3408185551828,0,126.306773721963,0,388.152799464396,0,0,0,0,0,0,0,0,173.67933299028,0,0,0,0,0,0,0,0,0,0,0,0,0,0,0,0,0,58.0721166915039,40.2065769415834,71.3315051091583,0,0,0,0,0,0,331.506806024652,0,0,0,0,191.433828807111,0,0,1086.20564568423,0,0,0,0,0,0,0,0,0,100.257734959008,0,0,0,0,0,0,0,0,0,0,0,5.40852820653146,0,0,0,0,0,0,0,0,0,0,0,0,0,62.0128845613658,0,411.534409860616,292.174453618954,0,0,0,0,63.3032833235516,0,328.17789746035,0,0,0,0,0,0,0,0,0,84.9100787508188,0,0,0,0,0,0,0,0,0,0,0,0,0,0,148.132428659757,0,0,0,0,0,0,0,0,0,0,0,0,0,0,0,0,0,0,0,0,0,0,0,579.928601394383,0,0,0,0,0,0,0,0,0,0,0,0,0,0,0,0,0,0,0,0,0,0,0,0,0,0,0,0,0,0,0,0
"KAD_COW_Transect 4",0,0,1330.73089952965,0,0,33.952718732777,0,0,0,0,0,0,0,0,0,0,0,0,0,0,1279.26868942917,0,0,0,0,0,0,0,0,0,0,0,0,0,76.6351618759201,0,0,0,0,0,298.905495765346,18.6135071091875,0,0,0,0,0,0,0,0,0,0,0,0,974.471071970923,0,736.754753914443,77.1392844218882,0,10.5432546318601,0,16.6753036075817,0,19.2544479855863,0,149.113309757601,17.4700953244233,0,0,0,46.4367988356863,0,0,73.7648154352783,0,0,0,0,0,0,0,0,0,116.144233383008,35.1297977273236,0,0,0,0,0,0,0,0,0,0,0,0,69.9938773538822,0,0,1086.35131687173,0,0,0,0,59.0211002507429,38.7319077622254,0,0,0,45.2310861671744,0,69.1025331599394,28.0668542252534,0,0,0,0,0,0,87.9009741785678,0,0,0,0,0,2.60614388165212,0,37.8954585372742,0,0,0,0,0,0,0,64.2183411762756,0,0,409.695989211763,0,0,0,48.4213473765607,72.7755611945712,31.2203347871128,485.059939912492,0,118.697108431786,0,0,0,0,0,23.0026415434741,0,327.130059801989,0,0,0,0,0,0,0,0,0,0,0,0,0,0,0,0,0,0,0,0,0,0,0,0,0,0,0,0,27.7658289599988,0,0,0,0,0,0,0,0,0,3986.95047826924,0,0,0,0,84.222185773427,0,0,0,0,0,0,0,0,0,0,0,0,0,0,0,0,0,0,0,0,0,0,0,0,0,0,0
"KAD_FIGO_Transect 1",0,0,1070.53537294019,0,0,0,0,0,71.3662076943758,1521.14975440068,0,0,0,39.661267121377,0,0,0,0,0,0,0,0,0,0,0,0,0,0,0,0,0,89.4273857148044,0,0,0,0,0,0,0,0,172.187930533186,0,0,0,0,0,0,0,0,0,0,0,0,0,364.10108159987,0,0,0,44.0045894314343,0,0,0,0,0,0,0,0,0,0,0,0,0,710.693352834736,0,0,0,2345.32251178795,0,0,0,38.9088431905086,0,58.5829662195659,0,101.350871383756,0,0,0,0,0,0,0,0,0,0,0,0,0,0,0,284.177673986312,0,0,0,0,0,0,0,0,0,24.9547776469633,180.058560487923,815.729574390231,0,1788.66908920875,3224.5662744223,0,0,0,0,0,0,0,21.4592542835288,0,31.6486039619674,0,0,15.341242360053,0,0,0,0,0,0,0,0,136.539423167639,434.172160455991,42.2337245402473,0,0,0,0,0,0,0,0,0,0,0,0,0,0,14.76941763362,0,0,0,0,0,0,0,0,0,0,0,0,0,58.1935701971193,0,0,0,0,0,0,0,0,0,0,0,83.1211317250017,152.31944395782,0,0,0,120.658714078895,0,0,0,0,0,0,0,0,0,4529.86617884393,0,0,11.8777747344262,0,0,598.117604223852,0,292.493242301736,0,0,0,7.05521315094944,3.5617824566424,0,0,90.5090198529884,52.4908113666464,0,0,0,0,0,0,0,0,0,0,0,0,0,0,0
"KAD_FIGO_Transect 2",0,0,6468.56654444539,0,0,0,0,0,0,4684.84855300997,0,0,0,0,0,0,0,0,0,0,0,0,0,0,0,0,0,0,0,0,0,0,0,0,0,0,0,0,0,0,1834.72534962618,0,0,0,0,0,0,0,0,0,0,0,0,1093.05589842367,0,0,0,0,63.4415310478621,0,0,0,0,0,0,0,0,0,0,0,0,0,0,0,226.474448238219,0,0,556.186282009203,0,0,0,0,0,0,50.6754356918781,71.3315051091583,0,0,0,0,0,0,0,0,0,0,0,0,0,0,0,0,0,0,0,0,0,0,0,0,74.8643329408899,338.016061299959,3219.69775742772,0,0,4206.0097830588,0,0,0,0,0,0,0,25.0168801531396,0,15.8243019809837,0,0,72.7688156236716,0,0,0,0,0,0,0,0,0,0,202.081197530215,0,0,0,0,0,0,0,285.640430978666,0,0,0,0,0,0,0,12.6056936693047,0,0,0,0,0,0,98.1022522684276,0,0,22.182019773784,21.5299226270938,0,0,0,0,0,0,0,0,0,0,10.6155448108566,0,0,0,0,0,0,0,0,0,0,0,0,0,0,0,60.9083017432657,0,2304.68052473049,0,0,9.40462499931139,0,0,935.690403970184,12.4534966428939,53.1933951567588,9.58512342485869,0,0,7.05521315094944,0,0,0,45.2545099264942,403.2018796655,0,0,0,173.628605896811,0,0,0,0,0,0,0,0,0,0,0
"KAD_FIGO_Transect 3",0,0,406.891648125814,0,0,0,0,0,0,0,0,0,0,39.661267121377,0,0,0,0,0,0,0,0,0,0,0,0,0,0,0,0,0,0,0,0,0,353.080601084892,0,0,0,0,172.187930533186,0,0,0,0,0,5.46898022287131,0,0,0,0,34.4026494276899,0,1057.06750324921,0,0,114.732861256009,0,0,0,967.084568564097,0,0,0,0,0,0,5.05555970178641,0,0,0,0,0,0,0,0,0,0,0,50.1911673170565,0,0,0,0,50.6754356918781,0,0,0,123.293763937632,0,0,0,0,0,0,0,0,0,0,0,0,0,0,0,0,0,0,29.124416573651,0,0,24.9547776469633,365.98409778819,635.882022256165,280.668542252534,0,0,0,130.045076564757,0,0,41.0130532045938,0,0,0,0,0,0,0,12.1122296774201,0,0,0,0,0,0,0,0,0,0,168.868268891297,0,0,0,0,0,0,0,92.9133260158171,0,0,0,0,0,0,9.32291283411696,0,14.6372448934944,0,0,0,0,0,0,0,0,0,0,0,0,0,0,0,0,0,0,0,0,0,0,0,0,0,0,0,0,0,33.7501398698907,0,0,0,0,0,0,0,0,378.634734174961,0,0,0,0,0,145.98108347475,0,35.9994471037833,0,0,0,14.1104263018989,0,0,0,0,164.889147325996,0,0,0,0,146.364576742829,0,0,0,0,0,0,0,0,0,0
"KAD_FIGO_Transect 4",0,0,1015.3941335535,0,0,45.9465549228727,0,0,0,388.986414487053,0,0,0,0,0,0,0,0,0,0,0,0,0,0,0,0,0,0,0,0,0,0,0,0,0,0,0,0,0,0,488.68916760216,0,0,0,0,0,0,0,0,0,0,0,0,528.660215437437,0,283.737321627341,0,0,0,0,0,0,0,0,0,0,0,5.05555970178641,0,0,0,0,0,0,0,0,612.259407596122,0,0,0,0,0,44.3807572627761,0,50.6754356918781,156.600999512097,0,0,0,0,0,0,0,0,0,0,0,47.7953491504014,0,0,0,0,12.4310068812302,7.71939789374322,16.7039701645194,17.5402992735872,0,9.10827991551589,0,0,17.2643029439443,431.373460879132,2455.21114148908,0,327.089640872409,767.633956666667,0,0,22.8000030694573,0,0,0,0,12.3078548819253,0,0,0,0,0,0,0,0,8.48951678694962,0,0,0,0,0,0,404.209692611178,0,0,0,0,0,0,0,175.668480493351,0,0,0,0,0,0,0,0,0,0,0,0,0,0,52.2613377088222,0,0,0,11.9238984110847,0,0,0,0,0,0,0,0,0,0,0,0,0,885.919088216701,162.918315605073,0,0,0,0,0,0,0,0,0,0,0,0,0,1630.70434882104,0,0,11.8777747344262,0,28.397450715314,62.5633214891787,0,0,9.58512342485869,0,0,0,0,0,0,83.9736152140391,31.2806190050158,0,0,0,0,0,0,0,0,0,0,0,0,0,0,0
"KAD_FIGO_Transect 5",0,0,88.9971035785762,0,0,0,0,0,0,0,0,0,0,0,0,0,0,0,0,0,0,0,0,0,0,0,0,0,0,0,0,89.4273857148044,0,0,10.9192706217125,0,0,0,0,0,431.017644735892,0,0,0,0,0,0,0,0,0,0,0,0,508.68493637599,0,0,234.909049934752,0,77.5365385449304,0,230.725527858765,0,0,0,0,0,0,0,0,0,18.8690847842323,0,0,0,0,0,444.759708884509,0,0,0,0,0,0,0,0,0,0,8.63239381602825,0,0,904.751768160295,0,0,0,0,0,0,12.6992210738388,0,0,0,0,0,0,0,0,0,19.2752216792172,0,0,75.0472204377485,165.96840618055,2282.98663054735,0,0,4430.11828185279,0,0,0,0,0,0,0,4.10261829397511,0,0,0,0,88.2045170295146,0,0,0,0,0,0,0,0,0,79.9690818714159,175.213225649571,0,0,0,0,0,0,0,49.2005330596404,118.697108431786,0,0,0,0,0,0,0,0,0,0,0,0,0,0,0,0,0,0,0,17.3311002420454,0,0,0,0,0,0,0,0,0,55.7299501417857,0,618.750751678461,0,0,0,0,60.3293570394474,0,0,0,0,0,0,0,0,0,1301.77011459857,0,0,115.212529324945,0,28.397450715314,351.638455065062,0,106.386790313518,0,0,0,14.1104263018989,3.5617824566424,0,16.4943764862544,148.747667240188,54.9630491086654,0,0,0,0,0,0,0,0,0,0,0,0,0,0,0
"KAD_FIGO_Transect 6",0,0,3798.63197188827,0,0,0,0,17.8379045379043,0,1811.15106790945,0,0,0,0,0,0,0,5.13693263717386,0,0,0,0,0,0,132.050517130209,0,0,0,0,0,0,0,0,0,10.9192706217125,0,0,0,0,50.5842537462432,819.608070062241,0,0,0,0,0,0,0,0,0,0,34.4026494276899,0,0,0,0,0,0,0,0,8.8560691814175,0,0,0,0,0,0,5.05555970178641,0,0,0,0,0,0,0,0,0,0,0,0,0,0,0,0,0,0,0,0,0,0,600.663069427146,0,0,0,0,0,0,0,0,0,0,0,0,0,60.3602096877994,0,18.7763542100939,0,0,0,56.8477119909258,293.616937790722,287.189691571901,0,30.5565591932115,53.9535252580011,0,43.3483588549189,0,0,0,0,0,3.81486772283909,0,0,0,0,16.6687514937362,0,0,0,0,0,0,0,0,0,79.9690818714159,63.4132402053406,0,0,0,0,0,0,0,43.3035951833825,0,0,0,0,0,0,0,0,0,7.11904284681632,0,0,0,0,0,0,0,0,0,26.0474823735495,0,0,0,0,0,0,0,0,0,0,0,0,0,0,0,0,0,60.3293570394474,133.880846272904,0,47.9360961179907,0,0,0,0,0,0,432.257910292199,0,0,11.8777747344262,0,0,75.6852687479877,0,0,29.5743759660935,0,10.5107235463916,0,3.5617824566424,0,0,110.799705490856,115.024617795398,0,0,0,0,0,0,0,0,0,0,0,0,0,0,0
"KAD_LUPE_Transect 1",0,0,0,0,0,65.4749076181047,0,0,0,0,0,0,0,0,574.45409976918,0,0,0,0,0,0,0,0,0,0,0,0,0,0,0,0,0,0,0,0,0,0,0,0,0,0,0,0,197.325272961446,0,0,13.166222991799,0,0,0,0,0,0,0,856.401418931844,0,361.578876784044,0,0,12.990538309674,0,26.6827643865305,0,0,0,0,0,0,0,0,0,0,0,0,0,0,0,0,0,0,0,0,0,59.2351423061296,0,0,0,0,0,0,0,0,0,0,0,0,0,0,0,0,0,0,0,0,0,0,0,32.2406711345183,0,0,0,0,9.22736243144188,0,0,0,0,0,0,0,0,0,0,0,0,0,0,11.6208571672643,0,0,0,0,0,0,0,0,163.754281447945,0,57.4173058559676,90.7440258588664,0,8203.70259595034,0,29.4001286010352,210.650331282393,0,0,0,111.684220067995,0,0,0,0,0,0,0,0,0,0,0,0,0,0,0,0,0,7.88983088965916,0,0,0,0,0,0,0,0,0,0,0,0,0,0,0,0,0,0,0,0,0,0,0,0,0,0,0,0,915.03630264651,0,0.462827841919538,0,19.9097712355717,0,1255.71523081707,6.0923595882811,35.8633719494496,15.4600938400811,0,0,0,0,0,0,0,0,0,0,0,0,0,0,0,0,0,0,0,0,0,0,0
"KAD_LUPE_Transect 2",0,0,125.670101563197,0,0,55.114365886054,0,0,0,0,0,0,0,0,0,0,0,0,0,0,0,0,0,0,35.9752675062281,0,0,0,0,0,0,0,0,0,0,0,0,81.1473584918582,0,0,0,0,315.312241259398,619.353236154967,0,0,0,0,0,0,0,0,0,0,375.565256290344,0,1773.50347470621,350.015309740528,0,58.4574223935328,0,8.1847652640805,0,0,0,115.569977875977,0,0,0,0,0,0,0,0,0,0,0,0,0,0,0,0,31.0844850851698,60.1600457739758,0,0,0,0,0,0,0,0,0,0,0,0,0,0,0,0,0,0,0,0,0,0,0,0,0,0,100.723564889786,0,0,128.10175272072,0,0,0,0,0,0,0,0,0,0,0,0,1.30307194082606,0,0,13.6904869448155,0,0,0,0,0,0,205.173840773093,0,0,97.276964079306,0,1520.58191263661,0,29.4001286010352,78.6635192464704,0,185.932840855744,0,111.684220067995,0,0,0,0,31.5052966515703,0,0,10.6279880263965,0,0,0,0,0,0,0,0,22.182019773784,0,0,0,0,0,0,0,0,0,0,0,0,0,0,0,0,0,0,0,0,0,0,0,0,0,0,0,0,0,1011.02473688391,0,0,165.54131565595,0,0,222.380375484429,0,35.8633719494496,0,14.7715668864234,4.63699263945873,0,0,0,0,0,0,0,0,0,0,0,0,0,0,0,0,0,0,0,0,0
"KAD_LUPE_Transect 3",0,0,406.272494546793,0,0,76.5140235843754,0,0,0,0,0,0,0,0,0,0,0,0,0,0,0,0,0,0,0,0,0,0,0,0,0,0,0,0,0,0,0,0,0,163.996757366342,248.188988693853,0,0,0,0,0,0,0,0,0,0,0,0,0,0,0,432.777357146421,65.3153141949566,0,8.67393367311792,0,23.9622915356227,0,0,0,229.72850021276,0,0,0,0,0,0,0,0,0,0,0,0,0,0,0,0,31.0844850851698,133.849443918852,0,0,0,0,0,0,0,0,0,0,0,0,0,0,0,0,0,0,0,0,0,0,0,0,0,0,153.050896311784,0,9.22736243144188,19.5269618278125,0,0,0,0,0,0,0,0,0,0,0,0,1.30307194082606,11.2963112279557,0,11.6924093717805,0,0,0,0,0,0,89.8698728886834,0,0,224.140265714731,0,1899.03167099929,0,0,0,0,65.1078482146398,0,0,0,0,0,0,0,0,0,87.4852179026392,0,0,0,0,0,0,0,0,0,0,0,0,0,0,0,0,0,0,0,0,0,0,0,0,0,0,0,0,0,0,0,0,0,0,0,0,0,0,377.216625051678,0,0,165.54131565595,0,0,32.4862167193113,222.744159104515,0,15.4600938400811,0,0,21.1656394528483,0,0,0,0,0,0,0,0,0,0,0,0,0,0,0,0,0,0,0,0
"KAD_LUPE_Transect 4",0,0,25.4413164497034,0,0,20.147477780391,0,10.8840277329697,0,0,0,0,0,0,0,0,0,0,0,0,0,0,0,0,98.0572429287509,0,0,0,0,0,0,0,0,0,0,0,0,0,0,0,102.882975424715,0,0,175.640487857387,0,0,0,0,0,0,0,0,0,0,291.565068416558,0,286.815879081046,0,0,32.8454839190449,0,0,0,0,0,129.06309939173,0,0,0,0,0,0,0,0,0,0,0,0,0,0,0,0,0,84.6053619063068,0,0,0,0,0,0,0,29.8171912785639,0,0,0,0,0,0,0,0,0,0,0,87.0868783994215,0,0,32.882028925266,0,0,0,50.3617824448928,0,0,49.4441839410629,0,0,0,0,0,0,0,0,0,0,0,0,0,5.81042858363213,0,0,0,0,0,0,0,0,193.138038042008,0,0,222.747636984527,0,7467.50199913563,31.3790152685725,0,0,0,30.0699272960026,0,0,0,0,0,0,0,0,0,197.748216777139,0,0,0,0,0,0,0,0,0,7.88983088965916,0,0,0,0,158.038085623304,0,0,0,0,0,0,0,0,400.433777076554,0,0,0,0,0,59.856620764863,0,0,0,0,0,0,0,0,279.210504318748,0,0,0,0,0,64.9724334386226,12.0713046557171,0,15.4600938400811,0,0,14.1104263018989,24.3716201454805,11.582913172075,0,0,0,0,0,0,0,0,0,0,0,0,0,0,0,0,0,0
"KAD_LUPE_Transect 5",0,0,121.721012853355,0,0,20.147477780391,0,0,0,0,0,0,0,24.5207507617124,0,0,0,0,0,0,0,0,0,0,0,0,0,0,0,0,0,0,0,0,59.4160606170177,0,0,0,0,0,183.407231418064,0,0,2586.32378281074,0,0,0,0,0,0,0,0,0,0,291.565068416558,0,0,0,0,19.4858074645109,0,4.09238263204025,0,0,0,0,14.7577211024633,0,0,0,0,0,0,0,0,0,0,0,0,0,0,0,0,30.0800228869879,0,0,0,0,0,0,0,0,0,0,0,0,0,0,0,10.3114100926577,0,0,0,0,0,0,0,32.2406711345183,0,0,0,0,147.847752120817,271.26811505922,0,0,0,0,0,0,0,0,0,0,0,10.518463763573,2.60614388165212,22.2572899112374,0,0,0,0,0,0,0,90.4008618375724,170.097590097565,0,0,124.914126768064,0,773.322877179979,0,0,56.4225753073783,0,0,0,0,0,0,0,0,0,11.3424234310011,0,0,0,0,0,0,0,0,0,0,0,0,16.9079250318854,0,0,0,0,0,0,0,0,0,0,0,132.439711512442,0,0,0,0,0,0,0,0,34.5595282109639,0,0,0,0,0,0,275.265385589289,0,3.52977566074179,165.54131565595,0,0,162.431083596557,0,71.7267438988992,0,14.7715668864234,0,0,0,0,16.4943764862544,33.495411747636,0,0,0,0,0,0,0,0,0,0,0,0,0,0,0,0
"KAD_MaiDive_Transect 2",0,0,0,0,0,0,0,0,0,0,0,0,0,189.957820251403,0,0,0,0,0,0,0,0,0,0,0,111.731984866102,0,0,0,0,0,0,0,0,0,0,0,0,0,0,0,0,0,0,0,0,0,0,0,0,0,0,0,0,259.331732154539,0,1587.0802887164,0,0,0,0,158.588244916534,0,0,0,0,0,0,0,0,0,0,0,0,0,0,0,0,0,0,0,0,0,0,0,0,0,0,0,0,0,0,0,0,0,0,0,0,0,0,0,0,0,0,0,0,0,0,0,0,0,0,0,0,0,0,0,107.810936562196,0,0,0,0,0,0,0,0,0,9.6377857517232,12.9036032283057,0,0,0,0,0,0,0,53.2776618708893,0,118.353780199358,75.8148588588227,0,0,0,0,0,281.168350598189,29.8267859159986,0,0,0,0,0,0,0,0,0,0,0,0,0,0,0,0,0,0,0,0,0,0,0,0,0,0,0,0,0,0,0,0,0,0,0,0,0,0,0,0,0,0,0,0,0,0,0,0,1288.05174896675,0,0,0,0,0,56.0176188861045,0,0,0,0,0,7.05521315094944,10.8893152594305,0,0,0,1458.08440981341,0,0,0,0,0,0,0,0,0,0,0,0,0,0,0
"KAD_MaiDive_Transect 3",0,0,163.464467119018,0,5.74914617770912,40.5955259101722,0,0,0,0,0,0,0,0,0,0,0,0,0,0,0,0,0,0,0,0,0,0,0,0,0,0,0,0,0,0,0,0,0,0,217.30909907658,0,0,0,0,0,0,0,0,0,0,0,0,0,1547.54940260772,0,3189.19625186828,0,0,0,0,28.2673453405534,0,0,0,0,0,1.92701582526422,0,0,0,0,0,0,0,0,0,537.11308583136,0,0,0,0,0,0,102.04904525934,0,0,0,0,0,0,0,0,0,0,0,0,0,0,0,0,0,0,0,0,0,11.4830221388309,0,0,0,0,0,10.0227651059479,28.0668542252534,0,0,0,0,0,0,0,0,0,0,0,0,3.12451831497819,22.0689479500992,29.4318039035606,0,0,0,0,0,0,0,0,0,0,154.571563778813,0,0,0,0,0,0,0,0,0,0,0,0,0,0,148.456404224543,0,0,0,0,0,0,0,0,0,0,22.182019773784,0,0,0,0,0,0,0,0,0,0,0,0,0,0,0,0,0,0,0,0,0,0,0,0,0,0,0,0,0,7583.86554672459,0,0,0,0,0,659.343411440348,8.30233109526258,465.786330984738,0,0,0,0,0,0,0,20.9599743030566,652.256702586027,0,0,0,0,0,0,0,0,0,0,0,0,0,0,0
"KAD_MaiDive_Transect 4",0,0,254.025723543319,0,0,5.9429443217022,0,0,0,0,0,0,0,658.833354661603,0,0,0,0,0,0,0,0,0,0,0,0,0,0,0,0,0,0,0,0,0,0,0,0,0,0,363.007983365972,0,0,0,0,0,0,0,0,0,0,0,0,0,2580.4997120081,0,5993.2121978809,0,0,6.33336042182034,0,101.515033297062,0,0,0,0,0,0,0,0,0,0,0,0,0,0,0,0,0,0,0,0,16.8213919675842,30.0800228869879,0,0,0,0,0,0,0,0,0,0,0,0,0,0,0,0,0,0,0,0,0,0,33.5843793802398,0,0,0,0,0,0,14.0334271126267,0,0,0,0,0,0,0,0,0,0,0,0,17.2460871579821,98.2831120282215,24.4974646553232,0,0,0,0,0,0,0,0,0,0,186.877819912833,0,0,0,0,0,0,0,0,172.428851055149,0,0,0,0,0,16.9187735667466,0,14.6372448934944,0,0,0,0,0,0,0,0,0,0,0,32.3920790434078,0,0,420.932509696943,0,0,0,0,0,0,0,0,0,0,0,0,0,0,0,0,0,0,0,0,0,0,0,3197.54992149467,0,0,0,0,0,205.729071313551,0,534.604811168192,0,0,0,7.05521315094944,32.6679457782915,0,0,88.2981861848904,0,0,0,0,0,0,0,0,0,0,0,0,0,0,0,0
"KAD_MaiDive_Transect 5",0,0,88.1770238920124,0,0,0,0,0,0,0,0,0,0,77.74876938787,0,0,0,0,0,0,0,0,0,0,0,0,0,0,0,0,0,0,0,0,0,0,0,0,0,0,0,0,0,0,0,0,0,0,0,0,0,0,0,0,2340.46256870768,0,223.699125816308,0,0,0,0,0,0,0,0,0,0,7.23539590232524,0,0,0,0,0,0,0,0,0,0,0,0,0,0,0,0,0,0,0,0,0,0,0,0,0,0,0,0,0,0,0,0,0,0,0,0,0,6.8957867938809,0,0,0,0,64.1760917715758,0,0,0,0,0,0,0,0,0,0,0,0,0,0,0,28.3047793790861,0,0,0,0,0,0,0,0,0,53.2776618708893,0,0,0,0,0,0,0,0,104.632718220454,0,0,0,0,0,0,0,0,7.89846718995486,0,0,0,0,0,0,0,0,0,0,0,0,0,0,0,0,0,0,0,0,0,0,0,0,0,0,0,0,0,0,0,0,0,0,0,0,0,0,0,0,971.224202417794,0,0,0,65.1531213872984,0,168.546371713258,16.6046621905252,410.240436434413,0,0,0,0,10.8893152594305,0,0,0,390.483728352056,0,0,0,0,0,0,0,0,0,0,0,0,0,0,0
"KAD_MaiDive_Transect 6",0,0,0,0,0,55.086826875092,0,0,0,0,0,0,0,86.5388163751597,0,0,0,0,0,0,0,0,0,0,0,0,0,0,0,0,0,0,0,0,0,0,0,0,0,0,0,0,0,0,0,0,0,0,0,0,0,0,0,0,2404.48783522455,0,968.741215712847,0,0,0,0,137.306877226445,0,0,0,0,18.2027438682068,0,0,0,0,0,0,0,0,0,0,264.028772757481,0,0,0,0,0,0,0,0,0,0,0,0,0,0,0,0,0,0,0,0,0,20.6228201853154,0,0,0,0,6.35239794284032,122.559171083354,0,0,0,0,128.352183543152,0,0,0,0,0,0,0,0,0,0,0,0,0,0,0,22.0512388075848,27.4691510765066,0,0,0,0,0,0,0,0,0,0,0,48.968831692741,0,0,0,0,0,0,0,0,0,0,0,0,0,0,39.4940350879787,0,0,79.1047632905739,0,0,0,0,0,0,0,0,0,0,0,0,0,0,0,0,0,0,0,0,0,0,0,0,0,0,0,0,0,0,45.5392477788602,0,0,0,0,0,0,4496.67614620718,0,0,0,0,0,565.87269623337,4.15116554763129,72.1752837544886,0,0,0,0,0,0,0,0,0,0,0,0,0,0,0,0,0,0,0,0,0,0,0,0
"KAD_ROB_Transect 1",0,0,352.174087287011,0,0,0,0,0,0,0,0,0,0,0,0,0,0,0,0,0,0,0,0,0,198.148678704612,0,0,0,0,0,0,0,0,0,0,0,0,0,0,0,0,0,0,0,0,0,15.2507200641267,0,0,0,0,0,0,0,0,0,0,194.824466362756,0,97.9890622520857,0,4.02471493018191,0,0,0,0,52.5973097886999,0,0,0,0,0,0,0,0,0,0,0,0,0,0,0,0,19.7347495290182,0,0,0,0,0,0,0,0,0,0,0,0,0,110.91026780798,0,0,0,0,0,0,0,0,0,0,0,0,0,0,12.2497646338994,81.983524455869,0,139.544057139197,0,0,0,0,0,0,0,0,0,0,0,6.11026950729369,0,0,0,0,0,0,0,0,42.5108325726516,0,219.248103465436,324.86602023331,0,1689.75860595515,0,0,119.741852564149,0,0,0,0,0,0,0,0,0,0,0,129.776945249937,0,0,0,0,0,0,0,0,0,0,0,0,0,0,0,0,0,0,0,0,0,0,0,0,0,0,0,0,0,0,0,0,0,0,0,0,0,0,672.486170063714,0,0.956344312328413,0,0,0,423.182263240228,25.4899837578898,413.560114394048,119.899801847643,0,0,2.24958552871089,0,0,0,33.9998368683534,0,0,0,0,0,0,0,0,0,0,0,0,0,0,0,0
"KAD_ROB_Transect 2",0,0,121.372762282023,0,0,74.3234756881523,0,0,0,0,0,0,0,32.476806916045,0,0,0,0,0,0,0,0,0,0,477.445770158827,0,0,0,0,0,0,0,0,0,0,0,0,0,0,0,0,0,0,0,0,0,0,0,0,0,0,0,0,0,0,0,0,0,0,11.2891786945456,249.344290899972,69.3769167397365,0,0,0,0,0,0,0,0,0,0,0,0,0,0,0,0,0,0,0,0,11.8263874487685,63.94814127483,0,0,0,0,0,0,0,0,1019.85734353539,0,0,0,0,0,0,0,0,0,0,0,0,0,0,0,0,0,95.0563841552148,0,0,163.967048911738,0,0,0,0,0,0,0,0,0,0,0,0,0,7.79808123233526,0,0,0,0,0,0,0,0,119.434784205711,0,0,32.9467979995721,0,1445.93294137257,0,113.525514790732,152.804538748597,0,0,0,330.596331446857,0,0,0,0,0,0,0,84.3255642806508,0,0,0,73.1672948972725,0,0,0,0,0,0,0,0,0,0,129.688357936003,0,0,0,0,0,0,0,0,0,0,0,0,0,0,0,79.6785147894622,0,0,0,320.273281222184,0,0,0,161.130580843665,0,0,18.8835361455441,0,0,105.795565810057,13.4034277939528,556.128957544219,119.899801847643,0,0,0,24.3716201454805,0,0,43.3662992573606,0,0,0,0,0,0,0,0,0,0,0,0,0,0,0,0
"KAD_ROB_Transect 3",29.1534953168026,0,242.226749906387,0,0,37.3383141792622,0,0,0,0,0,0,0,30.7669651091334,0,0,0,0,0,0,0,0,0,0,360.238529926752,0,0,0,0,0,0,0,0,0,75.8406160332265,0,35.6190079291131,81.1473584918582,0,0,0,0,0,0,0,0,5.50682887465484,0,0,0,0,0,0,0,168.57379437131,0,380.595960394597,0,0,0,34.8466962670931,10.2584420048111,0,0,0,0,0,0,0,0,0,0,0,0,0,0,0,0,0,0,0,0,23.652774897537,0,19.6351562648719,0,0,0,0,0,0,0,0,0,0,0,0,110.91026780798,0,0,0,0,0,0,0,0,0,0,0,0,0,0,324.921568069342,97.1269005479885,0,0,0,0,0,0,0,0,0,0,0,0,0,0,88.2517809951544,0,0,0,0,0,0,0,34.4370010670783,0,65.1942799158943,395.888011174956,0,0,0,0,0,0,0,0,0,0,0,0,0,0,0,0,219.436705305426,0,0,0,0,0,0,0,0,0,0,0,0,0,0,0,0,0,0,0,0,0,0,0,0,0,0,0,0,0,0,0,0,0,0,0,0,0,0,1053.89938070726,0,0,18.8835361455441,0,0,105.9991900584,13.4034277939528,273.892554199611,119.899801847643,0,0,4.49917105742178,0,0,0,52.1831230860892,239.197356706467,0,0,0,0,0,0,0,0,0,0,0,0,0,0,0
"KAD_ROB_Transect 4",0,0,129.426688181397,0,0,47.938426409652,0,0,0,0,0,0,0,0,0,0,0,0,0,460.369612306381,0,0,0,0,65.237013669521,0,0,0,0,0,0,0,0,0,51.6928857508092,0,749.816158768748,0,0,0,241.963553343122,0,0,0,0,0,0,0,0,0,0,0,0,0,0,0,205.167217277722,0,0,19.7560627154549,0,16.0988597207276,0,0,0,0,15.8682313888815,0,0,0,0,0,0,0,0,0,0,326.079068435629,0,0,0,0,0,0,36.7139552888732,0,0,0,0,0,0,0,0,0,0,0,0,110.91026780798,0,0,0,0,0,0,0,0,0,9.8789099023201,0,0,95.0563841552148,0,0,393.434966921103,0,0,0,0,0,0,41.0130532045938,0,0,0,0,0,0,3.89904061616763,0,0,0,0,0,0,0,0,0,0,0,43.8371333861038,0,0,0,0,0,0,0,0,0,0,0,0,0,0,0,0,143.088681460927,0,0,0,0,0,0,0,0,0,0,0,0,0,0,129.688357936003,0,0,0,0,0,0,0,0,0,0,0,0,0,0,0,0,0,0,0,0,0,0,0,795.493870277623,29.0426809948039,0,0,0,0,0,1.99387850160295,36.8756081233718,0,0,0,0,48.743240290961,0,0,0,79.7324522354891,0,0,0,0,0,0,0,0,0,0,0,0,0,0,0
"KAD_ROB_Transect 5",0,0,270.74698645036,0,0,95.7487287264739,0,0,0,0,0,0,0,0,0,0,0,0,0,767.135773229625,0,0,0,0,10862.5559537709,0,0,0,0,0,0,0,0,0,213.097372815868,0,0,0,0,0,0,0,0,0,0,0,0,0,0,0,0,0,0,0,483.580649885655,0,489.307603109533,0,0,7.44317056151155,0,1.40356243242766,0,0,0,0,28.6088693636492,0,0,0,0,0,0,0,0,0,0,0,0,0,0,0,11.8263874487685,97.8743551020592,0,0,0,0,0,0,0,0,474.157443246924,0,0,0,0,0,0,0,0,0,0,0,0,0,0,0,21.2504559738011,0,47.5281920776074,0,84.6481684787806,116.941102001436,0,0,0,0,0,0,0,0,0,0,12.3984541244253,0,1.30307194082606,27.8668254614054,0,0,0,0,0,0,0,0,0,0,0,257.350319834559,0,126.82511809958,0,0,0,0,0,0,0,0,0,0,0,0,0,0,63.2701939331537,0,0,0,0,0,0,0,0,0,0,0,0,0,0,0,0,0,0,0,0,0,0,0,0,0,0,0,0,0,0,0,0,0,0,0,0,0,0,637.731834278095,150.164134085739,0.956344312328413,0,0,0,2003.37239107298,32.3052761838722,68.4731385499027,119.899801847643,0,0,4.49917105742178,0,0,0,16.9999184341767,0,0,0,0,0,0,0,0,0,0,0,0,0,0,0,0
"KAD_VURRO_Transect 1",0,0,0,0,0,37.5240181397115,0,0,0,0,0,0,0,35.8269268770193,0,0,0,0,0,0,0,0,0,0,135.102167822484,0,0,0,0,0,0,0,0,0,0,0,0,0,0,0,0,0,0,0,0,0,0,0,0,0,0,0,0,0,0,0,0,218.957642392169,0,8.46799914138407,99.4929459435302,87.4573876473399,0,0,0,205.244527372934,0,0,0,0,0,0,0,0,0,0,0,0,0,0,0,0,0,0,0,0,0,0,0,0,0,0,0,0,0,0,0,0,0,0,0,0,0,0,0,0,97.6656052833814,0,0,0,0,0,0,0,0,1290.50523517387,0,119.867647220512,0,0,0,0,0,0,0,0,0,23.4615229535671,200.449166952916,0,0,0,0,0,159.584544244292,0,0,0,0,51.7230303742685,0,0,0,0,0,31.0768309236736,0,0,0,0,0,0,0,0,5.44547062466134,0,302.709061343979,0,0,0,0,0,0,0,0,0,0,0,0,0,0,203.96678055559,0,13.1590236709859,0,0,0,0,0,0,0,0,40.8243338869071,0,0,0,0,0,0,0,0,0,0,0,0,578.666973162506,37.4427058053998,0,0,0,0,268.635261022612,35.4800670053898,82.9782334870746,0,0,9.27398527891746,84.0311986858052,0,0,0,0,0,0,0,0,0,0,0,0,0,0,0,0,0,0,0,0
"KAD_VURRO_Transect 2",0,0,0,0,0,0,0,8.8676799935076,0,0,0,0,0,0,0,31.7360133723319,0,0,0,0,0,0,0,0,387.97198585219,0,0,0,0,0,0,0,0,0,0,0,79.5430943339799,0,0,0,0,0,0,0,531.555134419783,0,0,0,0,0,73.6711849197944,0,0,0,0,0,379.43406382036,0,0,18.0660922851614,0,79.8791382306619,0,0,0,719.547933441046,0,0,0,0,0,0,0,0,0,0,0,977.82670699623,0,16.0044348072195,0,0,11.0391260203989,0,0,0,0,0,0,0,0,0,0,0,0,0,0,0,0,0,0,0,0,12.2993261407427,0,0,26.1519240418087,0,0,0,0,6.1434002775334,0,0,0,802.778383164387,0,0,0,0,0,0,0,0,0,107.16250510453,0,0,11.5836418421786,0,0,0,0,0,0,0,38.3261561665508,0,0,101.324301214586,0,0,0,0,52.7297414263951,31.364288928386,167.961466128548,0,46.2735589281446,0,0,0,0,0,44.7928510164456,0,217.786042838407,0,0,0,0,0,0,0,0,0,0,0,0,0,0,0,0,13.1590236709859,0,0,0,0,0,0,0,0,0,0,0,0,0,0,0,0,0,0,0,2584.96701004165,96.3494922433852,778.447869855155,0,0,0,0,0,1131.34396338815,11.617132947764,37.2735038890477,0,0,0,79.979488968456,0,0,0,0,0,0,0,0,0,0,15.2085651802975,0,0,0,0,0,0,0,0,0
"KAD_VURRO_Transect 3",0,0,219.748406740495,0,0,50.4682703708198,0,8.8676799935076,0,0,0,0,0,199.159579998477,0,0,0,0,0,0,0,0,0,0,0,0,0,0,0,0,0,79.5075182638554,0,0,0,0,0,0,196.471903915153,0,0,0,0,0,0,0,0,0,0,0,0,0,142.471457543979,0,0,0,0,169.475693471138,0,0,492.374797382013,54.2154555407922,0,0,0,259.267435473198,49.0350316163333,34.1011885085655,0,0,0,0,0,0,0,0,0,672.720756072121,0,0,0,0,0,0,0,0,0,0,0,0,0,189.896376307849,0,50.9178308314108,0,0,0,32.78041005461,0,0,0,0,0,5.08069222229645,188.083848609209,25.011785896992,0,0,6.45347412985603,0,0,0,0,155.273366290731,0,253.142570256695,0,0,0,0,1871.41686431325,0,0,0,0,0,9.70628896635566,79.9825811898752,119.036288645329,68.6442165697536,0,0,0,0,0,0,122.300279456544,0,0,106.912892090011,0,90.1753588687868,0,0,0,14.3340493171322,33.1368938916536,0,0,0,0,0,0,0,299.797395371894,0,13.504013280823,0,0,0,0,0,0,0,0,0,0,0,63.952481704302,0,0,0,0,0,0,0,0,0,0,0,0,0,0,0,0,0,0,0,0,0,0,0,0,0,0,520.873816825364,39.553372640922,0,0,0,0,1819.0045090025,42.9649161906128,25.0613504362481,15.9442424982502,0,4.63699263945873,11.5101152121487,0,0,0,0,0,0,0,0,0,0,0,0,0,0,0,0,0,0,0,0
"KAD_VURRO_Transect 4",0,0,717.034992170434,0,0,59.6350699040591,0,0,0,0,0,0,0,0,0,0,0,0,0,0,0,0,0,0,0,0,0,0,0,0,0,0,0,0,0,0,0,0,0,0,25.1762624387139,0,0,0,0,0,0,0,0,0,0,0,0,0,0,0,0,0,0,26.8100604992037,66.0158523577584,6.59044294674304,0,0,0,0,0,0,0,0,0,0,0,0,0,0,0,0,0,0,0,0,0,0,0,0,0,0,0,0,0,0,0,0,0,0,0,0,0,0,0,0,0,0,0,43.0018392826662,0,0,0,0,0,0,0,2.42643259154375,0,0,0,0,0,0,5.47803790992269,0,0,0,0,0,10.216092110614,45.0761901712838,42.8195542776376,0,0,0,0,0,0,0,113.620355347127,0,0,102.99550147375,0,0,0,0,0,4.46556424675239,5.84099390368893,0,0,0,0,0,0,0,0,0,0,0,0,0,0,0,0,0,0,0,0,0,0,0,0,0,0,0,0,0,0,0,0,0,0,0,0,0,0,0,0,0,0,0,0,0,0,0,0,509.499485922648,0,0,0,0,0,2420.18100123339,0,0,0,0,0,7.05521315094944,0,0,0,0,0,0,0,0,0,0,0,0,0,0,0,0,0,0,0,0
"KAD_VURRO_Transect 5",0,0,834.642584995447,49.1528578533488,0,0,0,0,0,0,0,0,0,0,0,0,0,0,0,0,0,0,0,0,270.251166603798,0,0,0,0,0,0,0,0,0,0,0,79.5430943339799,0,196.471903915153,0,280.17066062746,0,0,0,0,0,0,0,0,0,0,0,0,748.983454752904,0,0,0,125.058636599216,0,14.6766672141098,0,0,0,0,0,0,0,1.1653574523517,0,0,0,0,0,0,0,0,0,345.487509868236,0,0,0,0,20.5164555577454,0,0,0,0,0,0,0,0,0,0,0,0,0,0,0,0,0,593.693089758891,0,0,0,0,10.1880191371136,0,0,0,0,163.115469164535,0,0,0,0,0,0,0,0,0,0,0,0,0,0,0,0.744918468137369,52.5224291416939,54.801285124526,28.6973875624006,0,0,0,0,0,0,253.031271424902,0,0,0,0,0,0,0,0,0,25.4075022012306,0,0,0,0,0,0,0,41.7889258705493,0,21.8736988693499,0,0,0,0,0,0,0,0,0,0,0,0,0,0,163.163823331796,0,0,0,0,0,0,0,0,0,0,0,0,0,0,0,0,0,0,0,0,0,0,0,1793.82404777955,0,0,0,0,237.541269140656,3808.32888058544,5.05063260728973,115.69283728708,0,0,0,0,24.3716201454805,0,0,175.192642610905,0,0,0,0,0,0,0,0,0,0,0,0,0,0,0,0
"KAD_VURRO_Transect 6",0,0,746.024036129425,0,0,0,0,0,0,0,0,0,0,0,0,0,0,0,0,0,0,0,0,0,44.1998786688687,0,0,0,0,0,0,0,0,0,0,0,0,0,0,0,350.46472902217,0,0,326.682425183268,0,15.2167949947173,0,0,0,0,0,0,0,0,0,0,116.422851852059,0,0,14.8170010282839,0,0,0,19.2544479855863,0,0,0,0,0,0,0,0,0,0,0,0,0,608.673852263046,0,0,0,0,15.2937429654693,0,0,0,0,0,0,0,0,0,0,0,0,0,0,0,0,0,0,145.716826804444,0,0,0,12.505892948496,104.777686461245,0,0,0,0,0,0,26.7328700515467,0,0,0,0,0,0,124.518014372515,0,0,0,0,0,6.45196350085791,83.2028554370928,122.898436244616,0,0,0,0,0,0,0,142.970162679611,0,221.198464707436,27.2711435242169,0,0,0,30.3049942807444,33.2371959309507,0,0,0,0,0,0,0,0,0,2.05597306225373,0,0,0,0,0,0,0,0,0,0,0,0,0,0,0,0,0,0,0,0,0,0,0,0,0,0,0,0,0,0,0,0,0,0,0,0,0,0,0,0,1218.89614274507,0,0,0,2.73801140834433,0,1096.24670272593,1.74587045871012,0,0,0,0,14.1104263018989,48.743240290961,0,0,104.502667804147,0,0,0,0,0,0,0,0,0,0,0,0,0,0,0,0
"KUA_Back_Transect 1",58.2790428785733,0,648.805838563908,0,0,0,0,9.2404117705728,0,0,0,56.8146148236555,0,0,0,0,0,369.42136293933,697.409236270812,0,0,0,0,0,191.122180203168,0,0,0,0,0,0,0,0,0,0,0,0,164.822049998623,0,0,436.460377004043,0,0,164.305658231271,0,0,0,0,0,0,0,0,0,0,0,0,108.378271024223,0,0,0,0,0,0,0,0,0,0,12.3773587937011,0,0,0,0,0,0,0,3.60477794910701,0,0,0,0,0,0,0,0,0,0,0,0,0,0,284.973800828622,0,0,0,0,0,0,0,0,0,0,0,0,0,0,13.6330418532998,0,4.43081656323851,0,0,0,0,0,13.4429298014154,0,53.1017326245274,0,75.6136348801754,0,0,1022.7941412807,0,0,18.4258306217002,0,34.0906553026482,0.929034572153416,4.42948416974696,198.492378580184,0,0,0,0,0,0,0,149.493577463128,0,440.667734697158,0,0,0,0,0,0,0,0,0,0,0,0,0,0,0,166.845136440406,0,53.8160297338659,0,0,0,0,0,0,0,0,0,0,0,0,0,0,0,0,0,0,0,0,0,0,0,0,0,0,0,0,0,0,0,0,0,0,0,0,0,0,132.785356444177,0,0,0,19.9097712355717,0,175.819227532531,0,0,0,0,0,164.927247956926,0,0,0,105.099015915208,0,0,0,0,0,0,0,0,0,0,0,0,0,0,0,0
"KUA_Back_Transect 2",35.4124930148996,0,53.7933716254688,0,0,0,0,0,0,0,0,1043.21969213311,0,0,0,0,0,0,6543.08883269739,163.755237343062,0,0,0,0,1084.13973099587,0,738.578889653997,0,0,0,0,213.654593423106,0,0,0,0,0,712.744091460568,253.303960153878,0,159.249257208134,0,0,0,0,0,4.83243811814047,0,0,0,0,0,0,0,0,0,488.907183492581,142.92039853496,0,0,0,0,0,0,0,0,0,0,0,1.26325953321089,0,0,0,0,0,0,0,0,0,0,0,0,0,0,0,0,0,0,0,0,0,0,0,0,0,55.4118030831867,0,0,0,0,0,0,0,0,0,0,0,0,0,0,0,0,95.7739526336493,111.518602032572,78.9539441714134,106.203465249055,0,0,0,0,306.246631362052,0,0,0,0,57.7431127876829,0,0,190.251273064424,0,0,0,0,0,0,0,18.1430858478513,0,0,0,0,0,0,0,0,0,0,0,0,0,0,0,0,0,95.9236133687727,5.72765814448348,23.9225522447492,0,0,0,0,0,0,0,0,0,0,0,0,67.3766303436458,0,0,0,0,0,0,0,0,0,0,0,0,0,0,0,0,0,0,0,0,0,0,0,0,0,192.635645387395,0,0,0,0,0,0,5.82632374543956,0,0,99.8878506187084,0,138.202663186802,0,0,0,727.962852228545,0,0,0,0,0,0,0,0,1690.07205481058,0,0,0,0,0,0,0
"KUA_Back_Transect 3",179.163942781253,0,367.630787001735,0,0,83.2841707361342,0,16.7534504364733,0,666.172647104373,0,0,0,0,0,0,0,0,0,0,0,0,0,0,0,0,0,0,0,0,0,0,0,0,0,0,0,728.135416954776,0,0,714.876862423946,0,0,0,0,0,0,0,0,0,0,0,0,0,0,0,0,0,0,0,0,0,0,0,0,0,0,0,0,0,0,0,0,0,0,51.0398822109297,0,0,0,0,0,0,0,0,0,0,0,0,0,0,0,0,0,0,0,55.4118030831867,0,0,150.814334178713,0,0,22.8129316897123,0,29.6515920785556,0,382.576370945273,0,0,0,0,0,0,0,441.108374974986,110.211770575559,0,0,0,0,0,0,0,0,0,0,9.79642820639792,13.2255569576153,0,0,0,0,0,0,0,0,0,0,0,0,0,0,0,0,0,0,65.3095052130457,0,15.8583590514711,0,0,0,0,0,0,0,0,0,0,0,0,0,0,0,0,0,0,0,0,0,0,0,0,0,0,18.8337903823588,363.256827210784,0,0,0,0,0,0,0,0,0,0,0,0,0,0,0,0,0,0,0,256.440320935297,0,0,0,0,0,117.212818355021,0,0,0,0,0,28.6908255145004,0,0,0,19.9297009863615,0,0,0,0,0,0,0,0,0,0,0,0,0,0,0,0
"KUA_Back_Transect 4",196.884452713273,0,316.327808790803,0,0,45.7564095549374,0,33.3463729981146,0,615.614853448413,0,0,0,0,0,0,0,0,0,0,0,0,0,0,0,0,0,0,0,0,0,106.827296711553,0,0,0,0,0,0,0,145.330829979305,968.715275028154,0,0,1526.08770624484,0,0,0,0,0,0,0,0,0,0,0,0,543.604122686003,162.693152303703,0,0,35.8492003895494,0,0,0,0,0,0,0,0,0,0,0,0,0,0,0,0,0,0,0,77.8176863810172,0,0,0,0,0,0,0,0,0,0,0,0,0,0,0,0,0,0,0,0,0,0,0,0,121.435239669449,0,0,0,0,0,0,0,0,0,212.40693049811,0,0,0,0,0,0,0,19.9989771722077,0,65.5650148623904,7.05780688112568,0,13.1642259316024,10.0229877871421,0,0,0,0,0,0,0,0,90.6130738538024,0,0,0,0,0,0,0,0,15.8583590514711,0,0,0,0,0,0,9.10297499909734,11.455316288967,0,0,0,0,0,0,0,0,0,0,0,0,0,0,0,0,0,0,0,0,0,0,0,0,0,0,0,0,0,0,65.8565504548452,0,93.1055757947239,0,0,0,0,0,0,1077.5836491577,0,0,0,0,0,175.819227532531,0,72.6565888453382,0,0,0,207.303994780203,0,0,0,80.2061215777003,0,0,0,0,347.257211793622,0,0,0,0,0,0,0,0,0,0,0
"KUA_GOAT_Transect 1",363.783162910813,0,0,0,0,0,0,18.7422967991726,0,0,0,0,0,0,0,0,0,81.7978939365358,0,0,0,0,0,0,0,0,0,0,0,0,0,0,0,0,171.075507429453,0,0,0,0,0,56.9311707196692,0,0,0,531.555134419783,0,0,0,0,0,0,0,0,0,378.669923117634,0,135.479348667599,0,0,0,59.8416295931438,0,0,0,0,0,0,10.740616310382,42.6246224023222,0,79.9535529938499,0,0,0,0,0,0,0,0,0,45.9013501423479,0,0,0,0,0,0,0,0,0,0,0,0,0,0,0,0,0,0,0,0,0,0,0,0,0,0,0,0,0,0,0,399.261956567509,410.499437639971,5797.94906108025,0,384.142663573709,0,0,0,49.3973595577812,0,0,0,0,28.7039990882061,2.84723526017828,42.4975156441542,32.2203340743399,0,0,0,0,0,0,0,61.2146203479222,0,0,0,0,0,0,0,0,0,0,0,0,0,0,0,0,0,253.186749071794,0,16.341431462745,0,0,0,0,0,0,0,0,25.1798703834045,0,33.302841034108,0,0,0,0,0,0,0,0,0,0,0,0,0,0,0,97.0903432199992,0,0,0,0,25.4234953682026,0,0,0,0,346.900436315075,0,0,0,0,1.03588134311806,0,0,28.2373413042725,17.8168577906027,0,0,0,112.309267835035,80.2337565681548,0,0,0,103.261722763671,0,0,0,0,0,0,0,0,0,0,0,0,0,0,0,0
"KUA_GOAT_Transect 2",23.6387391733741,0,36.587286116886,0,0,25.7837734722868,0,0,0,0,0,0,0,0,0,0,0,0,0,0,0,0,0,0,0,0,0,0,0,0,0,0,0,0,145.304554188597,0,0,100.105155196976,0,0,32.4148868569324,0,0,0,0,0,5.43130914145688,0,0,0,0,0,0,0,0,0,17.4122946197533,0,0,0,0,0,0,0,0,0,0,12.9468759912352,0,0,0,0,0,0,0,0,0,0,0,0,0,0,15.1023623389403,0,0,0,0,0,0,0,0,0,0,0,0,0,0,0,0,0,0,0,0,0,0,17.8224534878472,61.7622425099665,0,0,0,0,0,1091.85544047431,213.862222171662,0,0,174.762888763449,0,0,0,132.984177284579,0,0,0,0,15.4675010526204,6.27831405392341,26.9628754824855,69.0447010826039,0,0,0,0,0,0,0,135.288450117629,0,0,0,0,0,0,0,0,0,0,0,0,0,0,0,0,0,242.745128924241,0,0,0,0,0,0,0,0,0,0,0,0,14.4365869081216,0,0,0,0,0,0,0,0,0,0,0,0,0,0,0,0,0,0,0,0,12.4376612683524,0,0,0,0,0,0,0,0,1.1872003451965,0,19.9097712355717,0,28.2373413042725,16.184584169553,552.166785522858,0,0,120.47938946095,586.853599412053,23.0545129036551,0,0,80.3656720986257,857.837669272693,0,0,0,0,0,0,0,0,0,0,0,0,0,0,0
"KUA_GOAT_Transect 3",114.922396160072,0,116.177265035965,0,0,0,0,28.7025563731037,0,235.185796361553,0,0,0,0,0,0,0,689.119712758578,0,0,0,0,0,0,0,0,0,0,0,0,0,0,4.60676981835906,0,157.053071336518,0,0,0,0,0,205.197734908026,0,0,0,0,0,0,0,0,0,0,0,0,0,0,0,0,0,0,0,29.8075971199396,0,0,0,0,0,0,3.27009691800321,83.9969452230846,0,0,0,0,0,0,0,0,0,0,0,0,0,29.7382733573436,0,0,0,0,0,0,0,0,0,0,0,0,0,0,56.6194522480458,0,0,0,0,17.9521940910434,3.30351867105705,0,23.3467090615727,180.573145100968,0,0,0,0,0,246.367176513248,353.492467142391,39.2658179420505,0,567.870685932815,0,0,0,18.3259053236033,0,0,0,0,231.043466536656,1.12558467801006,0,0,0,0,0,0,0,0,0,40.0674322836315,0,0,29.5645383912133,0,0,0,0,0,0,0,0,0,0,0,0,0,0,76.4782700953627,0,102.846876485872,0,0,0,0,0,0,0,0,0,0,0,0,0,0,0,0,0,0,0,0,0,0,0,0,0,0,0,0,31.862585801871,0,0,152.2438721833,0,0,0,0,0,0,22.5741643302534,0,0,31.0892033370994,0,0,58.4639614520502,2.40630574688165,80.2410871033824,0,0,216.589445947368,472.972277817605,0,0,0,0,0,0,0,105.064624527719,0,0,0,0,0,0,0,0,0,0,0,0
"KUA_GOAT_Transect 4",245.694266210831,0,192.366529053119,0,0,29.1954483692084,0,53.2749170898954,0,0,0,0,0,0,0,0,0,269.35393316677,0,0,0,0,0,0,0,0,0,0,0,0,0,0,0,0,132.398047389451,0,0,0,0,0,259.274263384044,0,0,0,0,0,0,0,12.7015339097309,0,0,0,0,0,0,0,634.041922949898,284.829585981275,0,0,0,0,0,0,0,0,14.7577211024633,0,0,0,0,0,0,0,0,0,0,0,0,0,0,0,31.0844850851698,0,0,0,0,0,0,0,0,0,0,0,0,0,0,26.7712467237588,0,0,0,111.786894620382,0,0,0.838254502671199,84.0072787831316,141.978715751683,0,0,0,0,0,312.540118992579,1185.98115906023,0,0,475.510609129713,0,0,0,0,0,0,0,0,525.393945677608,3.2693381470625,0,20.5563674770367,0,0,0,0,0,0,0,80.134864567263,0,0,0,0,0,0,0,0,5.74466573252873,0,0,0,0,0,0,0,0,63.1217973950837,4.96016755124699,5.18352096976198,0,0,0,0,0,0,0,0,0,0,0,0,0,0,0,0,0,1.42098263530918,0,0,0,0,0,0,0,0,0,0,58.6795374954361,0,0,0,0,0,0,0,0,0,90.0724838403987,48.0585633992387,0,0,0,0,548.215014399116,4.4634605459383,404.912320558295,7.97212124912512,0,0,332.358680871773,23.0545129036551,0,0,110.73469226934,945.450868497537,0,0,0,0,0,0,0,0,0,0,0,0,0,0,0
"KUA_MPA_Transect 1",0,0,314.070611856669,28.9905690771783,0,0,0,11.8592785476097,0,0,0,511.993340927047,0,0,0,0,0,0,0,0,0,0,0,0,0,0,0,0,0,0,0,0,0,0,0,0,157.860888172213,0,0,0,45.8534888020212,0,0,0,0,0,0,0,0,0,0,0,0,0,0,0,0,1033.63026940445,0,0,0,0,0,0,0,0,0,0,69.853622290892,0,0,0,0,0,0,0,0,0,0,0,0,0,10.9999069992043,0,0,0,0,0,0,0,0,0,0,0,0,0,0,0,0,0,0,10.696605191157,0,0,0,0,0,0,0,0,0,0,0,617.895231777511,0,0,0,0,0,0,0,0,0,0,0,0,0,0,96.8178520788987,0,0,0,0,0,0,0,0,0,0,0,0,0,0,0,0,0,20.3632976445824,0,0,0,0,0,0,0,0,0,111.775275948338,0,0,0,0,0,0,0,0,0,0,0,0,0,0,241.656739983347,0,0,0,0,0,0,0,0,0,0,0,0,0,0,0,0,0,0,0,0,0,0,0,522.579534320044,37.1915416027222,0,6.90978136792062,0,0,774.74698489643,13.6184854033968,0,0,0,0,34.7110969787898,0,0,0,15.0011548854239,189.228620771193,0,0,0,0,0,0,0,0,0,0,0,0,0,0,0
"KUA_MPA_Transect 2",0,0,292.114587883685,0,0,11.6054726426313,0,0,0,0,0,0,0,42.9804897816628,0,0,0,0,0,0,0,0,0,0,0,0,0,0,0,0,0,0,0,0,0,0,0,447.944149617467,0,0,0,0,0,0,0,0,0,0,0,0,0,0,0,0,0,0,243.387948779099,2152.12067656472,0,12.2823214803954,0,0.83839537068935,0,0,0,0,0,0,0,0,0,0,0,0,0,0,0,0,405.681584087995,0,0,0,0,0,0,0,0,0,0,0,0,0,0,0,0,0,0,0,0,0,0,0,0,3.45000121127589,0,0,0,0,0,0,0,0,0,0,0,0,0,0,0,0,0,0,0,0,0,0,0,8.51940715755327,25.4472664895174,0,0,0,0,0,0,0,43.7440899467033,0,0,0,0,0,0,0,0,0,0,0,0,0,0,0,0,0,36.7124115757693,0,6.72949598032948,0,0,0,0,0,0,0,0,0,0,0,0,0,0,0,0,0,0,0,0,0,0,0,0,0,0,0,0,0,0,0,0,0,0,0,0,0,0,476.54905826694,0,0,0,0,0,308.490532765841,37.7180554234161,0,0,0,0,69.4221939575796,0,0,0,48.3684509420082,0,0,0,0,0,0,0,0,0,0,0,0,0,0,0,0
"KUA_MPA_Transect 3",0,0,142.401003938219,0,0,44.4721753291533,0,70.9459847194964,0,0,0,0,0,0,0,0,0,0,0,0,0,0,0,0,0,0,0,0,0,0,0,0,0,0,79.855925697686,0,31.7393948855287,93.8662027176425,0,0,138.800919805056,0,0,0,0,2.63857342525749,0,0,0,0,0,0,0,2254.8640662648,0,0,0,782.517850986179,0,20.2536891795851,0,0,0,0,0,0,0,2.11429659238606,0,0,0,253.633773766258,0,0,0,0,0,0,0,0,0,0,0,0,0,0,0,0,0,0,0,0,0,0,0,0,0,0,0,0,0,0,0,4.92328603568222,0,0,21.3551386368207,0,0,0,0,0,0,300.552993713709,0,0,0,0,0,0,0,0,0,0,0,0,1.17609142143184,6.47590319817457,8.12946514286772,0,0,0,0,0,0,0,0,0,0,20.0771368417732,0,83.3373811204014,0,0,0,0,0,388.039320087021,0,0,0,0,0,0,53.1859436318483,0,0,0,0,0,0,0,0,0,0,0,0,0,50.4800656140459,0,0,0,0,0,0,0,0,0,0,0,0,0,0,0,0,0,0,0,0,0,0,0,0,0,0,1842.86863599471,0,0.592491709727478,0,0,0,442.765683543221,28.2954184883323,0,0,0,0,0,0,0,0,0,406.418099584298,0,0,0,0,0,0,0,0,0,0,0,0,0,0,0
"KUA_MPA_Transect 4",0,0,656.911728405613,0,0,27.9842259919497,0,8.65936451536864,0,0,0,456.710931254127,0,93.773109785764,0,0,0,0,0,0,0,0,0,0,0,0,0,0,0,0,0,0,0,0,32.201848875672,0,127.572538673319,774.880325393385,0,0,65.3180909937511,0,0,0,0,0,0,0,0,0,0,0,0,0,0,0,81.0359518008406,290.808085523283,0,0,0,0,0,0,0,0,0,0,0,0,0,0,0,0,0,0,0,0,0,0,0,0,84.9505549588981,0,0,0,0,0,0,0,0,0,0,0,0,33.1939906712973,0,0,0,0,0,0,0,0,0,0,0,0,0,0,0,0,0,377.418725745836,0,0,0,0,0,0,0,0,0,0,0,0,2.11580162576026,0,0,0,0,0,0,0,0,0,59.1502569773737,0,16.4775478788359,66.6111567922423,0,0,0,0,0,0,0,0,9.17033771420606,0,0,0,0,0,3.82327651131734,0,0,0,0,0,0,0,0,0,0,0,0,0,0,0,0,0,0,0,0,0,0,0,0,0,0,0,0,0,0,0,0,0,0,0,0,0,0,0,0,3323.88924350568,0,0,0,0,0,588.308766485861,31.6690183668381,77.8621183508207,0,0,0,0,24.3716201454805,0,0,51.1504066684923,0,0,0,0,0,0,0,0,0,0,0,0,0,0,0,0
"KUA_MPA_Transect 5",20.7492879397426,0,99.2785351836631,0,0,52.6546586989484,0,4.11573817881327,0,0,0,450.216022942062,0,0,0,0,0,0,0,0,0,0,0,0,0,0,0,0,0,0,0,0,0,0,230.240716564609,0,0,949.416513814206,0,0,386.071403482054,0,0,0,0,0,0,0,0,0,0,0,0,0,0,0,0,179.083994453631,0,0,0,0,0,0,0,0,0,0,126.30909342228,0,0,0,0,0,0,210.899856783117,0,0,0,0,258.210619093338,0,38.6606403751719,0,0,0,0,0,0,0,0,0,0,0,0,116.897764961775,0,0,0,0,0,21.393210382314,0,0,0,30.2800182713163,0,0,0,0,0,0,0,295.754554966007,0,0,0,0,0,0,0,0,0,0,0,0,3.64231260974158,0,7.78826876009013,0,0,0,0,0,0,0,0,0,0,131.48630387178,0,0,0,0,0,0,0,0,0,0,0,0,0,0,13.4046283727118,0,0,0,0,0,0,0,0,0,0,0,0,0,16.921285829384,135.301971839602,0,0,0,0,0,0,0,0,0,0,0,0,0,0,0,0,0,0,0,0,0,0,0,0,0,179.184514403925,0,0,7.73825743246515,19.9097712355717,0,31.4370578090604,44.8990651668641,155.724236701641,0,0,0,277.688775830318,4.64240271602481,0,0,99.5103716990508,0,0,0,0,13.4946591319938,0,0,0,18.8359652395451,0,0,0,0,0,0,0
"KUA_noMPA_Transect 1",10.4525797147698,0,48.5615853992579,0,0,0,0,0,0,0,0,0,0,0,0,0,0,0,0,0,0,0,0,0,0,0,0,0,0,0,0,0,0,0,0,0,0,0,251.752721326256,0,0,0,0,0,0,0,9.26451064548221,0,0,0,0,0,0,0,0,0,94.7248017364578,0,0,17.7931044037752,16.6590303802,0,0,0,0,126.706252700451,0,0,7.81715496672115,0,0,0,0,0,0,0,0,0,0,0,0,0,0,0,0,0,0,0,0,0,0,0,0,0,0,0,0,0,0,0,0,22.8129316897123,0,0,0,0,0,0,0,0,0,0,0,21.3503167047394,0,0,0,0,0,0,0,0,0,0,0,0,0,1.35318473282146,0,0,0,0,0,0,73.203728565136,0,118.197581288638,0,0,0,0,0,0,20.3924035893587,0,0,0,0,0,0,0,0,0,0,16.4994988707035,0,91.4395968743693,0,0,0,0,0,0,0,0,0,0,0,0,0,0,0,0,0,34.4778660137762,0,0,0,0,0,0,0,0,0,0,0,0,0,0,0,0,0,0,0,0,44.9520804090956,0,0,7.0311605539109,0,28.397450715314,12.1327296009632,35.1703161160026,0,23.9901841359154,0,0,107.654036249957,0,0,0,32.9667296221886,417.670979204961,0,0,0,0,0,0,0,0,0,0,0,0,0,0,0
"KUA_noMPA_Transect 2",0,0,0,0,0,39.1281928577884,0,0,0,0,0,0,0,0,0,0,0,0,0,0,0,0,0,0,0,0,0,0,0,0,0,0,0,0,0,0,0,0,0,0,0,0,0,0,0,0,0,0,0,0,0,0,0,0,0,0,72.7535393532136,0,0,70.397990059035,0,0,0,0,0,75.3773482529265,0,0,57.674397177102,0,0,0,0,0,0,0,0,0,0,0,0,0,0,0,0,0,0,0,0,0,0,0,0,0,0,0,0,0,0,0,0,0,0,19.1117779881295,0,0,32.0123388210885,0,0,0,0,0,0,0,0,0,0,0,0,0,5.09859620550086,0,0,0,0,0,0,16.2520687257417,15.1923483719638,0,0,0,0,0,0,0,126.910153849923,0,0,12.5681475614154,0,0,0,80.2831875043683,0,0,0,0,0,0,0,0,0,0,14.248780263398,0,82.8094423312416,0,0,0,0,0,0,0,0,0,0,0,0,0,0,0,0,0,0,0,0,0,0,0,0,0,0,0,0,0,0,0,0,0,0,0,0,0,0,16.7497016587723,0,0,0,0,0,0,56.9873227160075,209.453161732777,0,0,0,0,0,0,0,20.6156366944525,245.705689651864,0,0,0,0,0,0,0,0,0,0,2.56710289504218,0,0,0,0
"KUA_noMPA_Transect 3",0,0,540.209474794523,0,0,0,0,0,0,0,0,0,0,528.160671370355,0,0,0,0,0,0,0,0,0,0,0,0,0,0,0,0,0,0,0,0,0,0,0,0,0,0,282.370662629747,0,0,0,0,0,0,0,0,0,0,0,0,0,0,0,732.847001057653,268.291719582762,0,0,0,0,0,0,0,0,0,0,12.4764322050081,0,0,0,0,0,0,0,0,0,0,0,0,0,0,0,0,0,0,0,0,0,0,0,0,0,0,0,0,0,0,0,0,0,0,0,0,0,89.4173163169451,0,0,0,0,0,0,24.7109243233563,0,0,0,0,0,0,0,0,0,0,0,0,20.2256902574825,1.22687278254456,16.4146681714754,0,0,0,0,0,0,0,37.3362553844393,0,0,28.0584200944099,0,0,0,0,0,0,0,0,0,0,0,0,0,0,19.0386676363789,0,62.2309114618905,0,0,408.013686701313,0,0,0,0,0,0,0,15.1905509124464,0,0,0,0,11.8929456245796,0,0,0,0,0,0,0,0,0,0,0,0,0,0,0,62.7167425243533,0,0,0,0,0,0,94.6521407878442,0,0.941257675596593,0,0,0,96.2941874608023,0,0,0,0,0,0,38.0852697284391,0,0,12.7956853735072,0,0,0,0,0,0,0,0,0,0,0,0,0,0,0,0
"KUA_noMPA_Transect 4",0,0,0,0,0,0,0,0,0,0,0,0,0,0,0,0,0,0,0,0,0,0,0,0,0,0,0,0,0,0,0,0,0,0,0,0,0,0,0,0,59.793626232485,0,0,0,0,0,0,0,0,0,0,0,0,0,0,0,196.465596694153,532.156270104261,0,0,0,0,0,0,0,0,0,0,0,0,0,0,0,0,0,0,0,0,0,0,0,0,6.62603080132836,0,0,0,0,0,0,0,0,0,0,0,0,0,0,0,0,0,0,0,0,0,0,0,43.7872063776154,0,0,0,0,0,0,37.7369085129181,0,0,0,0,0,0,1.29988838739694,0,0,0,0,0,1.82693772879888,1.3847316618137,10.5207750832773,0,0,0,0,0,0,0,51.7665592032937,0,0,0,0,0,0,0,0,0,0,0,0,0,0,0,0,0,40.3067534825738,0,10.8653950740367,0,0,0,150.700688725076,0,0,0,0,0,0,0,0,0,0,0,0,0,0,0,0,0,0,0,0,0,38.6170563883013,0,0,0,0,0,0,0,0,0,0,0,0,0,0,0.941257675596593,0,0,0,13.6367809163044,31.4454317395386,209.453161732777,0,0,0,35.8846787499858,0,0,0,192.462526749947,0,0,0,0,0,0,0,0,0,0,52.6852609566218,0,0,0,0,0
"KUA_noMPA_Transect 5",20.9711890186677,0,40.4081969440116,0,0,64.3489634346112,0,0,0,0,0,0,0,25.4043238411782,0,0,0,0,0,0,0,0,0,0,0,0,0,0,0,0,0,0,0,0,0,0,0,0,0,0,0,0,0,0,0,5.5014370149387,0,0,0,0,0,0,0,0,0,0,0,0,0,0,0,0,0,0,0,0,0,39.163320181454,0,0,0,0,0,0,0,0,0,0,0,0,0,0,0,0,0,0,0,0,0,0,0,0,0,0,0,0,0,2.21184595743398,0,0,0,0,0,0,0,9.0736542377639,24.3704517022735,0,0,0,0,0,0,47.1430570963285,0,0,0,0,0,0,23.2197781854771,0,0,0,0,0,0.182142376063504,2.70636946564292,8.57418538551888,0,0,0,0,0,0,0,7.62057119180231,0,0,0,0,0,0,0,0,0,23.3429391366311,0,0,0,0,0,0,0,22.2176285301171,0,0,0,0,0,0,0,0,0,0,0,0,44.8628443926873,0,0,0,0,0,0,6.51493075565048,0,0,0,0,0,0,0,0,0,0,0,0,0,0,2.27465217359178,0,0,0,0,0,0,0,1.88251535119319,0,0,0,22.2320218892433,16.8753358144275,0,13.2525408158392,0,0,71.7693574999716,0,0,0,76.2075733249487,0,0,0,0,0,0,0,0,9.7602108581846,0,0,0,0,0,0,0
"SAV_GNU_Transect 4",0,0,85.7123536521579,0,0,0,0,0,0,0,0,0,0,0,0,0,0,0,0,0,0,0,0,0,19.2190122460492,22.8748884795,0,0,0,0,0,0,0,0,0,0,0,0,0,0,0,0,0,0,531.555134419783,0,5.28216678161066,0,0,0,0,0,0,0,0,0,166.611900468614,0,57.9769479057127,20.2365674139376,123.543805561101,166.530589061944,286.584935197177,0,0,64.2290827380249,0,5.49779959381784,0,0,0,0,0,0,0,0,0,0,0,0,0,0,0,0,0,0,0,0,0,0,0,0,0,0,0,0,0,0,0,0,0,0,0,0,0,0,17.0645973561025,0,0,0,0,7.10175491584076,270.852492788475,39.3065990721918,0,0,0,0,0,0,0,0,0,4.16743471163009,0,0,5.1012985237536,24.9004501468484,0,0,0,0,0,0,72.4769069446696,0,0,0,0,0,0,0,0,0,0,0,0,0,86.2363173566917,0,0,0,0,0,0,0,0,0,0,0,0,0,0,0,0,0,0,0,0,0,0,0,0,0,0,0,0,0,0,0,0,0,0,0,0,0,0,0,0,0,0,0,0,0,0,51.0974758033024,0,0,0,0,0,1643.70190223992,0,0,7.97212124912512,0,156.956534505294,14.1104263018989,0,0,0,0,165.427449037752,0,0,0,0,0,0,0,0,0,0,0,0,0,0,0
"SAV_GNU_Transect 5",0,0,1908.39873968484,0,0,0,0,0,0,0,0,0,0,0,0,0,0,0,1049.05652634247,0,0,0,0,0,249.819218194432,0,0,0,0,0,0,0,0,0,0,0,0,0,0,0,0,0,0,0,0,0,0,0,0,0,0,0,0,0,613.386279899082,0,563.055609963613,0,107.925077641631,19.1059864422995,0,20.5823072981849,0,49.613887615823,0,352.232068122309,0,6.53303323978686,0,1.56785849996637,0,0,0,0,0,0,0,0,0,0,0,0,0,0,0,0,0,0,0,0,0,0,0,0,0,0,0,0,0,0,0,0,0,3.69291443764643,0,0,30.0478514977,0,0,0,12.950913199283,0,9.22446519505812,110.235489426673,0,641.966346479426,0,0,0,0,0,0,0,15.6365308746548,0,0,0,16.6975694125516,14.2416181981983,15.3162054676257,0,0,0,0,0,0,119.379398307625,0,124.195496770512,236.350189635182,0,0,0,0,0,0,130.910398995316,206.258426397762,0,0,0,44.9868046711743,0,0,14.3704029754096,0,4.09190194126923,0,0,0,0,0,31.6564632596155,0,0,0,0,0,0,0,0,193.919305224927,0,0,0,0,0,0,0,0,0,2032.7082397093,0,0,0,0,0,0,0,0,0,0,0,0,0,2278.26511105966,135.400580957716,0,0,0,0,189.460270357721,0,0,0,25.1692649836666,422.237706737498,0,24.3716201454805,0,0,0,851.550710076312,0,0,0,0,0,0,0,0,0,0,0,0,0,0,0
"SAV_GNU_Transect 6",0,0,529.863168849289,0,0,21.0562315290007,0,0,0,0,0,0,0,48.0859932898511,0,0,0,0,0,0,0,230.757327878486,0,0,0,0,0,0,0,0,0,0,0,0,0,0,0,0,0,0,273.674524480719,0,0,0,0,0,0,0,0,0,0,0,0,0,0,0,0,0,26.2052781318622,1.6920428863584,0,65.9762348712349,0,0,0,0,0,0,0,0,0,0,0,0,0,0,0,0,0,0,0,0,20.5978465716285,0,0,0,0,0,0,0,0,0,0,0,0,0,0,0,0,0,0,0,7.59733790027348,0,0,0,3.84012786130896,0,0,0,0,0,10.6418134614853,134.255440855464,55.954758298708,24.4390533842741,0,0,0,0,0,0,0,0.662443299980127,0,0,0,89.8081955643829,11.2943452857969,21.6639827611913,0,0,0,0,0,0,25.4821327813827,0,0,34.5407604098492,0,0,0,0,0,0,0,0,97.723874556371,0,0,0,0,0,9.73965737299469,0,11.6937206702584,0,0,0,0,0,0,0,0,0,0,0,0,0,0,0,0,0,0,0,0,0,0,0,0,0,0,0,0,0,0,0,18.3696210279293,0,0,0,0,0,0,248.587564319117,0,0,4.60837892899522,0,0,510.829325372646,4.15116554763129,0,0,0,0,0,0,0,0,0,82.7137245188761,0,0,0,0,0,0,0,0,0,0,0,0,0,0,0
"SAV_GNU_Transect 7",0,0,1169.80586802406,30.5012673331651,0,0,0,0,0,0,0,0,0,100.847554600512,0,0,0,0,0,0,0,0,0,0,0,0,0,0,0,0,0,0,0,0,0,0,0,0,0,0,435.443251113754,0,0,0,531.555134419783,0,0,0,0,0,0,0,0,0,186.466929837275,0,625.214713834197,0,0,13.5363430908672,123.532324680144,287.619260566604,0,0,0,63.030052473878,24.208541085151,3.23286864055261,15.2629420102664,0,50.7389874528782,0,0,0,0,0,0,0,0,0,0,0,0,0,0,0,0,0,0,0,0,0,0,0,0,0,0,22.8586462189852,0,0,0,0,12.1007453073316,0,0,0,0,0,0,0,0,5.12186400868265,248.096318418439,85.6711633794669,66.9760897376822,0,0,0,0,0,0,0,0,0,0,0,0,11.9316120033899,0,0,0,0,0,0,0,0,30.6777802299611,0,160.029003961747,141.969406097313,0,0,0,0,42.3848461764401,0,0,255.46459936053,134.862663539645,0,0,0,0,0,19.4428649923998,0,0,0,0,0,0,0,0,0,0,0,0,0,0,0,0,0,0,0,0,0,0,0,0,0,0,0,0,0,0,0,0,0,65.048442031124,0,0,0,0,0,0,269.946215210188,0,0,0,0,17.1041152980581,915.150066611956,0,9.63564475019743,0,0,14.0813578890497,0,24.3716201454805,0,0,0,596.535995078623,0,0,0,0,0,0,0,0,0,0,0,986.113892275884,0,0,0
"SAV_GNU_Transect 8",0,0,1398.27701848364,0,0,13.3362712417749,0,0,0,0,0,0,0,0,0,0,0,0,0,0,0,0,0,0,1124.82330932252,0,0,108.48970035001,0,147.290001318982,355.430703682744,0,0,0,0,0,0,0,0,0,0,0,0,0,0,0,6.27417784087237,0,0,0,0,0,0,0,250.26098897847,0,204.517003006243,0,0,0,0,145.013729042272,0,0,0,0,55.8705988450694,2.90282674846311,14.0660762890854,0,0,0,0,0,0,0,0,0,0,0,0,0,100.531727450055,0,0,0,0,0,0,0,203.65932554998,0,0,0,0,0,0,0,0,68.6451415855497,0,0,16.7591273550086,0,0,0,0,0,0,26.5305816046347,0,7.8772237327898,445.069199278173,69.6057108975936,122.675834365926,85.3268550480585,0,0,0,0,0,0,0,0.710425098281944,0,0,5.1012985237536,18.3803793604628,12.7105545074847,0,0,0,5.42405482307652,0,72.4769069446696,0,223.454372393679,0,0,209.4143464904,0,0,0,0,0,0,101.882460089939,0,0,0,0,0,0,329.553965923089,0,0,0,0,0,0,0,0,31.2707553491742,0,0,0,7.88983088965916,0,133.732683179223,0,0,0,0,0,0,0,0,0,0,0,0,0,0,0,0,0,0,0,0,0,0,0,0,0,0,506.82414387767,0,0,0,0,0,1084.0373171158,0,0,0,0,0,0,0,0,0,0,568.305547922374,0,0,0,0,0,0,0,0,0,0,0,0,63.2549373264563,0,0
"SAV_SLR_Transect 1",0,0,228.200865440503,0,0,0,0,0,0,0,0,0,0,0,0,0,0,0,0,0,0,70.5162686570122,0,0,0,0,0,0,0,0,0,0,0,0,0,0,0,0,0,0,0,0,0,0,0,0,0,0,0,0,0,0,0,0,0,0,729.300468142092,0,0,11.0277330119366,238.447978828428,1.4845681084516,0,0,0,128.833427155859,0,0,0,0,0,0,0,0,0,0,0,0,0,0,0,0,0,0,0,0,0,0,0,0,0,0,0,0,0,0,0,0,0,0,0,0,0,0,0,0,0,0,0,0,47.5281920776074,0,0,0,0,220.500734478187,0,0,0,0,0,0,0,0,0,0,0,0,0,0,0,0,0,0,0,0,0,0,0,0,0,0,0,0,229.288392021132,288.942166915254,134.151584707091,0,0,0,0,0,0,0,0,0,0,0,0,0,0,0,0,0,0,0,0,0,0,0,0,230.691954230007,0,3.58339823111194,0,3130.14392072777,0,0,0,0,0,0,86.1492409450481,0,0,0,0,0,0,0,0,0,0,0,0,0,0,0,0,0,104.310621607433,1080.00831646523,0,0,0,0,0,0,0,0,0,0,166.282710916967,0,0,0,0,0,0,0,0,181.997026726055,0,0,0,0,0,0
"SAV_SLR_Transect 2",0,0,0,0,0,0,0,0,0,0,0,0,0,0,0,0,0,0,0,0,0,0,0,0,0,0,0,0,0,0,0,0,0,0,0,0,0,0,0,0,0,0,0,0,0,2.97210568421376,0,0,0,0,0,0,277.585747788532,0,0,0,514.364247285555,0,0,0,0,3.69877348243386,0,0,0,0,0,0,0,0,0,0,0,0,0,0,0,0,0,0,0,0,15.5422425425849,0,0,0,0,0,0,0,0,0,0,0,0,0,0,0,0,0,0,0,0,0,0,0,0,0,0,0,0,0,232.746560500084,0,0,0,0,0,0,0,0,0,0,0,0,0,16.1822505711909,5.2828213901323,0,0,0,0,0,0,0,0,0,0,0,0,0,0,0,0,0,0,0,0,132.44360418827,0,106.679211250616,0,0,0,0,0,0,0,0,0,0,0,0,0,0,0,0,0,0,0,0,0,0,0,0,0,0,0,0,0,0,0,0,0,0,0,0,0,0,0,0,1966.97137310307,0,0,0,0,0,0,0,0,0,0,0,0,0,0,0,0,0,0,0,0,144.898316788301,0,0,0,0,0,0,0,0,0,35.7457410045526,2.56710289504218,0,0,178.604224869371,0
"SAV_SLR_Transect 3",0,0,26.7323144626924,0,0,0,0,0,0,0,0,0,0,0,0,0,0,0,0,0,0,0,0,0,0,0,0,0,0,0,0,0,0,0,0,0,0,0,0,0,0,0,0,0,0,0,7.77538832494348,0,0,0,0,0,0,369.11742270896,0,0,380.463587747246,0,0,3.50454920455746,1.33101531698496,7.422840542258,0,0,0,104.811063184696,14.7577211024633,0,0,0,0,0,0,0,0,0,0,0,0,0,0,0,0,27.3904184856403,0,0,0,0,0,0,0,0,0,0,0,0,35.24828716966,0,0,0,0,0,0,0,0,0,0,0,0,0,0,0,30.0751937991214,52.3537051895888,0,0,0,0,0,0,0,0,0,0,0,0,20.8736454434311,4.94095597011333,0,0,0,0,0,0,0,0,46.7790141794166,0,0,0,0,0,0,0,52.9338452546607,0,124.02704749809,50.640151626184,0,0,0,0,0,0,3.86424164246765,0,0,0,0,0,0,0,0,0,0,0,0,0,0,0,0,0,0,0,0,0,0,0,0,0,0,0,0,0,0,0,0,0,0,0,0,0,0,0,0,0,0,0,0,0,0,188.774395459921,0,88.8859945274736,13.2259540133642,0,0,14.1104263018989,0,0,0,0,0,0,0,0,0,0,0,0,0,0,0,0,0,0,0,0
"SAV_SLR_Transect 4",7.19424423790588,0,473.881540568957,0,0,9.21527806356519,0,0,0,0,0,0,0,0,0,0,0,0,0,0,0,0,0,280.182476158801,0,0,0,0,0,0,0,0,0,0,0,0,0,0,0,0,180.729054831619,0,897.090663002547,0,0,0,0,0,0,0,0,0,0,0,0,0,538.81590191228,0,0,41.1945725595532,43.460266096593,41.8967003639528,0,0,0,172.30657049755,0,0,0,0,0,0,0,0,0,0,0,0,0,0,0,0,0,0,0,0,0,0,0,0,0,0,343.623550843725,0,0,0,0,0,0,0,1110.24353027845,0,0,0,0,0,0,0,0,0,0,0,0,0,0,56.4393795875536,2301.23186156995,0,0,0,0,0,0,0,0,18.6192559694566,0,0,0,10.3274795284389,0,0,0,0,19.2594908549344,0,0,0,0,69.8061728405184,0,0,0,0,0,0,0,0,201.772408683834,0,0,0,0,0,32.1208119419769,0,0,0,0,0,0,0,0,0,0,0,0,0,0,0,0,0,0,3.00381880774858,0,0,0,0,0,0,0,0,0,0,0,0,0,0,0,0,0,122.490834591785,0,0,0,149.229814538053,0,0,1.84176864960539,0,0,475.385257313814,2.92439512493977,0,0,21.2864194364461,0,0,46.2814837032379,0,0,0,63.2301055443729,0,0,0,0,0,0,0,0,0,0,0,0,0,0,0
"SAV_SLR_Transect 5",7.19424423790588,0,740.147817615896,0,0,9.21527806356519,0,0,0,0,0,0,0,0,0,0,0,0,0,0,0,0,0,0,264.101034260418,0,0,0,0,0,0,0,0,0,0,0,0,0,0,0,277.964364464626,0,1446.27877763209,0,0,6.32733955927571,0,0,0,0,0,0,0,140.501887800044,107.180617049411,0,1108.60600694357,184.879690535564,0,16.8020412764355,0,30.3438608068591,0,0,0,272.368029474807,0,0,0,0,0,0,0,0,0,0,626.933349281256,0,0,0,0,0,31.0844850851698,0,0,0,0,0,0,0,0,0,0,0,0,0,0,0,0,0,1110.24353027845,0,0,0,0,0,0,0,0,0,47.5281920776074,0,0,349.024701263925,0,0,0,0,0,0,0,0,0,0,0,0,0,13.844255045739,11.6440481047621,0,0,0,0,0,0,0,104.341690321166,0,0,140.001878530956,0,0,0,55.5045913880635,27.778433523188,0,170.766118489693,200.400362977693,170.26316281446,0,0,0,0,63.0105933031406,14.550978974607,0,0,0,0,0,0,0,0,0,0,0,0,0,74.9816046660366,0,0,0,0,0,0,0,0,0,0,0,0,0,0,0,0,0,32.6383492401241,0,0,0,0,0,0,0,0,157.678654297003,0,0.81231476975206,0.920884324802697,19.9097712355717,0,413.486331638221,2.92439512493977,355.543978109894,3.43748736535082,0,0,7.05521315094944,46.2814837032379,0,0,0,0,0,0,0,173.628605896811,0,0,0,0,0,0,0,0,0,0,0
"WAI_ALI_Transect 1",0,0,1098.678013198,0,0,31.942038552258,0,0,0,118.416193545589,0,0,0,0,0,0,0,0,0,0,0,0,0,0,0,0,0,0,0,0,0,0,0,0,0,0,0,0,0,0,1406.94754920205,0,0,0,0,0,0,0,0,0,0,0,0,0,0,0,74.3672128952903,138.344990233229,0,0,0,32.3606619652009,0,0,0,433.707315340342,0,0,0,1.26325953321089,0,0,0,0,0,0,0,0,0,0,0,0,0,0,31.7909143529401,0,0,0,0,0,0,322.141199173154,0,0,0,0,0,155.439484564805,0,0,0,0,0,0,0,0,0,0,0,0,114.176124989645,3.64305131509258,0,0,790.419741176486,0,0,0,0,0,0,0,0,0,0,0,66.4917082470811,0,0,0,0,0,29.2964694515746,0,49.5822423730068,0,0,0,0,109.908762981166,72.9607069722124,0,0,0,0,0,18.8567435497246,0,0,0,0,0,0,0,0,0,0,0,0,0,0,0,130.883369947513,0,0,0,0,0,0,0,0,0,0,0,0,0,0,0,0,0,0,0,0,0,0,0,0,0,0,0,0,0,0,0,0,60.5857422939259,0,0,0,0,0,0,0,0,0,0,0,0,0,0,0,0,0,0,0,0,109.462954264156,0,0,0,0,0,0,0,0,0,0,0
"WAI_ALI_Transect 2",0,0,2293.41011097552,0,0,3.32247955884818,0,27.5428461953652,0,0,0,455.111246372846,0,52.6378480526406,0,0,0,0,0,0,0,0,0,0,0,0,0,0,0,0,0,0,0,0,0,0,127.572538673319,0,0,0,1542.17774468936,0,0,0,0,0,0,0,0,0,0,0,0,0,0,0,40.7326765354954,123.3178129251,0,0,0,137.933131372709,0,0,0,0,14.7577211024633,0,0,0,0,0,0,0,0,156.141813246867,0,0,0,0,0,0,31.0844850851698,0,0,0,0,0,0,0,0,0,0,0,0,0,0,0,0,0,0,0,0,0,0,0,0,0,0,0,0,42.4064529081008,0,0,0,0,0,0,0,0,0,0,0,0,0,0,3.38893573962874,0,0,24.9327011246413,0,0,0,0,0,0,0,0,0,0,0,0,0,0,0,0,0,0,57.9246623432472,0,0,0,0,0,0,0,0,0,74.8550815041904,0,0,0,0,0,0,0,0,0,0,0,0,0,0,0,0,0,0,0,0,0,0,0,0,0,0,0,0,0,0,0,0,0,0,0,0,956.17953089077,0,0,0,0,0,0,0,0,0,0,0,0,0,0,0,0,0,0,0,0,294.376313685898,0,0,0,0,0,0,0,0,0,0,0
"WAI_ALI_Transect 3",0,0,1160.28608226449,0,0,0,0,0,0,0,0,227.555468295216,0,89.9582361335811,0,0,0,0,0,0,0,0,0,0,0,0,0,0,0,0,0,0,0,0,0,0,0,81.1473584918582,0,0,1302.93739327793,0,154.868411945507,291.675108673042,0,0,0,0,0,0,0,0,0,0,0,0,635.777420945772,1628.63850243886,0,0,0,12.7691437107446,0,0,0,0,0,12.3515344101571,0,0,0,0,0,0,0,160.585685215214,0,0,0,0,0,0,0,0,0,0,0,0,0,0,0,0,0,0,0,0,0,0,0,0,0,0,0,0,0,39.5019691963761,0,0,0,0,49.8826217972725,83.7901802471293,117.201840322012,0,0,0,0,0,0,0,0,0,0,0,0,0,0,0,4.42755156758981,0,0,0,29.2964694515746,0,64.3024825853197,0,0,0,0,0,0,0,0,0,0,0,58.5478114540688,0,57.9246623432472,0,0,0,0,0,0,0,0,0,0,291.372878022644,0,0,0,0,0,0,0,0,0,0,0,185.688478226345,0,0,0,0,0,0,0,0,0,0,0,0,0,0,0,0,71.5086712041409,0,0,0,0,0,0,1119.79524922714,27.2807875735847,0,0,0,0,0,10.4894817590697,0,0,0,0,0,0,0,0,0,0,0,0,0,836.130247898086,0,0,0,0,0,0,0,0,0,0,0
"WAI_ALI_Transect 4",0,0,2361.19672042813,0,0,8.68034488341589,0,0,0,118.416193545589,0,0,0,0,0,0,0,0,0,0,0,0,0,0,0,0,0,0,0,0,0,0,0,0,0,0,0,0,0,0,1460.08700803261,0,0,0,0,0,0,0,0,4.15994943672495,0,0,0,0,0,149.50174973639,970.599303756879,0,0,0,0,0,0,0,0,29.9040088337213,0,4.50383817817043,0,0,0,0,0,0,0,151.782744423661,0,0,0,0,28.6409652052144,0,31.0844850851698,0,0,0,0,0,0,0,0,0,0,0,0,0,0,40.5591414691188,0,0,0,0,0,0,0,0,0,0,18.5231222448064,0,90.2004324056253,184.093097078279,115.764056766479,0,71.3556628724223,0,0,0,0,0,200.411339235284,0,0,0,0,0,0,3.08270469706816,23.3986445385418,0,0,0,0,0,56.6271402167503,0,0,0,0,141.190430901009,4.36007762165758,0,0,0,0,0,22.5090947535655,0,0,0,0,0,0,0,31.7580693645716,0,0,0,0,0,0,0,26.9182945462909,0,0,0,0,0,0,0,0,171.476692977417,0,0,0,0,0,0,0,0,0,0,0,0,0,0,0,0,0,0,0,0,0,0,0,1551.33818429832,0,0,0,0,0,0,0,0,0,0,0,0,0,0,0,0,0,0,0,0,520.885817690433,0,0,0,0,0,0,0,0,0,0,0
"WAI_ALI_Transect 5",0,0,2164.74476790984,0,0,0,38.6711140478743,0,0,0,0,0,0,23.8969626337512,0,0,0,0,0,0,0,0,0,0,0,0,0,0,0,0,0,0,0,0,0,0,0,0,0,0,566.326338823428,0,0,0,0,0,0,0,0,0,0,0,0,0,0,0,63.4997360806157,0,0,0,0,32.6259144540524,0,0,0,0,0,0,0,0,23.472686096768,0,68.2004878447804,0,0,0,0,0,0,0,0,0,0,0,0,0,0,0,0,0,284.986486665315,0,0,0,0,0,0,0,0,0,0,0,9.70862069984561,0,0,10.6544342145771,0,0,0,0,49.8826217972725,18.2152565754629,272.375738029415,49.1169948941934,0,53.1017326245274,0,0,0,0,72.0413943432465,0,0,0,0,0,1.46719782983135,0,0,0,0,0,0,0,0,0,0,0,116.952738678807,0,0,0,0,0,0,0,27.87423680523,0,0,0,0,0,0,0,6.13990279749835,0,0,0,0,0,0,0,200.983551597338,0,0,0,0,0,0,0,0,200.466605754165,0,0,0,0,0,0,0,76.2467611091425,0,0,0,0,0,0,0,0,0,0,0,0,0,0,0,933.059390800803,0,0,0,0,0,0,0,0,0,0,0,0,0,0,0,0,0,0,0,0,0,0,0,0,0,0,0,0,0,0,0,0
"WAI_MYS_Transect 1",0,0,1322.72922125121,0,0,0,0,15.5467106524667,0,2261.79085802244,613.636606852268,255.496503269432,0,0,0,0,0,0,0,0,0,0,0,0,0,0,0,0,0,0,0,0,0,0,0,0,0,0,0,0,2160.44708493889,0,0,0,0,0,0,0,0,0,0,0,0,0,0,0,0,0,0,0,0,0,0,0,0,0,0,0,0,0,0,0,0,0,0,0,0,0,0,0,0,0,0,0,0,0,0,0,0,0,0,0,0,0,0,0,0,0,0,0,0,0,0,0,50.0851873940684,0,7.1899193795512,0,0,0,0,20.973762576299,0,0,0,0,0,0,0,0,0,0,0,0,0,0,6.5153597041303,0,0,0,0,0,0,0,0,0,0,0,0,0,0,0,0,0,0,0,0,150.281525428115,1591.03788150446,0,0,0,0,76.9972352260034,49.6664715886873,0,0,26.1572803709981,0,0,0,0,0,0,0,0,0,0,0,0,0,0,0,0,0,0,0,0,0,132.439711512442,0,0,0,0,0,0,0,0,38.0564458457493,0,0,0,0,0,0,0,0,0,103.888523996786,0,0,0,0,0,0,0,0,0,0,0,0,0,0,0,0,0,0,0,0,0,0,0,0,0,0,0,0,0
"WAI_MYS_Transect 2",0,0,1831.21197040463,0,0,64.12709571248,0,0,0,0,412.623465232354,221.532465805084,0,28.2344749061693,0,12.5894945891382,0,0,0,0,0,0,0,0,0,0,0,0,0,0,2267.78238123883,0,0,0,0,0,0,0,0,0,808.674054037354,0,0,0,0,0,0,0,0,0,0,0,0,0,0,0,90.4501048070166,692.964714889764,0,0,0,45.1344413502625,0,0,0,264.298873040503,27.6319151920083,0,0,0,0,0,0,0,0,0,0,0,516.738381374772,0,0,0,0,0,0,0,0,0,0,0,0,0,0,0,0,0,0,25.6793277287991,0,0,0,0,0,48.961707731999,0,36.1066888672906,4.8523946656532,0,0,0,41.267161031756,87.637935458582,517.219721350134,0,0,0,0,0,0,0,0,0,0,0,0,0,0,0,9.09177317362652,4.78120809591359,0,0,0,0,0,0,0,0,180.786381017411,65.0909691374698,0,0,0,0,0,0,31.6106955150201,82.2753965742343,0,0,0,0,0,0,89.7173059424465,0,0,0,0,0,0,0,0,0,0,0,0,0,0,0,0,0,0,0,18.261844952748,0,0,0,111.688209888638,0,0,0,0,0,0,0,0,0,0,0,0,0,0,0,0,405.911346030553,0,0,0,0,4.94794920236798,0,10.7545882468529,0,0,0,0,0,0,0,0,39.1535568991609,0,0,0,0,610.736850493699,0,0,0,0,0,0,0,0,0,0,0
"WAI_MYS_Transect 3",0,0,2022.60758802086,0,0,20.1335099563254,0,9.20068557024105,0,308.952764316814,1013.10191683698,0,247.140818911998,0,0,0,0,0,0,0,0,0,0,0,0,0,0,0,0,0,251.648275614863,0,0,0,0,0,0,0,125.103975927683,0,1109.50122450289,0,0,0,0,0,0,0,0,0,0,0,0,0,0,0,165.255283669722,0,14.9602580444915,0,0,63.3066503407113,0,0,0,0,9.12188441180782,0,0,0,0,0,0,0,7.95917180477917,0,0,326.079068435629,0,0,0,0,0,0,0,0,0,0,0,0,61.3753847523575,0,0,0,0,0,0,0,0,0,0,0,0,0,0,40.8778892362021,7.2234716317269,0,0,0,41.267161031756,234.896584091697,233.90876898011,24.9693285816276,0,0,0,0,0,0,222.588939529775,3.23906742689078,0,5.58400393710513,0,11.890822788138,14.3337913490867,0,13.4401383778375,18.3645106893814,0,0,0,0,0,0,0,0,0,133.722312804443,28.5687415993575,0,0,0,0,0,27.2788692452102,0,0,0,0,0,0,0,95.0380802808374,0,0,0,0,0,0,0,0,0,0,0,0,0,0,0,0,0,0,0,0,0,0,0,0,0,0,0,0,0,0,24.7809064437984,0,0,0,0,0,0,0,0,0,94.6527799679361,0,0,0,0,4.00322523100243,994.559661335962,8.45954703363728,0,0,0,0,0,0,0,0,4.85144488598206,0,0,0,0,0,0,0,0,0,0,0,0,0,0,0,0
"WAI_MYS_transect 4",0,0,858.917166987192,0,0,32.0814289622274,0,0,0,710.084194636197,506.550958418492,0,0,0,0,20.4668000175804,0,0,0,0,0,0,0,0,0,0,0,0,0,0,0,0,0,0,0,0,0,0,125.103975927683,0,252.973779517607,0,0,0,0,0,0,0,0,0,0,0,0,0,0,0,0,0,0,0,0,23.1774196360749,0,0,0,0,0,0,0,0,0,0,0,0,0,442.832457535074,0,0,0,0,0,0,0,0,0,0,0,0,0,0,0,0,0,0,0,0,0,0,0,0,0,0,0,0,0,21.3126797657554,0,0,0,0,41.267161031756,375.253304849093,5546.50649009826,23.4604920862213,0,248.646905583188,0,0,0,0,94.8892995460268,0,0,0,0,0,0,0,0,0,0,0,0,116.764438270165,0,0,0,0,101.273683521034,30.9568313336749,0,0,0,0,0,0,0,0,0,0,0,0,0,0,305.541285337728,0,0,0,0,0,0,0,0,0,0,0,0,0,0,0,45.3775488433093,160.69400080747,0,0,0,0,0,0,0,0,0,80.5385183193021,0,0,0,0,0,169.622739926301,0,0,0,0,0,0,0,442.584145845547,0,0,26.478954575357,0,0,105.405095272594,0,124.011007113134,0,0,0,19.0288968468607,87.3300366903292,0,0,0,0,0,0,0,162.498297796862,0,0,0,0,0,0,0,0,0,0,3.68675958473143
"WAI_MYS_Transect 5",15.7309946096767,0,1311.04851091933,0,0,86.8110060769407,0,8.46742875909974,0,8468.73653388826,0,0,0,108.757449617401,0,0,0,0,0,0,0,135.178770753267,0,0,0,0,0,0,0,0,751.40103148788,0,0,0,0,0,0,0,0,0,1327.82293831604,0,0,0,0,0,0,0,0,54.4396669370504,0,0,0,138.362158430102,0,0,0,0,0,0,51.9911797988885,129.21039617016,0,0,0,0,12.4907342697676,3.54576875024461,0,0,0,0,0,0,0,0,0,0,0,0,0,0,0,0,0,0,0,0,0,497.026262075452,0,216.936595960633,0,0,0,0,0,68.7988584332254,0,0,0,0,0,0,0,52.0693052193692,8.11963792087128,0,20.537654941205,0,0,449.876311377475,0,23.234895737305,0,957.141011062811,0,0,0,0,23.7223248865067,0,0,45.3201387418113,0,0,6.5153597041303,24.88991880554,0,8.12766206605282,0,0,0,0,0,0,0,0,0,0,0,0,0,0,0,0,192.378955483903,203.186707279269,1283.99123929833,868.290604567459,0,0,0,0,52.2036402472527,0,0,10.0763365217557,0,0,251.748078907554,0,0,0,0,0,0,0,0,0,0,0,0,0,0,0,184.235448197241,0,0,0,0,0,0,0,0,0,0,0,0,0,0,0,0,0,0,0,66.4389154983204,0,0,0,12.5374243596522,457.883946016568,14.3835146154899,0,0,0,4.63699263945873,30.4462349549771,351.757587123845,0,0,5.52698127928715,0,0,0,0,380.754780211685,73.1822883714144,0,0,0,0,57.3480898266164,2.56710289504218,0,0,0,0
"YA_COW_Transect 1",10.3746439698713,0,82.5756865769601,0,0,129.076852784662,0,0,0,0,0,651.700954241199,0,0,0,0,38.5308356236352,0,0,850.916436075394,0,0,0,0,224.213044207328,0,0,0,0,0,174.186460161578,0,0,0,0,0,0,125.53616436635,0,0,0,0,0,0,0,0,0,0,0,0,0,0,0,0,0,0,311.672752079057,0,0,23.1401201574404,43.2311895903305,0,0,0,0,0,0,0,61.9684416127334,0,0,0,0,0,0,0,0,0,0,0,0,0,0,0,0,0,0,0,0,0,380.534766557479,262.043187595393,0,0,0,338.969919821621,0,0,0,0,0,0,0,0,0,0,0,0,0,0,0,0,2604.63983724756,344.126071987142,0,0,0,0,0,18.9308246742575,34.7390763216727,0,0,0,0,0,0,14.3787879173412,0,0,242.158617674801,0,0,0,0,0,0,0,0,17.2243590486956,0,0,0,27.1186326226018,0,0,0,25.3914337761377,0,0,0,0,0,0,4.51461940205115,0,505.384450811478,0,0,0,0,0,0,0,6.29593140321205,0,0,0,0,0,0,0,0,0,0,0,0,0,0,0,786.136820943785,444.073418617779,0,0,0,0,0,0,0,0,0,0,0,3892.85978042405,0,14.9778016579979,0,0,0,0,0,7.63099955197966,20.7094290120103,0,0,0,0,0,0,0,0,0,0,0,0,0,0,0,0,0,0,0,0,0,0,0,0,0
"YA_COW_Transect 2",0,0,181.317198026316,0,0,38.8952784258198,0,0,0,0,72.9956755700826,0,0,0,0,0,0,0,24.243287890346,0,0,0,0,0,0,0,2874.49601611034,0,0,0,0,0,0,0,0,0,0,98.5008058494445,0,0,0,0,0,0,0,0,0,0,0,43.3378570457675,0,0,46.5809969613285,0,0,0,573.092554818574,560.131499226684,0,42.8736550612586,0,0,0,0,0,202.511088128572,0,0,0,0,0,0,0,0,0,0,0,0,0,0,0,0,1.21541139266066,0,0,0,96.8740124173968,0,401.537177034503,0,0,0,0,0,0,0,0,57.7306779005948,0,0,0,0,2.36824454619653,0,0,0,23.113588497408,0,0,9.8303147886384,47.5281920776074,0,1665.80468461307,53.485233279722,40.3775769477955,9.5516686734776,0,0,0,0,0,0,0,0,0,18.4817903921652,0,111.168135038374,36.2670926296998,0,242.158617674801,0,0,0,0,0,287.225719290215,0,0,146.457270663965,0,0,0,0,0,0,18.0334757148973,0,179.392308955663,0,0,0,0.918618930337985,0,5.05860146204342,0,255.374513527488,31.6019199526092,0,0,0,0,0,0,0,0,0,0,0,0,0,0,0,0,0,0,0,0,0,0,0,149.388532194967,0,0,0,0,0,0,0,0,0,0,312.299954659655,1304.12631548016,0,0,136.276266094555,1.91268862465683,11.2434594518811,0,0,0,16.7067712588592,6.97887700585947,0,0,0,0,0,0,0,8.47425762751221,0,0,0,0,0,0,0,0,0,0,0,0,0,0,0,0
"YA_COW_Transect 3",10.3746439698713,0,949.782569514604,0,0,29.0100642340116,0,0,0,0,0,1247.29328002552,0,0,0,0,0,0,0,0,0,0,770.700264297071,0,112.106522103664,0,0,0,0,0,0,0,0,0,0,0,0,128.596890234653,0,0,164.340780455179,0,0,0,0,0,4.59975462968748,0,0,0,0,0,101.253689018424,0,189.334961558817,0,0,88.4173361453286,0,42.7738423801958,0,0,0,0,0,0,0,0,259.02546750835,0,0,0,0,0,0,0,0,0,0,0,0,101.461033078925,55.984735808896,0,0,0,0,8.63239381602825,0,0,210.488806218352,0,0,0,0,0,0,0,0,0,0,45.6258633794246,0,0,0,0,0,0,0,0,0,8.48128934348718,592.508514041135,3731.40105016129,0,0,0,0,0,0,34.7390763216727,0,0,0,0,0,0,6.54629578545548,84.946080606597,0,0,0,0,0,0,0,314.389523174215,0,27.4598312402371,104.389831162545,0,0,0,0,0,0,0,0,322.889485439408,0,0,0,0,0,77.1484646403481,0,122.93848435366,0,0,0,71.0174467273841,0,0,0,6.29593140321205,0,0,0,0,50.4307402170146,0,0,0,0,0,0,0,0,0,0,446.404601606394,1811.23583630388,0,0,0,0,0,0,0,0,0,0,0,0,0,77.8370327433971,0,0,9.99077221437281,19.9097712355717,0,269.856106655951,9.45689344892168,0,0,17.8279983315387,0,1054.33895449509,0,0,0,0,0,0,0,0,0,0,0,264.972072250116,450.253532668677,0,0,0,0,0,0,0
"YA_COW_Transect 4",0,0,20.7954280771523,0,0,36.9020179434635,0,0,0,0,0,0,0,0,0,0,0,0,42558.4016214067,0,0,0,0,0,0,0,855.771619354332,0,0,0,0,0,0,0,0,0,0,58.3299108345886,0,0,0,0,0,0,0,7.2786428484913,0,0,0,21.4982279438845,0,72.2150304072442,0,0,0,0,174.511572061289,0,75.9650743435733,40.376512885553,0,0,0,0,0,202.511088128572,0,0,36.6873381190257,0,0,0,0,0,0,0,0,0,0,0,0,245.801608127155,8.71015306919678,0,0,0,0,8.63239381602825,264.903847019244,0,63.343562237739,0,0,0,0,92.816495920487,0,56.4567446945065,0,0,0,0,0,27.6657027984353,0,10.3900500429593,23.113588497408,0,0,0,0,0,1988.43888633644,728.417497114942,0,0,20.5267444206485,0,0,0,0,0,0,0,0,17.4320761311661,0,22.5261324049381,14.8712048714305,0,0,0,0,0,0,0,651.632020282399,0,15.8540169160455,26.0974577906362,0,0,0,0,0,53.2037370706321,0,0,310.686922239794,868.290604567459,0,0,0,0,72.4282420887696,0,169.487936171846,0,0,0,0,0,0,0,0,0,0,0,0,0,0,0,0,0,0,5691.43434078029,0,0,55.7299501417857,0,0,722.931737991707,0,0,0.0399868266790311,0,0,0,0,0,0,0,0,110.266759014641,0,120.080083999406,0,0,22.4869189037622,19.9097712355717,0,89.9520355519837,81.8825204363008,6.97887700585947,0,0,0,310.373117407106,0,0,0,0,74.9075252313991,0,0,0,181.30498967301,0,0,0,900.507065337354,0,0,0,0,0,0,0
"YA_COW_Transect 5",0,0,68.9402243003283,0,0,10.4362052080534,0,0,0,126.102924461075,0,0,0,0,0,0,0,0,1977.47181617845,0,0,0,0,0,0,0,0,0,1100.47155061732,0,0,0,0,0,25.6319857211693,0,0,54.3741368127472,0,0,164.340780455179,0,0,0,0,0,0,0,0,0,0,0,0,0,0,0,174.495413942474,0,0,0,0,0,0,0,0,0,0,8.74618699570195,72.8172652843086,0,0,0,0,0,0,0,0,0,0,0,0,39.0887738564381,0,0,0,0,0,0,0,0,0,0,0,0,0,14.8767892330108,0,0,0,0,0,22.8129316897123,0,0,0,56.454853720534,0,0,0,0,0,0,373.798775076948,5877.83618647675,0,0,20.5267444206485,0,0,0,65.9796732613533,0,0,0,0,136.801576188939,1.55161168468926,0,57.5727420237516,0,0,528.257375770096,0,0,0,0,201.724215932666,0,143.554496296758,0,0,0,0,0,0,0,0,0,0,0,0,0,0,0,20.0120650858972,0,0,0,0,0,71.0174467273841,0,0,0,0,0,0,0,0,0,0,0,0,0,0,1184.74928193391,0,0,0,0,651.421819565833,1055.98517086301,0,0,0,0,0,0,0,0,0,0,0,1090.64848504955,0,811.347947702715,0,0.956344312328413,11.8991515275328,0,0,129.561402171785,28.5049678148354,0,0,0,0,0,0,0,0,86.0920356325638,0,0,0,0,0,0,0,1617.55233030698,450.253532668677,0,0,0,0,0,0,0
"YA_LIW_Transect 1",8.13447361437159,0,165.398042555588,0,0,0,0,111.286783458709,0,372.928255591204,0,0,0,0,0,0,0,0,0,0,0,0,0,0,0,0,0,0,0,0,0,0,0,0,32.7405358533901,0,0,0,0,0,518.258836820804,0,0,0,0,0,0,0,0,0,0,0,0,0,0,0,158.226826857926,0,0,0,0,0,0,0,0,0,0,0,0,0,0,0,0,0,0,0,0,0,0,0,0,0,0,0,0,0,0,0,0,0,0,0,0,0,0,0,0,3.69279779074967,0,0,0,0,0,51.5650361675116,22.9859123224432,23.3356364661396,0,0,0,0,0,0,0,0,0,0,0,0,0,0,0,3.27129243449703,0,0,0,0,49.7089663352754,0,32.7774353312863,0,0,0,0,0,0,0,0,0,0,0,0,0,0,0,0,0,0,0,0,0,0,0,0,0,0,0,0,68.7611113669497,0,0,0,0,0,0,0,0,0,0,0,0,0,0,0,0,0,0,0,0,0,0,0,0,0,0,0,0,0,0,110.721956729919,0,0,0,0,0,0,596.073021247263,0,0,3.88739209214457,0,0,7.50399081500354,0,104.759558675605,0,0,0,0,0,0,0,0,0,0,0,0,0,0,0,0,0,0,0,0,0,0,0,0
"YA_LIW_Transect 2",5.42841853447602,0,70.9846785027748,0,0,0,0,75.909991809097,0,0,0,0,0,0,0,0,0,0,0,0,0,0,0,0,0,0,0,0,0,0,0,0,0,0,0,0,0,0,0,0,20.1930849092771,0,0,0,0,0,0,0,0,0,0,0,0,0,0,0,715.84957657853,0,0,0,0,0,0,0,0,0,0,2.78165410421473,0,0,0,0,0,0,0,0,0,0,0,0,0,0,0,0,0,0,0,0,0,0,0,0,0,0,0,0,37.6431326125666,0,146.749702014738,0,0,0,0,154.63018646314,0,0,0,0,19.7733738217055,0,0,0,0,0,0,0,0,0,0,1.54581914398633,0,0,0,0,0,0,50.1157704195386,0,17.6883290426851,0,0,0,0,0,20.9932255470159,0,0,0,0,0,0,0,0,0,0,26.7406696250753,0,0,0,0,0,0,0,0,0,0,0,109.91189180176,0,0,0,0,0,0,0,0,0,0,0,0,0,0,0,0,0,0,0,0,0,0,0,0,0,0,0,0,0,0,73.8199303637127,0,0,0,0,0,0,789.919267513032,0,0,0,0,0,20.0496076716098,0,0,0,0,0,0,0,0,0,22.3586240717556,0,0,0,0,0,0,0,0,0,0,0,0,0,0,0,0
"YA_LIW_Transect 3",2.21458844313922,0,65.4827754610352,0,0,0,0,94.5656296322145,0,0,0,0,0,44.7205424461084,0,0,0,0,0,0,0,0,0,0,0,0,0,0,0,0,0,60.0220675173548,0,0,12.7902649622499,0,0,0,0,0,15.3328685765811,0,168.624527052316,0,0,0,0,0,0,0,0,0,0,0,0,0,376.149366326392,0,0,0,0,0,0,5.22772641713263,0,0,0,6.39274655007562,0,0,0,0,0,0,0,0,0,0,0,0,0,0,0,0,0,0,0,0,0,0,0,0,0,353.644745703988,0,0,0,0,0,0,0,0,0,44.2132682329159,0,0,0,0,0,0,0,0,0,0,0,0,0,0,0,0,0,3.4873913971136,0,0,0,0,171.81154275941,0,0,0,0,0,0,0,102.475486720649,0,40.9388474974763,0,0,0,0,0,0,0,0,0,0,0,0,0,0,0,0,28.4567102095209,0,0,0,67.4553988186241,0,0,0,0,0,104.976310286837,0,0,0,0,0,0,0,0,0,0,0,296.678279414646,0,0,0,0,0,0,0,0,0,0,0,0,0,0,0,0,0,0,0,0,0,0,0,0,0,31.9506904908182,0,0,0,0,0,0,0,0,0,0,13.6275690628344,0,0,0,0,0,0,0,0,0,0,0,0,0,0,0
"YA_LIW_Transect 4",104.053826899682,0,293.654963823685,0,0,59.2101900339103,0,43.7945142100224,0,1408.54847017013,0,0,87.9456999117996,0,0,0,0,0,0,0,0,0,0,0,0,0,0,0,0,0,0,0,0,27.4469267768184,108.353752204301,0,0,128.442895388596,0,0,86.6246399485009,0,0,209.040856963615,0,0,0,45.5714911545629,0,0,0,0,0,0,0,0,377.168273179162,0,0,0,0,63.7225151574056,0,0,0,0,0,0,0,0,0,0,0,0,0,0,0,0,0,0,116.726529571526,0,60.7776044478491,0,0,0,0,0,0,0,0,0,0,223.582657266033,0,0,0,0,0,0,0,0,0,7.72050196845656,0,145.227116578706,0,0,0,0,0,16.4274669783795,0,0,0,0,0,0,0,0,0,0,0,14.8994318307176,0,0,66.8997446844209,0,134.149210187995,0,0,0,0,0,0,0,360.381453519483,0,0,0,0,0,0,0,0,0,12.7484809973772,0,0,0,0,0,0,29.893072351313,0,0,0,28.5824360156477,0,0,0,0,0,0,214.245416153507,0,0,37.4858894652836,70.497099862887,0,0,0,0,0,0,739.406597009047,0,0,0,0,0,0,0,0,0,0,0,0,0,0,0,0,0,0,0,721.872118613175,10.8794993919792,0,0,0,0,546.42072660295,0,0,3.12829107343239,0,0,0,0,0,0,23.3038727561178,0,0,0,0,0,0,0,0,131.116436125401,13.9896458275884,0,0,0,0,0,0
"YA_LIW_Transect 5",0,140.364600182846,0,0,0,0,0,17.2178805261785,0,0,0,0,0,93.7327773762797,0,0,0,0,0,0,0,0,0,0,0,0,0,0,0,0,0,0,0,0,40.8673579387653,0,0,0,0,0,0,0,0,0,0,0,0,0,0,0,0,0,0,0,0,0,158.226826857926,0,0,0,0,0,0,0,0,0,0,2.67396514567798,0,0,0,0,0,0,0,0,0,0,0,0,0,0,0,0,0,0,0,0,0,0,0,0,0,0,0,0,0,0,0,0,0,0,0,15.9724163623319,0,35.2189078459159,0,0,0,0,0,4.23789117454487,0,0,0,0,0,0,0,8.38976451452356,0,10.1526292497364,0,0,0,0,179.68557582399,0,9.9911642243966,0,0,0,0,0,0,0,0,0,0,0,0,0,0,0,0,0,0,0,0,0,0,0,0,0,0,0,0,44.5740273681616,0,0,0,0,0,0,0,0,0,0,0,0,0,0,0,0,0,0,0,0,0,0,0,0,0,0,0,0,0,0,61.2777548598367,0,0,0,0,0,0,14.4716984089259,0,0,4.43228234735713,0,0,5.96749342913798,0,0,0,0,0,7.05521315094944,0,0,0,11.8963321573286,0,0,0,0,0,0,0,0,0,0,0,0,0,0,0,0
"YA_MAC_Transect 1",8.59187289617247,0,284.492707257639,0,0,18.9934010134216,0,0,0,0,0,0,0,0,0,0,0,0,1625.447928771,0,0,0,1641.54390719706,0,0,0,0,0,0,0,1899.31015901572,0,0,0,0,0,0,0,0,0,0,0,0,0,0,11.8489725684578,0,0,0,0,0,0,0,0,1432.77399975517,0,402.204493109728,0,0,196.299204183403,35.8492003895494,71.7724864424332,0,0,0,0,0,0,360.276946270165,0,67.4901988258221,353.910311595767,0,0,0,0,0,0,0,0,0,0,0,0,0,0,0,0,0,0,0,0,0,0,0,5.2477617576066,0,0,0,0,0,12.9828892780666,0,0,0,0,0,0,0,0,0,7.6337067863698,456.995204967486,800.848106443567,0,0,40.3475357573671,0,0,0,205.065266022969,0,3.50200111982359,0,0,29.1627142238656,0,11.83012889398,0,0,0,1724.18018306765,0,0,0,0,0,0,63.6580980840374,0,0,0,0,0,0,0,0,0,278.892605727627,0,0,0,0,0,136.473285618947,0,970.196352199551,0,0,0,0,0,0,0,0,0,0,0,0,0,0,0,0,0,0,1095.27021332624,0,0,0,0,0,0,0,0,0,0,0,0,0,0,0,0,0,0,0,323.769897396166,0,0,0,0,0,206.97401309233,37.6342764972929,0,0,0,0,12.7409909067627,0,0,0,21.0540510019995,0,0,0,0,0,0,0,0,0,0,0,0,0,0,0,0
"YA_MAC_Transect 2",0,0,0,0,0,24.542397961637,0,0,0,0,0,0,0,0,0,0,0,0,6405.27394134061,0,0,0,0,0,0,556.252236705482,0,0,0,0,2659.03422262201,16.7326516764545,0,0,0,0,0,0,0,0,0,0,0,0,0,0,0,0,0,0,0,0,0,0,0,0,0,243.000375399179,0,66.5834666307012,0,0,0,0,76.2617429344502,0,0,0,423.487395817571,0,0,0,0,0,0,0,0,0,0,0,0,0,0,0,0,0,0,0,0,0,0,0,0,0,0,0,0,0,0,0,0,17.2940490343434,0,0,0,33.2997947141253,34.1272998413788,0,0,0,0,0,30.4913736308247,425.312876504432,0,0,0,0,0,0,0,0,39.2302569314595,0,0,0,0,4.12876543084768,0,0,0,20343.4371646783,0,0,0,0,0,0,0,22.2368177939853,0,0,0,0,0,0,0,0,0,0,0,0,0,0,46.0294173583496,0,604.722650180326,0,0,0,0,0,0,0,0,0,0,0,0,0,0,0,0,0,0,0,0,0,0,267.544702794037,0,0,0,0,0,0,0,0,0,0,0,0,0,0,0,0,0,0,0,0,0,93.7506550766652,0,0,0,0,0,6.37049545338133,0,0,0,21.8128486706195,0,0,0,0,0,0,0,0,0,0,0,0,0,0,0,0
"YA_MAC_Transect 3",12.5610610925861,0,0,0,0,10.1783079523298,0,21.6833059027549,0,0,0,0,0,0,0,0,0,0,0,0,0,0,0,0,34.478265017204,0,0,0,327.897609963936,0,0,0,0,0,0,0,0,4.9336138604197,0,0,0,0,0,0,0,0,0,0,0,0,0,0,18.4403862018242,0,0,0,0,138.857957816971,0,940.772478842021,35.8492003895494,0,0,0,7.24950133112641,0,0,0,417.48320325848,0,0,0,0,0,0,0,0,0,0,0,0,0,0,0,0,0,0,0,0,0,348.855556889964,0,0,0,0,0,0,0,0,0,0,0,0,0,0,33.2997947141253,34.1272998413788,0,0,0,0,0,103.919239875405,500.252254877868,0,0,0,0,0,0,0,0,2.84881609716997,0,0,0,0,7.77344306377181,20.5878596635867,0,0,528.257375770096,0,0,0,0,231.951505568627,0,0,19.9592303424942,0,0,0,0,0,0,0,13.0547536075591,241.66728641157,0,0,0,0,0,22.9822236290715,0,380.409235231278,0,0,0,0,0,0,0,0,0,0,0,0,0,0,0,0,0,0,0,0,0,0,0,0,0,0,0,0,0,0,0,0,0,0,0,0,0,0,0,0,0,0,0,0,47.8106490086116,24.2470467173458,60.3965680198915,0,0,0,12.7409909067627,0,0,0,0,0,0,0,0,0,0,0,0,0,0,0,0,0,0,0,0
"YA_MAC_Transect 4",12.91643426126,0,0,0,0,13.0906957289247,0,7.45483184799773,0,0,0,0,0,0,0,0,0,0,510.22483153076,0,0,0,0,0,0,0,0,0,0,0,0,0,0,0,35.9953850167633,0,0,0,0,0,0,0,0,0,0,0,0,0,0,0,0,0,0,0,0,0,126.032105512551,0,0,16.8127214449134,0,0,0,0,68.603553993268,0,0,0,570.601612198259,0,0,0,0,0,0,0,0,0,0,0,0,0,7.19696724750647,0,0,0,0,0,0,0,0,0,0,0,0,0,0,0,0,0,0,0,0,0,0,0,0,0,0,0,0,0,15.8632192984597,752.22310488269,0,0,0,0,0,0,0,0,6.254184330977,0,0,27.9819449688085,0,12.7680943894408,121.429669223909,0,0,10555.3710630809,0,0,0,0,0,0,0,0,0,0,0,0,0,0,0,0,0,0,0,0,0,0,15.1469908064874,0,254.127294692805,0,0,0,0,0,0,0,268.74917173015,0,0,0,0,0,0,0,0,0,0,0,0,0,0,0,0,0,0,0,0,0,0,79.6785147894622,34.5595282109639,0,0,0,0,0,0,0,0,0,0,0,0,0,11.5337318652859,333.55058234683,0,0,0,38.222972720288,0,0,0,0,0,0,0,0,0,0,0,0,0,0,0,0,0,0,0,0
"YA_MAC_Transect 5",67.6402208900339,0,0,0,0,72.9843751539919,0,0,0,0,0,0,0,0,0,0,0,0,0,0,0,0,0,0,0,0,0,0,0,0,0,0,0,0,504.67994845179,0,0,0,0,0,50.7390192550288,0,0,0,0,0,0,0,0,0,0,0,0,0,0,0,303.929587689672,639.362662815207,0,5.60424048163779,0,0,0,0,76.3898938433748,0,0,8.80853320201518,1776.99292643877,0,0,353.910311595767,0,0,0,0,63.2719986039894,0,0,0,0,0,7.19696724750647,0,0,0,0,0,0,0,0,0,0,79.0987468437037,227.792866898645,0,0,0,0,0,0,0,0,0,0,0,0,0,0,0,0,0,33.2708748072615,1068.81571225424,0,0,0,0,0,0,0,0,0,0,0,63.4388595883743,2.60614388165212,3.47672180023731,60.3687787932484,0,0,2112.62921241792,0,0,0,0,231.951505568627,136.539423167639,0,0,0,0,0,0,0,0,0,0,0,0,0,0,0,0,41.8749390471409,0,53.2006384771264,0,0,0,0,0,0,0,237.121956336116,0,0,0,0,0,0,0,0,0,0,0,0,0,0,0,40.5188798440629,0,0,0,0,17.8408229557358,0,0,0,0,0,0,0,0,0,20.8698959555327,98.7331274933781,0,5.9719907678703,0,0,117.517404948732,50.8578566078752,0,0,0,0,31.8524772669067,0,0,0,0,0,0,0,0,0,0,0,0,0,0,0,0,0,0,0,0
"YA_VUI_Transect 1",0,0,43.4505007363074,0,0,0,0,0,0,0,0,0,0,0,0,0,0,0,0,0,0,0,0,0,0,0,0,0,0,0,0,0,0,0,0,0,0,162.294716983716,259.784690108362,0,0,0,0,0,0,0,0,0,0,0,0,0,0,0,0,0,1023.31858743572,316.889543877426,0,0,0,44.9867263463025,0,0,0,49.85613946021,0,10.552595155618,0,0,0,0,0,0,0,0,0,0,0,0,0,0,0,0,0,0,0,0,0,0,0,0,0,0,0,0,0,0,0,0,0,0,0,8.47383031570091,0,0,14.3305104513525,0,0,0,47.5281920776074,0,0,0,0,0,0,0,0,0,0,0,0,0,0,95.1662916434822,0,88.7112323016879,16.3196798974916,0,0,0,0,0,0,0,0,0,0,0,0,0,0,55.664786825114,0,0,0,0,32.7713529353942,0,0,0,0,0,100.788894215366,0,23.8413750768507,0,0,0,0,0,0,0,0,0,0,0,0,0,0,0,0,0,0,0,0,0,0,0,0,0,0,0,0,0,42.5582982350668,0,0,0,0,0,0,0,0,457.659385025731,0,0.909054383865056,22.6766310449033,0,0,499.267493591754,11.3298809307256,0,103.633529151003,0,0,0,0,0,0,44.8304457613506,0,0,0,0,0,0,0,0,0,0,0,0,0,0,0,0
"YA_VUI_Transect 2",0,0,0,0,0,0,0,22.0772499195583,0,0,0,0,0,0,0,0,0,0,0,0,0,0,0,0,0,0,0,0,0,0,0,0,0,0,13.4051849486381,0,0,0,0,145.330829979305,65.5448300174189,0,0,0,0,21.0110032104266,0,0,0,0,0,0,0,0,0,0,1007.16453969014,1079.59341423247,0,0,0,0,0,0,0,382.168213437645,0,0,0,0,0,0,0,0,750.601872733751,0,0,0,0,25.2414205973428,0,0,15.5422425425849,0,0,0,0,0,0,0,0,41.3812505792495,0,0,0,0,0,0,0,0,0,0,0,0,0,0,0,0,0,0,0,0,0,0,0,0,0,0,0,0,13.0756334409989,0,0,0,0,245.24886040703,0,14.3985746668216,8.15983994874582,0,0,0,0,0,0,0,155.164961404876,0,0,0,0,0,0,252.939071172403,0,0,11.694573383851,0,0,0,0,0,0,0,6.4086306541492,0,0,0,0,0,0,547.096192020497,0,0,0,0,0,14.389134632474,0,0,0,0,19.8384660455857,0,0,0,0,0,0,0,0,0,0,0,0,0,0,0,0,0,0,0,0,0,6.84844676378376,11.5726811513951,0,0,0,0,0,28.6796726406285,0.986053978037558,886.251671139838,6.98502648093613,0,0,14.1104263018989,0,0,0,0,0,0,0,0,0,0,0,0,0,21.5930206529765,0,0,0,0,0,0
"YA_VUI_Transect 3",12.3260980783419,0,154.69380038017,0,6.99556281335069,0,0,0,0,0,0,0,0,0,0,0,0,0,0,0,0,0,0,0,0,0,0,0,0,0,0,0,0,0,0,0,0,0,254.57128146574,0,35.8196746795788,0,0,0,0,0,0,0,0,0,0,0,0,0,0,0,753.87183162763,0,0,0,0,73.8989179395081,0,0,0,165.039486109166,0,0,0,0,0,0,0,0,0,0,0,0,0,0,0,0,0,0,0,0,0,0,123.293763937632,0,0,0,0,0,0,0,0,0,0,0,0,42.6949717995575,0,16.5473689359358,0,0,19.0067925339166,0,0,0,0,0,0,503.305894738724,0,0,0,8.0648977677053,0,0,0,0,0,0,0,116.525267312455,0,10.9507047267064,58.2126019184151,0,0,0,0,0,0,0,47.8798983084135,0,412.562142557637,0,0,0,0,0,0,0,82.1748336008153,0,0,0,0,0,0,0,115.975953199394,0,23.8413750768507,0,0,0,0,0,0,0,0,0,0,26.505085055427,0,0,0,0,0,0,0,11.8539182283904,0,0,0,0,0,0,0,0,0,0,28.8718234304894,0,34.5595282109639,0,0,0,0,0,0,604.182019202726,0,0,0,0,0,140.051382799221,8.60559145238877,415.92834323108,0,0,0,380.98151015127,0,0,0,93.2668325725062,74.9075252313991,0,0,0,0,0,0,0,0,0,0,0,0,0,0,0
"YA_VUI_Transect 4",0,0,0,0,0,0,0,43.2904393555414,0,0,0,0,0,0,0,0,0,0,0,0,0,0,0,0,0,0,0,0,0,0,0,85.7920739059543,0,0,0,0,0,0,0,0,0,0,0,0,0,3.64414297408475,0,0,0,0,0,0,0,1756.80493920247,0,0,1265.41292615623,0,0,0,0,59.3578838330249,0,0,0,0,0,0,0,0,0,0,0,0,0,0,0,0,0,0,0,0,0,0,0,0,0,0,0,0,0,165.193992392332,0,0,0,0,0,0,0,0,0,0,0,8.47383031570091,149.998259441446,3.38169140696979,36.147311813551,0,0,0,0,0,0,21.2930534034976,0,0,0,0,0,0,87.2303563082489,0,0,0,0,15.3270151621855,14.2821139390493,3.42039484433952,29.6470792011574,0,0,0,0,0,0,0,133.191748140898,0,0,0,0,0,0,0,0,0,0,0,0,0,0,0,0,0,43.5281023204712,0,0,6.81096327907597,0,0,0,0,0,0,0,19.432464906054,0,0,0,0,0,0,0,0,0,274.505273892486,0,0,0,0,0,0,0,0,0,0,0,0,0,0,0,0,0,0,0,263.107798497827,0,0,0,0,0,35.9127017607594,0,0,12.3597828469194,0,0,7.05521315094944,0,0,0,101.876867981492,0,0,0,0,0,0,0,0,0,0,0,0,0,0,0,0
"YA_VUI_Transect 5",12.039092052448,0,236.095855835353,0,0,83.6415564518914,0,36.4277561397667,0,0,0,0,0,0,0,0,0,0,0,0,0,0,0,0,0,0,0,0,0,0,0,0,0,0,13.4051849486381,0,0,0,0,0,108.443847815673,0,0,0,0,0,0,0,0,0,0,0,0,2779.31008244463,0,0,1046.51003190528,0,0,0,0,28.0646876073962,0,0,0,225.1257684163,0,0,11.3949787110807,0,0,0,0,0,0,0,0,0,0,0,0,0,0,0,0,0,0,0,0,0,0,0,0,0,0,0,0,25.2703213700993,0,0,0,19.9382055479857,0,1.84992065298862,0,22.6032181762042,15.2476179715165,0,0,0,0,0,0,894.123780130207,0,0,0,0,0,0,0,0,0,0,0,22.9806282866231,15.6915484845937,0,0,0,0,0,0,0,0,0,266.27185588152,0,203.30673453534,0,0,0,0,0,0,0,0,0,0,0,0,0,0,0,13.6104690334663,0,0,0,0,0,0,0,0,0,0,0,0,6.530742340606,0,0,0,0,0,0,0,254.613815281435,0,0,0,0,0,0,0,0,0,0,0,0,34.5595282109639,0,0,0,0,0,0,924.994348095163,0,0,0,0,0,284.865931473291,4.82029096863244,362.825349239724,0,0,0,0,24.2451978889653,0,0,0,0,0,0,0,0,0,0,0,0,0,14.6755558367834,0,0,0,0,0
