"","PC1","PC2"
"Neoglyphidodon carlsoni",-0.0259559996068001,0.170763846990663
"Acanthurus triostegus",0.113147953010359,-0.0488943570740306
"Ctenochaetus striatus",0.025028123415021,0.157751330437394
"Chaetodon auriga",-0.110441758607097,0.0445028723983406
"Chrysiptera taupou",-0.0265599587627774,0.173526839978715
"Chaetodon baronessa",-0.0834937856726095,0.159982717003924
"Chaetodon bennetti",-0.0832340387668221,0.15085610774489
"Chaetodon citrinellus",-0.0841017637612644,0.166451182936122
"Acanthurus mata",0.397007746478366,-0.116080308617204
"Acanthurus lineatus",-0.14365897203005,0.105686734216418
"Naso hexacanthus",0.500200946945621,-0.161944176987933
"Naso lituratus",0.00521656782797357,-0.0814865894040823
"Naso unicornis",0.000830691582164248,-0.103739864274204
"Halichoeres hortulanus",-0.141411713004217,-0.118084256412923
"Bodianus loxozonus",-0.149108619820539,-0.154086459358432
"Cirrhilabrus punctatus",0.258923916013354,0.155272569524786
"Aulostomus chinensis",0.00457265791887265,-0.180408644111705
"Lutjanus biguttatus",0.182870428714588,-0.292842698120919
"Lutjanus bohar",0.286855651034821,-0.330585812975271
"Lutjanus monostigma",0.189989408158244,-0.296282875129459
"Gnathodentex aureolineatus",0.0518994563362912,-0.289763330613116
"Lethrinus semicinctus",0.0772156723998229,-0.357819012612001
"Lethrinus harak",-0.0360235008557904,-0.146081232468336
"Macolor macularis",0.438602938840808,-0.196133967931347
"Monotaxis grandoculis",-0.0429407895911909,-0.399982600084147
"Macolor niger",0.451241623563524,-0.210342580783964
"Pterocaesio trilineata",0.463072640406852,-0.05467970685871
"Carangoides orthogrammus",0.302537234578324,-0.360309905097264
"Plectorhinchus vittatus",-0.166274718878595,-0.184376008232596
"Lutjanus fulvus",0.0981086154500115,-0.256331197485155
"Lutjanus gibbus",0.0205628827690931,-0.238474926606339
"Chaetodon ephippium",-0.0832769587593891,0.130082803725078
"Stegastes albifasciatus",-0.0160837264116372,0.158350998344679
"Stegastes fasciolatus",-0.0158829320934143,0.154363532456315
"Stegastes nigricans",0.0360667026074675,0.173715185369592
"Amphiprion chrysopterus",0.10234141562971,0.150756811249122
"Siganus punctatus",-0.0687545104274476,-0.0556614644590349
"Siganus doliatus",-0.0664040571231007,-0.0280503961484254
"Siganus uspi",-0.0663426160025254,-0.0258004178832186
"Acanthurus thompsoni",0.345765735898408,-0.0668145912283014
"Acanthurus nigrofuscus",-0.015896666279061,0.141488781328113
"Acanthurus leucocheilus",-0.00341879388272714,-0.0641187065908939
"Acanthurus auranticavus",0.0712447475237561,-0.0601853099450428
"Acanthurus blochii",-0.00341879388272714,-0.0641187065908939
"Plectropomus leopardus",-0.171981224402699,-0.159543302021957
"Halichoeres prosopeion",-0.142382504106683,-0.0903633282187374
"Labropsis australis",-0.0850843934701808,0.171227064858869
"Anampses caeruleopunctatus",-0.0336811932524853,-0.134369903053743
"Anampses meleagrides",-0.141123449734864,-0.107288113538818
"Anampses neoguinaicus",-0.030330174342764,-0.094232519994347
"Anampses twistii",-0.141136335678175,-0.0990959364286977
"Sargocentron caudimaculatum",-0.0372444302940626,-0.31745027229451
"Neoniphon sammara",0.32634762998556,-0.167838357525562
"Scarus globiceps",-0.128351022088209,-0.0265434155575116
"Scarus dimidiatus",-0.0118587744028989,-0.039125897782358
"Scarus spinus",-0.128664158595067,-0.0326377165412632
"Scarus schlegeli",0.0399798194714344,-0.0319944624619934
"Chlorurus bleekeri",-0.0137239234355868,-0.0499465304660228
"Chromis atripes",0.260619247461153,0.16202565175714
"Dascyllus aruanus",0.147923550010069,0.17659587604781
"Dascyllus trimaculatus",0.102135094528933,0.161631775545674
"Dascyllus reticulatus",0.148115510906461,0.178023213178429
"Pterois volitans",0.0197916819506315,-0.0438402423990564
"Synodus variegatus",-0.0608425636472726,-0.171562621582285
"Chromis atripectoralis",0.296367411308989,0.178657792925756
"Centropyge bicolor",-0.0824027423136506,0.157626970589497
"Centropyge flavissima",-0.082597211167636,0.159692857915234
"Labroides dimidiatus",-0.111749181621406,0.0620177046528736
"Amblyglyphidodon curacao",0.259601474621722,0.158907663855964
"Chrysiptera rollandi",-0.0267797297712786,0.17414358925859
"Bodianus mesothorax",-0.141293627598777,-0.113849083966781
"Hipposcarus longiceps",0.0380160102528257,-0.053003150480933
"Scarus altipinnis",0.0582933928468446,-0.0531371588519212
"Scarus forsteni",-0.138689361823349,-0.0670765552713896
"Scarus frenatus",-0.134587028361062,-0.059029682622384
"Scarus niger",-0.131489087441755,-0.0497918462193071
"Scarus oviceps",-0.129585544677262,-0.0419026863164023
"Scarus psittacus",0.0403553188478346,-0.0153158360975611
"Scarus rubroviolaceus",-0.0198057613503916,-0.0647157300087931
"Chaetodon kleinii",0.153804468264149,0.150058170946351
"Chaetodon lineolatus",-0.0832769587593891,0.130082803725078
"Chaetodon lunula",0.0687870254321435,0.105518375245316
"Chaetodon lunulatus",-0.0838844867545468,0.164384399094434
"Chaetodon mertensii",-0.112369548063349,0.064452414356878
"Forcipiger flavissimus",-0.110444565969239,0.0465368759313234
"Forcipiger longirostris",-0.110444565969239,0.0465368759313234
"Heniochus acuminatus",-0.110411750494421,0.0404568959505791
"Heniochus chrysostomus",-0.110680052601517,0.054454800521977
"Heniochus monoceros",-0.110430247240347,0.0424780811309681
"Heniochus singularius",-0.110709384499129,0.0312528762266406
"Heniochus varius",-0.110569405036686,0.0524856536611896
"Cheilinus chlorourus",-0.148018684286955,-0.151062963663725
"Cheilinus fasciatus",-0.145417855861593,-0.142974173990992
"Cheilinus trilobatus",-0.148018684286955,-0.151062963663725
"Epibulus insidiator",-0.115668559898341,-0.103678118852187
"Coris aygula",-0.164752200232745,-0.182281240407877
"Coris gaimard",-0.145417855861593,-0.142974173990992
"Gomphosus varius",-0.141880470457129,-0.124329351972255
"Halichoeres margaritaceus",-0.0310739825795844,-0.0816645740334073
"Halichoeres trimaculatus",-0.0307978380123029,-0.108166345393939
"Hemigymnus fasciatus",-0.173800391296209,-0.191493170127538
"Hemigymnus melapterus",-0.144085214842501,-0.137709979845995
"Hologymnosus doliatus",-0.017829217400488,-0.202111793600794
"Stethojulis bandanensis",-0.0305457550765627,-0.0851434343069565
"Thalassoma amblycephalum",0.224498843799681,-0.0273448169211591
"Thalassoma hardwicke",-0.030330174342764,-0.0942325199943471
"Thalassoma lunare",-0.0307304615945908,-0.104247970628161
"Thalassoma lutescens",-0.0310891910507038,-0.113949523782339
"Thalassoma quinquevittatum",-0.0303766182354265,-0.0886781374805017
"Labroides bicolor",-0.111394480814508,0.0602705267580222
"Centropyge heraldi",-0.0838782176112728,0.167184667107715
"Chromis margaritifer",0.260619247461153,0.16202565175714
"Chromis ternatensis",0.260077661142491,0.160578479079687
"Chromis viridis",0.298635006197319,0.185293016846774
"Chromis weberi",0.258778964089031,0.154307498100727
"Chromis xanthura",0.295297438730309,0.172296546238609
"Abudefduf sexfasciatus",0.258261633499944,0.149130669082315
"Amblyglyphidodon aureus",0.209655198105043,0.146163096401909
"Amblyglyphidodon leucogaster",0.258923916013354,0.155272569524786
"Chrysiptera biocellata",-0.0254382569097852,0.166745218667808
"Chrysiptera glauca",0.0247833855033168,0.189835847220582
"Chrysiptera brownriggii",-0.0265599587627773,0.173526839978715
"Neopomacentrus violascens",0.298952161811188,0.185929519337672
"Plectroglyphidodon dickii",-0.149826296840126,0.170355850062487
"Plectroglyphidodon johnstonianus",-0.142683366695043,0.154006726748885
"Pomacentrus brachialis",0.26114892126075,0.163390379401292
"Pomacentrus coelestis",0.0246669468491681,0.191305600932308
"Pomacentrus moluccensis",0.0246669468491681,0.191305600932308
"Pomacentrus philippinus",0.260077661142491,0.160578479079687
"Pomacentrus vaiuli",-0.0259559996068004,0.170763846990663
"Priacanthus hamrur",0.108993430285437,-0.337245206126363
"Kyphosus cinerascens",0.258999461930801,-0.156816931501139
"Paracirrhites arcatus",-0.165881810988367,0.0460687657635788
"Cantherhines dumerilii",-0.0706781153146468,-0.0475465811216207
"Sufflamen chrysopterum",-0.166095729523675,0.0256541933310441
"Scolopsis trilineata",-0.140974275727685,-0.103078423624785
"Scolopsis bilineata",-0.141192532585372,-0.109471861637603
"Ctenochaetus cyanocheilus",-0.0250967491798529,0.160188322978995
"Zanclus cornutus",-0.0103446370203829,-0.00957851266403941
"Zebrasoma scopas",-0.00246538283846525,-0.0571335562202824
"Paracirrhites forsteri",-0.133956447335479,0.0997780030410015
"Mulloidichthys flavolineatus",0.0131889971940572,-0.138882577539493
"Mulloidichthys vanicolensis",0.0140049721040315,-0.130691987796056
"Parupeneus barberinoides",0.0147937948787249,-0.115951354512462
"Parupeneus barberinus",-0.157119627680221,-0.171571953343682
"Parupeneus cyclostomus",-0.120224799255426,-0.121035752446807
"Parupeneus multifasciatus",-0.031726739858156,-0.123062075497589
"Ctenochaetus binotatus",-0.0252731246375516,0.147942575006459
"Balistapus undulatus",-0.141880470457129,-0.124329351972255
"Balistoides viridescens",-0.168539864605687,-0.187491927840751
"Pseudobalistes flavimarginatus",-0.157119627680221,-0.171571953343681
"Sufflamen bursa",-0.1657786481599,0.0354545524886155
"Plagiotremus rhinorhynchos",-0.00619367830546499,0.108737583909253
"Parupeneus crassilabris",-0.031726739858156,-0.123062075497589
"Pomacentrus callainus",-0.0260840714306619,0.171479441660312
"Pomacentrus spilotoceps",-0.0266482750337045,0.173774202517066
"Amblyglyphidodon orbicularis",0.260990697271727,0.162982415105187
"Thalassoma nigrofasciatum",-0.030330174342764,-0.094232519994347
"Cephalopholis argus",-0.144965055419519,-0.0161130013428598
"Arothron nigropunctatus",-0.126709900779311,-0.0513383601206137
"Amphiprion barberi",0.102232356640555,0.165125271551915
"Scarus tricolor",-0.135907835901606,-0.0625440741334317
"Cephalopholis urodeta",-0.134436737863858,0.0280303124830962
"Pomacanthus imperator",-0.146531399169059,0.109760308946428
"Sargocentron spiniferum",-0.040996338850245,-0.383276862662324
"Chaetodon oxycephalus",-0.0832421357905882,0.139753268547171
"Chaetodon pelewensis",-0.0843000368084576,0.167440672226117
"Chaetodon plebeius",-0.0836630105722333,0.16224036058666
"Chaetodon rafflesii",-0.0832839542013658,0.155396723439885
"Oxymonacanthus longirostris",-0.0844913413586985,0.168424106233179
"Pseudanthias squamipinnis",0.295297438730309,0.17229654623861
"Pygoplites diacanthus",-0.144052076934533,0.135662391682534
"Canthigaster solandri",-0.149607582303292,0.16952267957968
"Pomacentrus nigromarginatus",-0.151521167329263,0.174667477318562
"Stethojulis trilineata",-0.0305457550765627,-0.0851434343069565
"Abudefduf vaigiensis",0.257847576680647,0.140285000810632
"Chaetodon semeion",-0.110374583974786,0.0385679514004625
"Coris dorsomacula",-0.140974275727685,-0.103078423624785
"Amanses scopas",-0.140974275727685,-0.103078423624785
"Arothron manilensis",-0.142109625101828,-0.126347607592467
"Myripristis kuntee",0.324907067689384,-0.151901474536331
"Myripristis violacea",0.327550353265216,-0.175271886214191
"Epinephelus merra",-0.120050722470127,-0.176866357526606
"Plectropomus laevis",-0.176287822410436,-0.161338718002
"Heniochus diphreutes",0.257914257042138,0.138141443432732
"Chaetodon trifascialis",-0.0832839542013658,0.155396723439885
"Chaetodon ulietensis",-0.0904847180318367,0.167079745531954
"Chaetodon unimaculatus",-0.083234038766822,0.15085610774489
"Chaetodon vagabundus",-0.110441758607099,0.0445028723983401
"Helcogramma striatum",-0.0021651766306643,0.174135317724501
"Caesio caerulaurea",0.465568695588003,-0.101726492444523
"Caesio teres",0.468202820071027,-0.114448828606384
"Gymnocaesio gymnoptera",0.464159298308142,-0.0481285783530556
"Pterocaesio tile",0.463090601885279,-0.0873542191123822
"Cetoscarus ocellatus",-0.0021325225591923,-0.108964191514596
"Chlorurus spilurus",-0.128664158595067,-0.0326377165412633
"Oxycheilinus digrammus",-0.143307862924512,-0.0884150453787739
"Plagiotremus flavus",-0.173295286567015,0.0671016976674695
"Thalassoma sp",-0.0538009142099024,0.0658655404209565
"Chaetodon sp",-0.17182438316225,0.0662121165231073
"Oxycheilinus sp",-0.143307862924512,-0.0884150453787739
"Acanthurus sp",-0.143848515046491,0.159766399319662
"Pomacentrus maafu",-0.154365090921629,0.178365519266129
"Scarus sp",-0.121967517891266,-0.0280596132370797
"Stethojulis sp",-0.0330870433623943,-0.0780541135113019
"Cephalopholis sp",-0.166077348351425,0.0485320855719437
"Chromis sp",0.102282019429095,0.170360675062243
"Pomacentrus sp",-0.154365090921629,0.178365519266129
"Ctenochaetus sp",-0.149470197170618,0.169027819208193
"Halichoeres sp",-0.174624521992666,0.0678501919055171
"Siganus sp",-0.0658747027539171,-0.0169438559774684
"Stegastes lacrymatus",-0.150291993728708,0.171949334828778
"Chlorurus sp",-0.128664158595067,-0.0326377165412633
"Neoglyphidodon sp",-0.150291993728708,0.171949334828778
"Plectroglyphidodon fasciolatus",-0.0158829320934142,0.154363532456315
"Pterocaesio sp",0.357469441978038,-0.0395869485234515
"Zebrasoma velifer",-0.0687545104274476,-0.0556614644590349
"Plectropomus sp",-0.132717740636778,-0.14076197234566
"Cirrhilabrus sp",0.263400069480682,0.167585167546386
"Lethrinus sp",-0.140974275727685,-0.103078423624785
"Naso sp",0.120629360765591,-0.024795902634703
"Cheilinus sp",-0.141705438925581,-0.0933814012220142
"Chrysiptera sp",-0.0964933243818209,0.184513217239919
"Stegastes sp",-0.145891255344083,0.164849905489883
"Arothron sp",-0.141293627598777,-0.113849083966782
"Lutjanus sp",-0.141597800774679,-0.0942082698031089
"Taeniamia kagoshimana",0.399427176441759,0.127516048384188
"Pseudanthias sp",-0.00203754422020906,0.173815046621992
