Filename,Frame,Time (mins),Period,Period time (mins),Length (mm),Precision (mm),RMS (mm),Range (mm),Direction (deg),Horz. Dir. (deg),Vert. Dir. (deg),Mid X (mm),Mid Y (mm),Mid Z (mm),OpCode,TapeReader,Family,Genus,Species,Code,Number,Stage,Activity,Comment,,
GX010029_L.MP4,43519,24.2014,KAD_SO1_Transect 1,0.2458,77.32,4.499,9.537,2002.904,21.666,42.682,10.31,-479.663,-562.788,-1861.402,KAD_SO1,Peter,Pomacentridae,Neoglyphidodon,carlsoni,temp_code_008,1,AD,Passing,,,
GX010029_L.MP4,43552,24.2198,KAD_SO1_Transect 1,0.2642,81.468,3.286,2.836,3300.791,10.379,3.571,18,161.626,-572.278,-3246.782,KAD_SO1,Peter,Chaetodontidae,Chaetodon,trifascialis,37365058,1,AD,Passing,,,
GX010029_L.MP4,43570,24.2298,KAD_SO1_Transect 1,0.2742,122.889,12.145,1.867,4533.979,20.079,10.403,4.552,-1386.984,-706.59,-4258.4,KAD_SO1,Peter,Scaridae,Chlorurus,spilurus,temp_code_002,1,AD,Passing,,,
GX010029_L.MP4,43601,24.247,KAD_SO1_Transect 1,0.2914,,8.326,3.969,4094.442,30.044,,,2032.041,-272.4,-3544.16,KAD_SO1,Peter,Acanthuridae,Acanthurus,sp,,1,AD,Passing,,,
GX010029_L.MP4,43601,24.247,KAD_SO1_Transect 1,0.2914,,8.349,9.725,4139.119,31.333,,,2133.354,-287.776,-3535.292,KAD_SO1,Peter,Acanthuridae,Acanthurus,sp,,1,AD,Passing,,,
GX010029_L.MP4,43601,24.247,KAD_SO1_Transect 1,0.2914,,5.374,14.295,3122.585,28.291,,,-1165.999,-913.013,-2749.071,KAD_SO1,Peter,Chaetodontidae,Chaetodon,sp,,1,AD,Passing,,,
GX010029_L.MP4,43601,24.247,KAD_SO1_Transect 1,0.2914,190.379,14.185,13.615,3165.474,23.984,76.659,6.911,-943.589,-874.788,-2892.163,KAD_SO1,Peter,Scaridae,Chlorurus,spilurus,temp_code_002,1,AD,Passing,,,
GX010029_L.MP4,43601,24.247,KAD_SO1_Transect 1,0.2914,171.747,10.519,4.873,2643.574,20.75,70.838,10.589,-530.536,-771.818,-2472.107,KAD_SO1,Peter,Scaridae,Chlorurus,spilurus,temp_code_002,1,AD,Passing,,,
GX010029_L.MP4,43601,24.247,KAD_SO1_Transect 1,0.2914,109.729,2.917,9.539,2477.776,22.622,7.126,5.746,-465.527,-831.658,-2287.138,KAD_SO1,Peter,Scaridae,Chlorurus,spilurus,temp_code_002,1,AD,Passing,,,
GX010029_L.MP4,43601,24.247,KAD_SO1_Transect 1,0.2914,197.297,18.86,2.763,3989.3,28.956,71.351,12.351,1915.226,-249.014,-3490.618,KAD_SO1,Peter,Scaridae,Chlorurus,spilurus,temp_code_002,1,AD,Passing,,,
GX010029_L.MP4,43601,24.247,KAD_SO1_Transect 1,0.2914,178.455,15.637,4.078,3844.018,30.271,69.511,25.05,1901.899,-371.02,-3319.88,KAD_SO1,Peter,Scaridae,Chlorurus,spilurus,temp_code_002,1,AD,Passing,,,
GX010029_L.MP4,43601,24.247,KAD_SO1_Transect 1,0.2914,,9.653,3.441,4174.786,24.552,,,1631.013,-592.991,-3796.973,KAD_SO1,Peter,Scaridae,Chlorurus,spilurus,temp_code_002,1,AD,Passing,,,
GX010029_L.MP4,43601,24.247,KAD_SO1_Transect 1,0.2914,145.128,8.938,4.406,3881.394,16.121,15.259,21.612,747.93,-775.992,-3728.761,KAD_SO1,Peter,Labridae,Halichoeres,hortulanus,37384112,1,AD,Passing,,,
GX010029_L.MP4,43601,24.247,KAD_SO1_Transect 1,0.2914,75.314,6.403,2.835,3204.495,24.049,6.505,11.323,1114.18,-681.182,-2926.325,KAD_SO1,Peter,Labridae,Stethojulis,bandanensis,37384154,1,AD,Passing,,,
GX010029_L.MP4,43601,24.247,KAD_SO1_Transect 1,0.2914,81.428,4.65,1.707,2318.039,22.932,24.43,0.616,766.796,-477.283,-2134.838,KAD_SO1,Peter,Labridae,Thalassoma,hardwicke,37384165,1,AD,Passing,,,
GX010029_L.MP4,43606,24.2498,KAD_SO1_Transect 1,0.2942,139.596,9.598,6.575,3345.934,26.978,32.881,22.427,1267.487,-835.127,-2981.831,KAD_SO1,Peter,Mullidae,Parupeneus,pleurostigma,37355027,1,AD,Passing,,,
GX010029_L.MP4,43606,24.2498,KAD_SO1_Transect 1,0.2942,,5.97,10.369,3368.253,31.251,,,1603.511,-696.109,-2879.116,KAD_SO1,Peter,Labridae,Thalassoma,hardwicke,37384165,1,AD,Passing,,,
GX010029_L.MP4,43610,24.252,KAD_SO1_Transect 1,0.2964,,13.909,4.516,5168.262,29.089,,,2337.777,-923.696,-4515.808,KAD_SO1,Peter,Lutjanidae,Lutjanus,gibbus,37346028,1,AD,Passing,,,
GX010029_L.MP4,43615,24.2548,KAD_SO1_Transect 1,0.2992,145.278,8.089,4.432,3966.95,19.062,14.698,6.75,-484.119,-1201.751,-3749.416,KAD_SO1,Peter,Scaridae,Chlorurus,spilurus,temp_code_002,1,AD,Passing,,,
GX010029_L.MP4,43615,24.2548,KAD_SO1_Transect 1,0.2992,170.183,12.443,4.989,4045.953,16.48,23.703,3.69,348.929,-1093.457,-3879.734,KAD_SO1,Peter,Scaridae,Chlorurus,spilurus,temp_code_002,1,AD,Passing,,,
GX010029_L.MP4,43615,24.2548,KAD_SO1_Transect 1,0.2992,104.037,8.338,5.916,3416.661,21.507,23.349,23.884,588.69,-1105.651,-3178.766,KAD_SO1,Peter,Scaridae,Chlorurus,spilurus,temp_code_002,1,AD,Passing,,,
GX010029_L.MP4,43615,24.2548,KAD_SO1_Transect 1,0.2992,135.285,9.371,1.838,3858.514,23.583,17.976,32.726,1075.896,-1106.996,-3536.261,KAD_SO1,Peter,Scaridae,Chlorurus,spilurus,temp_code_002,1,AD,Passing,,,
GX010029_L.MP4,43615,24.2548,KAD_SO1_Transect 1,0.2992,,12.712,3.987,4554.943,17.729,,,721.846,-1186.957,-4337.923,KAD_SO1,Peter,Scaridae,Chlorurus,spilurus,temp_code_002,1,AD,Passing,,,
GX010029_L.MP4,43615,24.2548,KAD_SO1_Transect 1,0.2992,,10.291,5.506,4202.687,22.44,,,-1047.183,-1217.554,-3883.754,KAD_SO1,Peter,Scaridae,Chlorurus,spilurus,temp_code_002,1,AD,Passing,,,
GX010029_L.MP4,43615,24.2548,KAD_SO1_Transect 1,0.2992,,28.784,7.238,7011.511,18.655,,,-1313.652,-1821.62,-6642.086,KAD_SO1,Peter,Scaridae,Chlorurus,sp,,1,AD,Passing,,,
GX010029_L.MP4,43639,24.2681,KAD_SO1_Transect 1,0.3125,112.153,4.691,3.127,3553.533,18.052,5.728,8.703,462.996,-999.132,-3378.605,KAD_SO1,Peter,Acanthuridae,Acanthurus,sp,,1,AD,Passing,,,
GX010029_L.MP4,43639,24.2681,KAD_SO1_Transect 1,0.3125,129.911,8.364,5.837,3761.743,18.351,18.524,24.162,-60.504,-1182.785,-3570.443,KAD_SO1,Peter,Scaridae,Chlorurus,spilurus,temp_code_002,1,AD,Passing,,,
GX010029_L.MP4,43680,24.2909,KAD_SO1_Transect 1,0.3353,,4.678,1.968,2731.107,18.742,,,714.022,-511.656,-2585.986,KAD_SO1,Peter,Labridae,Thalassoma,hardwicke,37384165,1,AD,Passing,,,
GX010029_L.MP4,43736,24.3221,KAD_SO1_Transect 1,0.3665,,7.168,1.55,3393.344,12.345,,,426.842,-588.539,-3314.545,KAD_SO1,Peter,Acanthuridae,Acanthurus,sp,,1,AD,Passing,,,
GX010029_L.MP4,43736,24.3221,KAD_SO1_Transect 1,0.3665,,6.371,3.688,3183.816,13.992,,,453.439,-623.87,-3088.991,KAD_SO1,Peter,Acanthuridae,Acanthurus,sp,,1,AD,Passing,,,
GX010029_L.MP4,43757,24.3338,KAD_SO1_Transect 1,0.3782,121.855,10.175,0.98,3750.134,26.362,18.477,19.109,1536.826,-641.166,-3360.146,KAD_SO1,Peter,Scaridae,Chlorurus,spilurus,temp_code_002,1,AD,Passing,,,
GX010029_L.MP4,43757,24.3338,KAD_SO1_Transect 1,0.3782,129.191,8.44,9.717,3647.298,24.837,4.502,11.335,1390.97,-642.126,-3309.934,KAD_SO1,Peter,Scaridae,Chlorurus,spilurus,temp_code_002,1,AD,Passing,,,
GX010029_L.MP4,43757,24.3338,KAD_SO1_Transect 1,0.3782,124.065,12.339,4.62,4472.755,27.722,3.849,26.613,2004.539,-557.685,-3959.337,KAD_SO1,Peter,Scaridae,Chlorurus,spilurus,temp_code_002,1,AD,Passing,,,
GX010029_L.MP4,43757,24.3338,KAD_SO1_Transect 1,0.3782,,9.365,2.94,3964.307,19.993,,,1162.769,-698.723,-3724.981,KAD_SO1,Peter,Scaridae,Chlorurus,spilurus,temp_code_002,1,AD,Passing,,,
GX010029_L.MP4,43757,24.3338,KAD_SO1_Transect 1,0.3782,,11.772,8.888,4607.26,22.992,,,1720.593,-529.885,-4240.947,KAD_SO1,Peter,Scaridae,Chlorurus,spilurus,temp_code_002,1,AD,Passing,,,
GX010029_L.MP4,43757,24.3338,KAD_SO1_Transect 1,0.3782,,13.211,6.459,4822.227,20.954,,,1624.385,-581.724,-4502.982,KAD_SO1,Peter,Scaridae,Chlorurus,spilurus,temp_code_002,1,AD,Passing,,,
GX010029_L.MP4,43757,24.3338,KAD_SO1_Transect 1,0.3782,,11.259,16.159,4535.835,24.13,,,1778.246,-527.863,-4139.202,KAD_SO1,Peter,Scaridae,Chlorurus,spilurus,temp_code_002,1,AD,Passing,,,
GX010029_L.MP4,43757,24.3338,KAD_SO1_Transect 1,0.3782,,8.935,4.807,4178.451,29.14,,,1976.827,-483.804,-3649.32,KAD_SO1,Peter,Scaridae,Chlorurus,spilurus,temp_code_002,1,AD,Passing,,,
GX010029_L.MP4,43817,24.3671,KAD_SO1_Transect 1,0.4115,76.073,2.976,8.956,2050.015,27.353,3.507,10.794,803.21,-492.038,-1820.801,KAD_SO1,Peter,Labridae,Thalassoma,hardwicke,37384165,1,AD,Passing,,,
GX010029_L.MP4,43850,24.3855,KAD_SO1_Transect 1,0.4299,,10.722,3.79,4400.59,24.09,,,1694.124,-599.155,-4016.982,KAD_SO1,Peter,Chaetodontidae,Chaetodon,citrinellus,37365036,1,AD,Passing,,,
GX010029_L.MP4,43850,24.3855,KAD_SO1_Transect 1,0.4299,,10.231,3.471,4250.209,23.788,,,1553.134,-728.059,-3888.699,KAD_SO1,Peter,Chaetodontidae,Chaetodon,citrinellus,37365036,1,AD,Passing,,,
GX010029_L.MP4,43922,24.4255,KAD_SO1_Transect 1,0.4699,117.435,8.002,9.15,3359.276,21.455,21.522,10.017,676.581,-1025.699,-3126.487,KAD_SO1,Peter,Labridae,Thalassoma,nigrofasciatum,37384196,1,AD,Passing,,,
GX010029_L.MP4,43959,24.4461,KAD_SO1_Transect 1,0.4905,,13.273,2.627,4774.626,7.423,,,-211.109,-582.393,-4734.269,KAD_SO1,Peter,Scaridae,Chlorurus,spilurus,temp_code_002,1,AD,Passing,,,
GX010029_L.MP4,43959,24.4461,KAD_SO1_Transect 1,0.4905,,11.366,3.553,4526.135,20.866,,,-1460.461,-685.167,-4228.889,KAD_SO1,Peter,Labridae,Gomphosus,varius,37384106,1,AD,Passing,,,
GX010029_L.MP4,44012,24.4756,KAD_SO1_Transect 1,0.52,,10.008,10.459,4067.472,9.619,,,373.927,-569.854,-4009.96,KAD_SO1,Peter,Labridae,Stethojulis,sp,,1,AD,Passing,,,
GX010029_L.MP4,44158,24.5568,KAD_SO1_Transect 1,0.6012,62.826,2.095,2.088,1735.597,18.737,11.524,15.847,418.991,-367.792,-1643.615,KAD_SO1,Peter,Pomacentridae,Neoglyphidodon,carlsoni,temp_code_008,1,AD,Passing,,,
GX010029_L.MP4,44273,24.6207,KAD_SO1_Transect 1,0.6651,,5.838,2.725,3047.829,12.623,,,498.711,-443.218,-2973.904,KAD_SO1,Peter,Labridae,Stethojulis,sp,,1,AD,Passing,,,
GX010029_L.MP4,44301,24.6363,KAD_SO1_Transect 1,0.6807,65.061,2.557,3.548,2528.389,19.211,2.413,13.25,-331.711,-762.969,-2387.592,KAD_SO1,Peter,Pomacentridae,Neoglyphidodon,carlsoni,temp_code_008,1,AD,Passing,,,
GX010029_L.MP4,44495,24.7442,KAD_SO1_Transect 1,0.7886,,5.35,7.403,3130.657,25.561,,,1345.192,-124.265,-2824.187,KAD_SO1,Peter,Pomacentridae,Dascyllus,reticulatus,37372074,1,AD,Passing,,,
GX010029_L.MP4,44495,24.7442,KAD_SO1_Transect 1,0.7886,,4.975,2.791,3086.49,29.036,,,1485.174,-197.762,-2698.439,KAD_SO1,Peter,Pomacentridae,Dascyllus,reticulatus,37372074,1,AD,Passing,,,
GX010029_L.MP4,44495,24.7442,KAD_SO1_Transect 1,0.7886,135.167,8.441,4.949,2574.197,29.012,86.583,8.024,1173.975,-424.746,-2251.191,KAD_SO1,Peter,Labridae,Thalassoma,nigrofasciatum,37384196,1,AD,Passing,,,
GX010029_L.MP4,44569,24.7853,KAD_SO1_Transect 1,0.8297,,3.603,7.438,2531.933,26.11,,,-1008.8,-474.628,-2273.266,KAD_SO1,Peter,Pomacentridae,Stegastes,lacrymatus,temp_code_006,1,AD,Passing,,,
GX010029_L.MP4,44580,24.7914,KAD_SO1_Transect 1,0.8358,44.472,1.906,1.382,1577.503,16.986,18.526,9.736,258.585,-381.474,-1508.684,KAD_SO1,Peter,Pomacentridae,Dascyllus,reticulatus,37372074,1,AD,Passing,,,
GX010029_L.MP4,44580,24.7914,KAD_SO1_Transect 1,0.8358,42.152,1.883,0.216,1637.098,19.49,4.09,5.021,450.474,-308.909,-1543.289,KAD_SO1,Peter,Pomacentridae,Dascyllus,reticulatus,37372074,1,AD,Passing,,,
GX010029_L.MP4,44580,24.7914,KAD_SO1_Transect 1,0.8358,,2.594,0.698,1967.886,14.856,,,314.529,-395.628,-1901.874,KAD_SO1,Peter,Pomacentridae,Dascyllus,reticulatus,37372074,1,AD,Passing,,,
GX010029_L.MP4,44588,24.7959,KAD_SO1_Transect 1,0.8403,,2.973,12.325,2301.147,26.956,,,-976.797,-367.182,-2050.933,KAD_SO1,Peter,Pomacentridae,Dascyllus,reticulatus,37372074,1,AD,Passing,,,
GX010029_L.MP4,44588,24.7959,KAD_SO1_Transect 1,0.8403,,3.602,5.651,2541.823,25.561,,,-1035.307,-363.214,-2292.832,KAD_SO1,Peter,Pomacentridae,Dascyllus,reticulatus,37372074,1,AD,Passing,,,
GX010029_L.MP4,44607,24.8064,KAD_SO1_Transect 1,0.8508,,3.535,0.919,2465.913,23.555,,,-892.134,-419.915,-2260.198,KAD_SO1,Peter,Pomacentridae,Dascyllus,reticulatus,37372074,1,AD,Passing,,,
GX010029_L.MP4,44607,24.8064,KAD_SO1_Transect 1,0.8508,,3.027,6.327,2288.105,24.61,,,-891.469,-337.673,-2080.069,KAD_SO1,Peter,Pomacentridae,Dascyllus,reticulatus,37372074,1,AD,Passing,,,
GX010029_L.MP4,44607,24.8064,KAD_SO1_Transect 1,0.8508,,2.795,11.397,2192.917,26.21,,,-857.915,-450.604,-1967.186,KAD_SO1,Peter,Pomacentridae,Dascyllus,reticulatus,37372074,1,AD,Passing,,,
GX010029_L.MP4,44607,24.8064,KAD_SO1_Transect 1,0.8508,,3.055,8.629,2283.086,25.852,,,-828.117,-553.736,-2054.283,KAD_SO1,Peter,Pomacentridae,Dascyllus,reticulatus,37372074,1,AD,Passing,,,
GX010029_L.MP4,44631,24.8198,KAD_SO1_Transect 1,0.8642,44.798,3.408,7.491,1831.66,21.182,37.108,17.502,-334.574,-571.048,-1707.905,KAD_SO1,Peter,Pomacentridae,Dascyllus,reticulatus,37372074,1,AD,Passing,,,
GX010029_L.MP4,44631,24.8198,KAD_SO1_Transect 1,0.8642,28.83,2.345,8.779,1917.293,22.688,7.45,10.62,-538.403,-506.982,-1768.928,KAD_SO1,Peter,Pomacentridae,Dascyllus,reticulatus,37372074,1,AD,Passing,,,
GX010029_L.MP4,44646,24.8281,KAD_SO1_Transect 1,0.8725,,15.836,7.968,5543.381,26.132,,,2406.637,-413.987,-4976.524,KAD_SO1,Peter,Scaridae,Scarus,sp,,1,AD,Passing,,,
GX010029_L.MP4,44675,24.8443,KAD_SO1_Transect 1,0.8887,,22.363,8.809,6326.556,16.985,,,1840.498,-171.156,-6050.503,KAD_SO1,Peter,Mullidae,Mulloidichthys,flavolineatus,37355019,1,AD,Passing,,,
GX010029_L.MP4,44690,24.8526,KAD_SO1_Transect 1,0.897,,7.897,1.935,3781.214,22.936,,,-1330.579,-635.24,-3481.897,KAD_SO1,Peter,Acanthuridae,Acanthurus,sp,,1,AD,Passing,,,
GX010029_L.MP4,44765,24.8943,KAD_SO1_Transect 1,0.9387,,12.059,5.362,4881.129,28.613,,,2287.533,-483.468,-4284.726,KAD_SO1,Peter,Acanthuridae,Acanthurus,sp,,1,AD,Passing,,,
GX010029_L.MP4,44790,24.9082,KAD_SO1_Transect 1,0.9526,,5.295,15.034,3156.056,30.178,,,-1333.465,-861.197,-2727.802,KAD_SO1,Peter,Labridae,Thalassoma,hardwicke,37384165,1,AD,Passing,,,
GX010029_L.MP4,44827,24.9288,KAD_SO1_Transect 1,0.9732,,4.16,16.784,2739.16,28.416,,,-1071.827,-743.203,-2408.7,KAD_SO1,Peter,Chaetodontidae,Chaetodon,citrinellus,37365036,1,AD,Passing,,,
GX010029_L.MP4,44841,24.9366,KAD_SO1_Transect 1,0.981,,6.842,3.199,3349.329,18.189,,,-587.516,-866.695,-3181.457,KAD_SO1,Peter,Acanthuridae,Ctenochaetus,sp,,1,AD,Passing,,,
GX010029_L.MP4,44854,24.9438,KAD_SO1_Transect 1,0.9882,,10.86,8.796,4276.662,19.009,,,1218.155,-678.006,-4043.049,KAD_SO1,Peter,Scaridae,Chlorurus,spilurus,temp_code_002,1,AD,Passing,,,
GX010029_L.MP4,44864,24.9494,KAD_SO1_Transect 1,0.9938,,4.003,3.167,2540.576,21.227,,,-186.269,-902.159,-2367.687,KAD_SO1,Peter,Acanthuridae,Acanthurus,sp,,1,AD,Passing,,,
GX010029_L.MP4,44871,24.9533,KAD_SO1_Transect 1,0.9977,,14.92,2.499,5029.004,11.171,,,-600.955,-769.765,-4933.274,KAD_SO1,Peter,Acanthuridae,Acanthurus,sp,,1,AD,Passing,,,
GX010029_L.MP4,44896,24.9672,KAD_SO1_Transect 1,1.0116,,13.058,1.145,5112.406,29.061,,,-2282.574,-980.688,-4468.2,KAD_SO1,Peter,Chaetodontidae,Chaetodon,vagabundus,37365062,1,AD,Passing,,,
GX010029_L.MP4,44896,24.9672,KAD_SO1_Transect 1,1.0116,140.774,8.935,2.291,3394.843,19.223,23.29,0.063,-817.305,-762.483,-3205.556,KAD_SO1,Peter,Scaridae,Chlorurus,spilurus,temp_code_002,1,AD,Passing,,,
GX010029_L.MP4,44896,24.9672,KAD_SO1_Transect 1,1.0116,152.931,13.976,6.254,3057.071,21.557,75.228,1.547,-845.766,-739.15,-2843.241,KAD_SO1,Peter,Scaridae,Chlorurus,spilurus,temp_code_002,1,AD,Passing,,,
GX010029_L.MP4,44909,24.9744,KAD_SO1_Transect 1,1.0188,,13.947,0.726,4874.586,14.662,,,-966.419,-769.795,-4715.404,KAD_SO1,Peter,Chaetodontidae,Chaetodon,trifascialis,37365058,1,AD,Passing,,,
GX010029_L.MP4,44920,24.9805,KAD_SO1_Transect 1,1.0249,147.98,8.153,3.497,3274.154,15.743,21.736,8.227,-682.334,-568.843,-3151.336,KAD_SO1,Peter,Scaridae,Chlorurus,sp,,1,AD,Passing,,,
GX010029_L.MP4,44952,24.9983,KAD_SO1_Transect 1,1.0427,116.961,6.312,3.944,3793.327,12.296,9.534,10.222,445.279,-674.013,-3706.314,KAD_SO1,Peter,Acanthuridae,Ctenochaetus,striatus,37437022,1,AD,Passing,,,
GX010029_L.MP4,44952,24.9983,KAD_SO1_Transect 1,1.0427,194.707,17.821,3.607,3796.389,29.321,80.849,1.755,1830.763,-323.519,-3310.017,KAD_SO1,Peter,Mullidae,Mulloidichthys,flavolineatus,37355019,1,AD,Passing,,,
GX010029_L.MP4,45146,25.1062,KAD_SO1_Transect 1,1.1506,228.041,22.421,7.905,4304.3,28.601,83.531,1.763,-2015.836,-426.578,-3779.079,KAD_SO1,Peter,Mullidae,Mulloidichthys,flavolineatus,37355019,1,AD,Passing,,,
GX010029_L.MP4,45146,25.1062,KAD_SO1_Transect 1,1.1506,,10.401,0.911,4499.938,25.011,,,-1839.524,-487.896,-4077.69,KAD_SO1,Peter,Mullidae,Mulloidichthys,flavolineatus,37355019,1,AD,Passing,,,
GX010029_L.MP4,45146,25.1062,KAD_SO1_Transect 1,1.1506,,15.375,2.348,5382.654,21.752,,,-1909.57,-579.704,-4999.045,KAD_SO1,Peter,Mullidae,Mulloidichthys,flavolineatus,37355019,1,AD,Passing,,,
GX010029_L.MP4,45146,25.1062,KAD_SO1_Transect 1,1.1506,,8.191,5.599,3811.469,22.019,,,-1238.198,-715.399,-3533.039,KAD_SO1,Peter,Labridae,Stethojulis,sp,,1,AD,Passing,,,
GX010029_L.MP4,45146,25.1062,KAD_SO1_Transect 1,1.1506,,11.198,2.955,4566.348,23.67,,,-1676.564,-743.944,-4181.772,KAD_SO1,Peter,Labridae,Thalassoma,hardwicke,37384165,1,AD,Passing,,,
GX010029_L.MP4,45202,25.1373,KAD_SO1_Transect 1,1.1817,,9.499,6.002,3971.731,17.988,,,1051.877,-633.029,-3777.231,KAD_SO1,Peter,Scaridae,Chlorurus,spilurus,temp_code_002,1,AD,Passing,,,
GX010029_L.MP4,45445,25.2725,KAD_SO1_Transect 1,1.3169,,9.908,5.887,4061.562,11.112,,,-152.423,-770.098,-3984.972,KAD_SO1,Peter,Scaridae,Chlorurus,spilurus,temp_code_002,1,AD,Passing,,,
GX010029_L.MP4,45486,25.2953,KAD_SO1_Transect 1,1.3397,136.764,12.187,1.668,4719.771,20.088,2.806,10.826,-1525.725,-547.813,-4432.641,KAD_SO1,Peter,Mullidae,Mulloidichthys,flavolineatus,37355019,1,AD,Passing,,,
GX010029_L.MP4,45486,25.2953,KAD_SO1_Transect 1,1.3397,,11.878,1.263,4849.492,26.207,,,-2057.566,-596.668,-4350.631,KAD_SO1,Peter,Mullidae,Mulloidichthys,flavolineatus,37355019,1,AD,Passing,,,
GX010029_L.MP4,45486,25.2953,KAD_SO1_Transect 1,1.3397,,13.147,0.492,4989.917,22.585,,,-1836.353,-550.884,-4606.909,KAD_SO1,Peter,Mullidae,Mulloidichthys,flavolineatus,37355019,1,AD,Passing,,,
GX010029_L.MP4,45486,25.2953,KAD_SO1_Transect 1,1.3397,,14.223,4.228,5059.999,18.623,,,-1507.386,-584.844,-4794.72,KAD_SO1,Peter,Mullidae,Mulloidichthys,flavolineatus,37355019,1,AD,Passing,,,
GX010029_L.MP4,45486,25.2953,KAD_SO1_Transect 1,1.3397,,12.082,12.05,4949.635,28.753,,,2375.155,-168.651,-4339.248,KAD_SO1,Peter,Mullidae,Mulloidichthys,flavolineatus,37355019,1,AD,Passing,,,
GX010029_L.MP4,45486,25.2953,KAD_SO1_Transect 1,1.3397,,11.786,8.153,4802.857,26.799,,,2152.746,-236.247,-4286.876,KAD_SO1,Peter,Mullidae,Mulloidichthys,flavolineatus,37355019,1,AD,Passing,,,
GX010029_L.MP4,45486,25.2953,KAD_SO1_Transect 1,1.3397,,12.64,6.202,4878.817,23.997,,,1969.623,-242.546,-4456.974,KAD_SO1,Peter,Mullidae,Mulloidichthys,flavolineatus,37355019,1,AD,Passing,,,
GX010029_L.MP4,45486,25.2953,KAD_SO1_Transect 1,1.3397,,13.613,6.143,4784.048,10.313,,,734.128,-443.799,-4706.508,KAD_SO1,Peter,Mullidae,Mulloidichthys,flavolineatus,37355019,1,AD,Passing,,,
GX010029_L.MP4,45486,25.2953,KAD_SO1_Transect 1,1.3397,,14.882,7.201,5039.555,7.583,,,381.574,-547.62,-4995.16,KAD_SO1,Peter,Mullidae,Mulloidichthys,flavolineatus,37355019,1,AD,Passing,,,
GX010029_L.MP4,45486,25.2953,KAD_SO1_Transect 1,1.3397,,11.432,5.253,4403.468,8.699,,,-412.366,-525.547,-4352.503,KAD_SO1,Peter,Mullidae,Mulloidichthys,flavolineatus,37355019,1,AD,Passing,,,
GX010029_L.MP4,45486,25.2953,KAD_SO1_Transect 1,1.3397,,14.913,0.545,5068.268,7.836,,,-322.164,-614.209,-5020.587,KAD_SO1,Peter,Mullidae,Mulloidichthys,flavolineatus,37355019,1,AD,Passing,,,
GX010029_L.MP4,45486,25.2953,KAD_SO1_Transect 1,1.3397,,15.49,0.867,5168.166,9.659,,,-698.176,-517.278,-5094.597,KAD_SO1,Peter,Mullidae,Mulloidichthys,flavolineatus,37355019,1,AD,Passing,,,
GX010029_L.MP4,45486,25.2953,KAD_SO1_Transect 1,1.3397,,14.797,0.328,5064.168,6.913,,,-318.687,-522.497,-5027.05,KAD_SO1,Peter,Mullidae,Mulloidichthys,flavolineatus,37355019,1,AD,Passing,,,
GX010029_L.MP4,45497,25.3014,KAD_SO1_Transect 1,1.3458,66.608,3.3,3.318,2203.132,17.73,19.84,6.405,142.586,-655.61,-2098.484,KAD_SO1,Peter,Pomacentridae,Neoglyphidodon,carlsoni,temp_code_008,1,AD,Passing,,,
GX010029_L.MP4,45665,25.3948,KAD_SO1_Transect 1,1.4392,204.941,8.848,2.683,3666.934,15.713,17.505,16.769,-826.236,-550.916,-3529.905,KAD_SO1,Peter,Scaridae,Chlorurus,spilurus,temp_code_002,1,AD,Passing,,,
GX010029_L.MP4,45671,25.3982,KAD_SO1_Transect 1,1.4426,,8.713,3.219,4282.916,29.72,,,-2101.72,-304.292,-3719.348,KAD_SO1,Peter,Chaetodontidae,Chaetodon,trifascialis,37365058,1,AD,Passing,,,
GX010029_L.MP4,45683,25.4048,KAD_SO1_Transect 1,1.4492,,9.758,0.409,4502.976,27.75,,,-2090.521,-162.41,-3984.99,KAD_SO1,Peter,Mullidae,Mulloidichthys,flavolineatus,37355019,1,AD,Passing,,,
GX010029_L.MP4,45690,25.4087,KAD_SO1_Transect 1,1.4531,,20.264,3.023,5959.007,19.287,,,1840.649,693.947,-5624.963,KAD_SO1,Peter,Acanthuridae,Acanthurus,sp,,1,AD,Passing,,,
GX010029_L.MP4,45690,25.4087,KAD_SO1_Transect 1,1.4531,,18.492,1.829,5773.665,12.976,,,-1294.928,58.249,-5626.276,KAD_SO1,Peter,Acanthuridae,Acanthurus,sp,,1,AD,Passing,,,
GX010029_L.MP4,45690,25.4087,KAD_SO1_Transect 1,1.4531,,13.964,7.314,4989.355,21.957,,,1762.212,609.675,-4627.804,KAD_SO1,Peter,Scaridae,Chlorurus,spilurus,temp_code_002,1,AD,Passing,,,
GX010029_L.MP4,45690,25.4087,KAD_SO1_Transect 1,1.4531,,11.792,4.866,4497.634,18.087,,,1316.14,463.812,-4275.671,KAD_SO1,Peter,Scaridae,Chlorurus,spilurus,temp_code_002,1,AD,Passing,,,
GX010029_L.MP4,45690,25.4087,KAD_SO1_Transect 1,1.4531,,9.571,7.16,3991.765,8.678,,,504.956,325.986,-3946.257,KAD_SO1,Peter,Scaridae,Chlorurus,spilurus,temp_code_002,1,AD,Passing,,,
GX010029_L.MP4,45786,25.4621,KAD_SO1_Transect 1,1.5065,62.863,6.172,4.529,2143.766,6.28,43.923,14.067,-207.693,-108.906,-2130.9,KAD_SO1,Peter,Pomacanthidae,Centropyge,flavissima,37365026,1,AD,Passing,,,
GX010029_L.MP4,45809,25.4749,KAD_SO1_Transect 1,1.5193,,10.623,6.419,4576.967,23.787,,,-1845.569,-46.546,-4188.118,KAD_SO1,Peter,Acanthuridae,Acanthurus,sp,,1,AD,Passing,,,
GX010029_L.MP4,45832,25.4877,KAD_SO1_Transect 1,1.5321,99.245,3.646,0.535,2560.681,16.36,1.827,3.117,-651.596,-309.316,-2456.997,KAD_SO1,Peter,Scaridae,Scarus,sp,,1,AD,Passing,,,
GX010029_L.MP4,45857,25.5016,KAD_SO1_Transect 1,1.546,61.971,2.612,4.577,1865.044,19.252,20.452,29.777,-482.594,-381.147,-1760.744,KAD_SO1,Peter,Pomacentridae,Neoglyphidodon,carlsoni,temp_code_008,1,AD,Passing,,,
GX010029_L.MP4,46068,25.6189,KAD_SO1_Transect 1,1.6633,135.195,8.284,4.173,3865.822,15.113,10.659,4.43,-884.193,-483.855,-3732.113,KAD_SO1,Peter,Acanthuridae,Acanthurus,sp,,1,AD,Passing,,,
GX010029_L.MP4,46068,25.6189,KAD_SO1_Transect 1,1.6633,,7.72,5.133,3935.013,30.14,,,1956.551,-277.443,-3402.831,KAD_SO1,Peter,Acanthuridae,Acanthurus,sp,,1,AD,Passing,,,
GX010029_L.MP4,46068,25.6189,KAD_SO1_Transect 1,1.6633,,9.426,2.459,4117.604,20.933,,,-1351.467,-583.368,-3845.501,KAD_SO1,Peter,Pomacentridae,Neoglyphidodon,carlsoni,temp_code_008,1,AD,Passing,,,
GX010029_L.MP4,46081,25.6262,KAD_SO1_Transect 1,1.6706,,8.879,4.562,4208.873,30.37,,,2076.013,-469.289,-3631.054,KAD_SO1,Peter,Acanthuridae,Acanthurus,sp,,1,AD,Passing,,,
GX010029_L.MP4,46081,25.6262,KAD_SO1_Transect 1,1.6706,,5.814,3.563,3038.834,18.29,,,475.673,-828.275,-2884.823,KAD_SO1,Peter,Pomacentridae,Pomacentrus,coelestis,37372111,1,AD,Passing,,,
GX010029_L.MP4,46099,25.6362,KAD_SO1_Transect 1,1.6806,131.299,11.769,2.806,3045.675,28.486,77.132,3.42,1379.487,-455.117,-2676.942,KAD_SO1,Peter,Pomacentridae,Neoglyphidodon,carlsoni,temp_code_008,1,AD,Passing,,,
GX010029_L.MP4,46115,25.6451,KAD_SO1_Transect 1,1.6895,178.213,9.636,8.934,4334.906,21.181,6.83,20.967,-1231.638,-967.559,-4042.067,KAD_SO1,Peter,Scaridae,Chlorurus,spilurus,temp_code_002,1,AD,Passing,,,
GX010029_L.MP4,46151,25.6651,KAD_SO1_Transect 1,1.7095,116.628,9.433,6.599,3362.891,26.598,23.16,0.585,1494.077,-186.607,-3006.983,KAD_SO1,Peter,Acanthuridae,Ctenochaetus,striatus,37437022,1,AD,Passing,,,
GX010029_L.MP4,46156,25.6679,KAD_SO1_Transect 1,1.7123,117.27,5.623,3.676,2833.996,7.482,19.108,13.129,202.169,-308.72,-2809.867,KAD_SO1,Peter,Acanthuridae,Ctenochaetus,striatus,37437022,1,AD,Passing,,,
GX010029_L.MP4,46166,25.6734,KAD_SO1_Transect 1,1.7178,131.981,10.887,5.648,2678.746,9.172,50.958,2.49,-105.797,-413.692,-2644.494,KAD_SO1,Peter,Acanthuridae,Ctenochaetus,striatus,37437022,1,AD,Passing,,,
GX010029_L.MP4,46166,25.6734,KAD_SO1_Transect 1,1.7178,119.525,11.381,4.19,3241.363,16.374,34.497,0.955,850.567,-333.834,-3109.908,KAD_SO1,Peter,Acanthuridae,Ctenochaetus,striatus,37437022,1,AD,Passing,,,
GX010029_L.MP4,46166,25.6734,KAD_SO1_Transect 1,1.7178,115.224,9.362,2.233,3182.635,12.217,28.133,12.518,-614.209,-276.306,-3110.557,KAD_SO1,Peter,Acanthuridae,Ctenochaetus,striatus,37437022,1,AD,Passing,,,
GX010029_L.MP4,46166,25.6734,KAD_SO1_Transect 1,1.7178,,9.727,2.529,4045.825,10.957,,,-609.041,-471.847,-3971.792,KAD_SO1,Peter,Pomacentridae,Pomacentrus,coelestis,37372111,1,AD,Passing,,,
GX010029_L.MP4,46166,25.6734,KAD_SO1_Transect 1,1.7178,,9.605,2.939,4023.728,8.598,,,-420.587,-432.431,-3978.253,KAD_SO1,Peter,Pomacentridae,Pomacentrus,coelestis,37372111,1,AD,Passing,,,
GX010029_L.MP4,46191,25.6873,KAD_SO1_Transect 1,1.7317,,4.159,14.477,2755.846,28.331,,,-1130.699,-658.666,-2425.359,KAD_SO1,Peter,Acanthuridae,Ctenochaetus,striatus,37437022,1,AD,Passing,,,
GX010029_L.MP4,46207,25.6962,KAD_SO1_Transect 1,1.7406,193.501,13.986,8.197,3313.747,27.19,86.128,7.834,-1423.206,-516.989,-2947.563,KAD_SO1,Peter,Acanthuridae,Acanthurus,sp,,1,AD,Passing,,,
GX010029_L.MP4,46265,25.7285,KAD_SO1_Transect 1,1.7729,112.692,9.332,6.614,3544.809,25.469,21.356,14.608,-1442.579,-492.555,-3200.316,KAD_SO1,Peter,Acanthuridae,Ctenochaetus,sp,,1,AD,Passing,,,
GX010029_L.MP4,46265,25.7285,KAD_SO1_Transect 1,1.7729,120.701,11.986,6.553,2935.053,22.891,77.088,11.644,-1060.349,-423.222,-2703.901,KAD_SO1,Peter,Labridae,Thalassoma,hardwicke,37384165,1,AD,Passing,,,
GX010029_L.MP4,46277,25.7352,KAD_SO1_Transect 1,1.7796,,10.39,7.876,4458.678,27.049,,,-1811.161,-913.844,-3970.44,KAD_SO1,Peter,Chaetodontidae,Chaetodon,citrinellus,37365036,1,AD,Passing,,,
GX010029_L.MP4,46282,25.7379,KAD_SO1_Transect 1,1.7823,,11.624,8.704,4712.673,25.131,,,-1857.918,-746.596,-4266.148,KAD_SO1,Peter,Acanthuridae,Acanthurus,sp,,1,AD,Passing,,,
GX010029_L.MP4,46282,25.7379,KAD_SO1_Transect 1,1.7823,,7.374,17.028,3749.785,27.339,,,-1564.59,-721.484,-3330.526,KAD_SO1,Peter,Scaridae,Scarus,sp,,1,AD,Passing,,,
GX010029_L.MP4,46296,25.7457,KAD_SO1_Transect 1,1.7901,,11.885,12.626,4923.157,31.123,,,-2331.834,-1021.157,-4213.937,KAD_SO1,Peter,Scaridae,Scarus,dimidiatus,37386013,1,AD,Passing,,,
GX010029_L.MP4,46300,25.7479,KAD_SO1_Transect 1,1.7923,404.829,30.493,7.186,5067.353,29.648,86.65,4.113,-2367.445,-823.827,-4403.927,KAD_SO1,Peter,Lethrinidae,Monotaxis,grandoculis,37351026,1,AD,Passing,,,
GX010029_L.MP4,46394,25.8002,KAD_SO1_Transect 1,1.8446,170.926,14.636,6.687,3400.793,24.926,77.626,21.612,-1271.707,-661.007,-3084.027,KAD_SO1,Peter,Acanthuridae,Acanthurus,sp,,1,AD,Passing,,,
GX010029_L.MP4,46394,25.8002,KAD_SO1_Transect 1,1.8446,211.255,11.637,10.397,4156.974,24.687,17.516,2.953,-1427.316,-988.485,-3777.049,KAD_SO1,Peter,Scaridae,Scarus,dimidiatus,37386013,1,AD,Passing,,,
GX010029_L.MP4,46414,25.8113,KAD_SO1_Transect 1,1.8557,,11.89,15.968,4581.176,21.144,,,1572.374,-510.802,-4272.458,KAD_SO1,Peter,Acanthuridae,Acanthurus,sp,,1,AD,Passing,,,
GX010029_L.MP4,46414,25.8113,KAD_SO1_Transect 1,1.8557,133.406,9.028,3.746,2914.87,13.38,34.55,17.653,479.107,-474.808,-2835.75,KAD_SO1,Peter,Acanthuridae,Ctenochaetus,striatus,37437022,1,AD,Passing,,,
GX010029_L.MP4,46561,25.8931,KAD_SO1_Transect 1,1.9375,123.816,8.739,4.859,2851.738,11.569,33.674,6.668,-322.35,-472.382,-2793.806,KAD_SO1,Peter,Acanthuridae,Acanthurus,sp,,1,AD,Passing,,,
GX010029_L.MP4,46561,25.8931,KAD_SO1_Transect 1,1.9375,69.598,2.879,5.88,1779.849,21.611,31.398,7.264,-180.661,-630.126,-1654.74,KAD_SO1,Peter,Pomacentridae,Chromis,sp,,1,AD,Passing,,,
GX010029_L.MP4,46561,25.8931,KAD_SO1_Transect 1,1.9375,,7.782,2.64,3611.503,14.125,,,-748.157,-467.874,-3502.043,KAD_SO1,Peter,Pomacentridae,Pomacentrus,coelestis,37372111,1,AD,Passing,,,
GX020029_L.MP4,2088,37.4641,KAD_SO1_Transect 2,0.292,,4.782,1.75,2981.489,29.418,,,1385.45,-475.975,-2596.777,KAD_SO1,Peter,Chaetodontidae,Chaetodon,citrinellus,37365036,1,AD,Passing,,,
GX020029_L.MP4,2088,37.4641,KAD_SO1_Transect 2,0.292,154.473,9.37,5.226,2770.41,17.052,41.92,3.616,607.049,-539.887,-2648.62,KAD_SO1,Peter,Labridae,Thalassoma,lutescens,37384168,1,AD,Passing,,,
GX020029_L.MP4,2106,37.4741,KAD_SO1_Transect 2,0.302,113.662,4.119,2.409,2524.673,24.482,8.614,10.864,833.856,-631.92,-2297.68,KAD_SO1,Peter,Mullidae,Parupeneus,cyclostomus,37355025,1,AD,Passing,,,
GX020029_L.MP4,2137,37.4913,KAD_SO1_Transect 2,0.3192,75.801,2.638,2.273,1869.969,13.407,23.238,35.991,-272.977,-336.851,-1819.011,KAD_SO1,Peter,Labridae,Thalassoma,hardwicke,37384165,1,AD,Passing,,,
GX020029_L.MP4,2190,37.5208,KAD_SO1_Transect 2,0.3487,,2.55,1.305,1974.932,15.279,,,-433.986,-288.341,-1904.959,KAD_SO1,Peter,Scaridae,Chlorurus,spilurus,temp_code_002,1,AD,Passing,,,
GX020029_L.MP4,2202,37.5275,KAD_SO1_Transect 2,0.3554,54.366,3.551,4.461,1735.734,22.403,45.629,10.21,-637.79,-175.547,-1604.737,KAD_SO1,Peter,Labridae,Thalassoma,hardwicke,37384165,1,AD,Passing,,,
GX020029_L.MP4,2330,37.5987,KAD_SO1_Transect 2,0.4265,,14.832,1.027,5042.266,17.607,,,-1178.845,965.041,-4806.607,KAD_SO1,Peter,Acanthuridae,Acanthurus,sp,,1,AD,Passing,,,
GX020029_L.MP4,2338,37.6031,KAD_SO1_Transect 2,0.431,,8.144,3.337,3691.987,13.812,,,875.68,-102.28,-3585.177,KAD_SO1,Peter,Pomacentridae,Pomacentrus,coelestis,37372111,1,AD,Passing,,,
GX020029_L.MP4,2434,37.6565,KAD_SO1_Transect 2,0.4844,160.728,12.427,4.02,3189.484,22.457,53.838,5.413,-1210.541,-137.671,-2947.617,KAD_SO1,Peter,Acanthuridae,Acanthurus,sp,,1,AD,Passing,,,
GX020029_L.MP4,2477,37.6804,KAD_SO1_Transect 2,0.5083,,8.556,11.28,3921.551,23.708,,,1512.368,443.961,-3590.85,KAD_SO1,Peter,Pomacentridae,Chromis,viridis,37372053,1,AD,Passing,,,
GX020029_L.MP4,2592,37.7444,KAD_SO1_Transect 2,0.5722,111.236,8.776,0.89,2414.548,17.693,66.801,9.199,-716.403,-158.947,-2300.336,KAD_SO1,Peter,Labridae,Stethojulis,bandanensis,37384154,1,AD,Passing,,,
GX020029_L.MP4,2601,37.7494,KAD_SO1_Transect 2,0.5772,139.74,4.286,5.381,1657.873,10.832,58.599,16.375,170.142,-260.995,-1628.336,KAD_SO1,Peter,Acanthuridae,Ctenochaetus,striatus,37437022,1,AD,Passing,,,
GX020029_L.MP4,2606,37.7522,KAD_SO1_Transect 2,0.58,65.957,2.947,3.904,1612.363,13.448,37.218,12.031,2.19,-374.969,-1568.155,KAD_SO1,Peter,Pomacentridae,Pomacentrus,spilotoceps,temp_code_012,1,AD,Passing,,,
GX020029_L.MP4,2618,37.7588,KAD_SO1_Transect 2,0.5867,106.441,6.889,2.107,2559.738,16.975,39.485,24.973,-695.126,-274.457,-2448.21,KAD_SO1,Peter,Acanthuridae,Acanthurus,sp,,1,AD,Passing,,,
GX020029_L.MP4,2647,37.775,KAD_SO1_Transect 2,0.6028,71.594,4.369,2.122,3291.034,9.927,1.227,14.242,-552.05,130.825,-3241.763,KAD_SO1,Peter,Scaridae,Chlorurus,spilurus,temp_code_002,1,AD,Passing,,,
GX020029_L.MP4,2716,37.8133,KAD_SO1_Transect 2,0.6412,,3.919,5.149,2478.652,8.151,,,47.164,-349.694,-2453.406,KAD_SO1,Peter,Pomacanthidae,Centropyge,heraldi,37385027,1,AD,Passing,,,
GX020029_L.MP4,2781,37.8495,KAD_SO1_Transect 2,0.6773,118.038,11.065,3.707,4197.55,9.641,15.809,1.67,-696.553,-94.804,-4138.267,KAD_SO1,Peter,Acanthuridae,Acanthurus,sp,,1,AD,Passing,,,
GX020029_L.MP4,2781,37.8495,KAD_SO1_Transect 2,0.6773,99.888,9.587,0.089,3609.549,19.277,18.034,2.445,-1188.008,-93.072,-3407.171,KAD_SO1,Peter,Labridae,Halichoeres,hortulanus,37384112,1,AD,Passing,,,
GX020029_L.MP4,2841,37.8828,KAD_SO1_Transect 2,0.7107,84.414,7.283,4.16,3495.423,6.466,15.371,11.337,-386.337,75.293,-3473.192,KAD_SO1,Peter,Labridae,Stethojulis,bandanensis,37384154,1,AD,Passing,,,
GX020029_L.MP4,2903,37.9173,KAD_SO1_Transect 2,0.7452,113.56,6.37,4.366,2481.466,22.764,34.697,1.912,949.167,144.957,-2288.174,KAD_SO1,Peter,Acanthuridae,Ctenochaetus,striatus,37437022,1,AD,Passing,,,
GX020029_L.MP4,2927,37.9307,KAD_SO1_Transect 2,0.7585,87.021,4.007,1.755,1836.641,11.634,38.717,13.014,-173.752,327.078,-1798.91,KAD_SO1,Peter,Labridae,Stethojulis,bandanensis,37384154,1,AD,Passing,,,
GX020029_L.MP4,2997,37.9696,KAD_SO1_Transect 2,0.7975,95.59,0.599,2.95,791.405,7.986,14.062,5.28,-62.228,-90.655,-783.729,KAD_SO1,Peter,Labridae,Thalassoma,hardwicke,37384165,1,AD,Passing,,,
GX020029_L.MP4,3094,38.0235,KAD_SO1_Transect 2,0.8514,141.613,13.052,1.833,3257.21,23.444,58.024,7.746,-1292.011,-100.485,-2988.314,KAD_SO1,Peter,Acanthuridae,Ctenochaetus,striatus,37437022,1,AD,Passing,,,
GX020029_L.MP4,3118,38.0369,KAD_SO1_Transect 2,0.8648,,4.115,10.435,2625.341,23.279,,,-769.709,-697.166,-2411.208,KAD_SO1,Peter,Pomacentridae,Pomacentrus,coelestis,37372111,1,AD,Passing,,,
GX020029_L.MP4,3118,38.0369,KAD_SO1_Transect 2,0.8648,,5.332,4.416,2921.796,12.966,,,-236.895,-612.925,-2846.945,KAD_SO1,Peter,Pomacentridae,Pomacentrus,coelestis,37372111,1,AD,Passing,,,
GX020029_L.MP4,3182,38.0725,KAD_SO1_Transect 2,0.9003,,5.055,3.826,3019.754,25.162,,,1270.606,-186.285,-2733.088,KAD_SO1,Peter,Pomacentridae,Pomacentrus,coelestis,37372111,1,AD,Passing,,,
GX020029_L.MP4,3228,38.0981,KAD_SO1_Transect 2,0.9259,126.743,1.558,8.668,1648.074,22.233,9.443,16.288,-234.832,-577.683,-1525.543,KAD_SO1,Peter,Acanthuridae,Ctenochaetus,striatus,37437022,1,AD,Passing,,,
GX020029_L.MP4,3281,38.1275,KAD_SO1_Transect 2,0.9554,268.563,24.238,3.185,4254.684,25.064,89.733,6.809,-1734.953,-488.446,-3854.049,KAD_SO1,Peter,Acanthuridae,Acanthurus,sp,,1,AD,Passing,,,
GX020029_L.MP4,3281,38.1275,KAD_SO1_Transect 2,0.9554,218.168,20.315,4.391,4121.653,23.161,53.733,4.401,-1558.952,-444.645,-3789.457,KAD_SO1,Peter,Scaridae,Chlorurus,spilurus,temp_code_002,1,AD,Passing,,,
GX020029_L.MP4,3314,38.1459,KAD_SO1_Transect 2,0.9738,,8.74,7.508,4153.058,24.773,,,-1736.135,116.791,-3770.953,KAD_SO1,Peter,Pomacentridae,Pomacentrus,sp,,1,AD,Passing,,,
GX020029_L.MP4,3341,38.1609,KAD_SO1_Transect 2,0.9888,86.467,2.625,4.302,1751.057,17.287,23.297,4.607,-361.824,-373.956,-1671.957,KAD_SO1,Peter,Labridae,Thalassoma,hardwicke,37384165,1,AD,Passing,,,
GX020029_L.MP4,3359,38.1709,KAD_SO1_Transect 2,0.9988,83.561,8.242,3.996,3746.208,17.862,6.905,5.436,-1148.827,21.843,-3565.641,KAD_SO1,Peter,Chaetodontidae,Chaetodon,citrinellus,37365036,1,AD,Passing,,,
GX020029_L.MP4,3359,38.1709,KAD_SO1_Transect 2,0.9988,,7.472,2.049,3733.96,21.53,,,-1370.011,26.739,-3473.444,KAD_SO1,Peter,Chaetodontidae,Chaetodon,citrinellus,37365036,1,AD,Passing,,,
GX020029_L.MP4,3438,38.2148,KAD_SO1_Transect 2,1.0427,76.931,4.566,2.823,2422.534,12.998,19.151,5.149,501.518,-212.973,-2360.465,KAD_SO1,Peter,Pomacentridae,Stegastes,lacrymatus,temp_code_006,1,AD,Passing,,,
GX020029_L.MP4,3446,38.2193,KAD_SO1_Transect 2,1.0472,,2.235,5.333,1904.544,23.323,,,-691.313,-302.105,-1748.745,KAD_SO1,Peter,Pomacentridae,Pomacentrus,coelestis,37372111,1,AD,Passing,,,
GX020029_L.MP4,3453,38.2232,KAD_SO1_Transect 2,1.051,,2.177,2.164,1798.581,14.058,,,-222.258,-377.159,-1744.49,KAD_SO1,Peter,Pomacentridae,Pomacentrus,coelestis,37372111,1,AD,Passing,,,
GX020029_L.MP4,3471,38.2332,KAD_SO1_Transect 2,1.0611,,10.218,11.879,4566.241,30.282,,,2281.611,307.512,-3943.38,KAD_SO1,Peter,Nemipteridae,Scolopsis,bilineata,37347031,1,AD,Passing,,,
GX020029_L.MP4,3512,38.256,KAD_SO1_Transect 2,1.0839,167.765,15.484,4.175,3789.604,23.75,41.263,0.377,1344.54,-722.257,-3468.667,KAD_SO1,Peter,Scaridae,Scarus,frenatus,37386016,1,AD,Passing,,,
GX020029_L.MP4,3558,38.2816,KAD_SO1_Transect 2,1.1094,,9.948,6.292,4084.296,10.106,,,691.652,185.398,-4021.034,KAD_SO1,Peter,Acanthuridae,Acanthurus,sp,,1,AD,Passing,,,
GX020029_L.MP4,3566,38.286,KAD_SO1_Transect 2,1.1139,113.797,3.072,2.315,1816.72,13.696,27.771,8.815,-193.14,-384.354,-1765.061,KAD_SO1,Peter,Acanthuridae,Ctenochaetus,striatus,37437022,1,AD,Passing,,,
GX020029_L.MP4,3570,38.2882,KAD_SO1_Transect 2,1.1161,141.882,6.707,3.11,3082.424,19.228,15.534,9.719,-1006.317,-133.632,-2910.465,KAD_SO1,Peter,Scaridae,Chlorurus,spilurus,temp_code_002,1,AD,Passing,,,
GX020029_L.MP4,3570,38.2882,KAD_SO1_Transect 2,1.1161,,6.504,5.979,3431.214,20.267,,,-1182.441,-122.393,-3218.708,KAD_SO1,Peter,Acanthuridae,Zebrasoma,scopas,37437036,1,AD,Passing,,,
GX020029_L.MP4,3600,38.3049,KAD_SO1_Transect 2,1.1328,,6.492,8.805,3372.017,21.952,,,1234.698,-255.866,-3127.388,KAD_SO1,Peter,Pomacentridae,Neoglyphidodon,carlsoni,temp_code_008,1,AD,Passing,,,
GX020029_L.MP4,3640,38.3272,KAD_SO1_Transect 2,1.155,110.874,2.751,4.94,2484.787,17.132,4.229,6.495,384.449,-622.883,-2374.528,KAD_SO1,Peter,Acanthuridae,Acanthurus,sp,,1,AD,Passing,,,
GX020029_L.MP4,3640,38.3272,KAD_SO1_Transect 2,1.155,74.227,5.189,3.327,2194.567,20.511,38.159,12.893,505.739,-579.21,-2055.449,KAD_SO1,Peter,Labridae,Thalassoma,hardwicke,37384165,1,AD,Passing,,,
GX020029_L.MP4,3735,38.38,KAD_SO1_Transect 2,1.2079,,10.253,0.66,4228.655,2.457,,,-179.209,24.903,-4224.782,KAD_SO1,Peter,Scaridae,Chlorurus,spilurus,temp_code_002,1,AD,Passing,,,
GX020029_L.MP4,3789,38.41,KAD_SO1_Transect 2,1.2379,105.717,3.406,1.463,2162.678,16.594,21.071,4.179,-204.092,-582.927,-2072.611,KAD_SO1,Peter,Acanthuridae,Ctenochaetus,striatus,37437022,1,AD,Passing,,,
GX020029_L.MP4,3838,38.4373,KAD_SO1_Transect 2,1.2652,134.219,12.193,8.962,3082.246,25.044,67.812,0.42,-1251.224,-369.88,-2792.467,KAD_SO1,Peter,Scaridae,Chlorurus,spilurus,temp_code_002,1,AD,Passing,,,
GX020029_L.MP4,3844,38.4406,KAD_SO1_Transect 2,1.2685,112.085,8.292,12.806,2595.473,27.643,85.168,16.875,-1139.64,-388.999,-2299.213,KAD_SO1,Peter,Tetraodontidae,Arothron,manilensis,37467020,1,AD,Passing,,,
GX020029_L.MP4,3886,38.464,KAD_SO1_Transect 2,1.2918,60.398,2.49,3.408,1573.781,13.48,28.905,1.548,240.692,-276.87,-1530.424,KAD_SO1,Peter,Pomacentridae,Stegastes,lacrymatus,temp_code_006,1,AD,Passing,,,
GX020029_L.MP4,3886,38.464,KAD_SO1_Transect 2,1.2918,42.17,1.287,3.317,1571.451,11.407,4.915,3.02,103.002,-293.23,-1540.411,KAD_SO1,Peter,Labridae,Thalassoma,hardwicke,37384165,1,AD,Passing,,,
GX020029_L.MP4,3907,38.4757,KAD_SO1_Transect 2,1.3035,113.361,7.818,5.632,2371.862,17.565,52.98,2.234,-383.983,-604.095,-2261.273,KAD_SO1,Peter,Scaridae,Chlorurus,spilurus,temp_code_002,1,AD,Passing,,,
GX020029_L.MP4,3962,38.5062,KAD_SO1_Transect 2,1.3341,160.917,6.555,2.569,3810.038,14.956,0.153,14.49,-860.797,-475.303,-3680.966,KAD_SO1,Peter,Scaridae,Chlorurus,spilurus,temp_code_002,1,AD,Passing,,,
GX020029_L.MP4,4013,38.5346,KAD_SO1_Transect 2,1.3625,135.793,12.532,4.88,3103.157,18.063,51.525,9.387,-904.652,-327.657,-2950.225,KAD_SO1,Peter,Scaridae,Chlorurus,spilurus,temp_code_002,1,AD,Passing,,,
GX020029_L.MP4,4013,38.5346,KAD_SO1_Transect 2,1.3625,179.212,15.463,2.7,4103.397,16.671,36.147,31.129,-1175.427,-64.231,-3930.918,KAD_SO1,Peter,Scaridae,Chlorurus,spilurus,temp_code_002,1,AD,Passing,,,
GX020029_L.MP4,4013,38.5346,KAD_SO1_Transect 2,1.3625,,20.381,12.467,6194.852,22.89,,,2385.796,-341.117,-5706.821,KAD_SO1,Peter,Scaridae,Scarus,dimidiatus,37386013,1,AD,Passing,,,
GX020029_L.MP4,4028,38.5429,KAD_SO1_Transect 2,1.3708,,10.142,0.772,4281.708,26.155,,,1699.729,-822.621,-3842.816,KAD_SO1,Peter,Scaridae,Scarus,schlegeli,37386029,1,AD,Passing,,,
GX020029_L.MP4,4042,38.5507,KAD_SO1_Transect 2,1.3786,169.902,7.38,17.439,2427.838,30.952,83.652,3.911,998.548,-749.722,-2082.118,KAD_SO1,Peter,Scaridae,Chlorurus,spilurus,temp_code_002,1,AD,Passing,,,
GX020029_L.MP4,4042,38.5507,KAD_SO1_Transect 2,1.3786,88.786,8.583,3.054,2501.464,25.347,74.582,3,1049.058,-214.986,-2260.66,KAD_SO1,Peter,Pomacentridae,Chromis,viridis,37372053,1,AD,Passing,,,
GX020029_L.MP4,4058,38.5596,KAD_SO1_Transect 2,1.3875,,11.274,7.811,4446.102,22.556,,,1553.789,-705.505,-4105.585,KAD_SO1,Peter,Scaridae,Chlorurus,spilurus,temp_code_002,1,AD,Passing,,,
GX020029_L.MP4,4096,38.5808,KAD_SO1_Transect 2,1.4086,,18.691,7.279,5809.238,3.044,,,-225.355,-214.072,-5800.917,KAD_SO1,Peter,Scaridae,Chlorurus,sp,,1,AD,Passing,,,
GX020029_L.MP4,4096,38.5808,KAD_SO1_Transect 2,1.4086,,20.775,4.668,6098.724,5.292,,,-473.403,-307.419,-6072.547,KAD_SO1,Peter,Lethrinidae,Monotaxis,grandoculis,37351026,1,AD,Passing,,,
GX020029_L.MP4,4096,38.5808,KAD_SO1_Transect 2,1.4086,,14.886,9.315,5069.086,6.716,,,167.425,-571.663,-5033.965,KAD_SO1,Peter,Scaridae,Scarus,schlegeli,37386029,1,AD,Passing,,,
GX020029_L.MP4,4102,38.5841,KAD_SO1_Transect 2,1.412,79.949,6.521,8.259,2125.015,23.245,69.877,8.959,-333.218,-769.635,-1952.515,KAD_SO1,Peter,Pomacentridae,Neoglyphidodon,carlsoni,temp_code_008,1,AD,Passing,,,
GX020029_L.MP4,4155,38.6136,KAD_SO1_Transect 2,1.4414,335.885,28.152,2.571,4702.812,26.629,83.313,1.669,-2095.089,-231.962,-4203.955,KAD_SO1,Peter,Siganidae,Siganus,punctatus,37438003,1,AD,Passing,,,
GX020029_L.MP4,4220,38.6497,KAD_SO1_Transect 2,1.4776,,7.493,0.154,3833.602,26.068,,,-1650.876,-337.473,-3443.432,KAD_SO1,Peter,Scaridae,Chlorurus,spilurus,temp_code_002,1,AD,Passing,,,
GX020029_L.MP4,4268,38.6764,KAD_SO1_Transect 2,1.5043,,13.306,10.024,5086.407,25.764,,,2203.849,-178.855,-4580.676,KAD_SO1,Peter,Labridae,Halichoeres,hortulanus,37384112,1,AD,Passing,,,
GX020029_L.MP4,4268,38.6764,KAD_SO1_Transect 2,1.5043,,13.321,14.615,5062.879,25.56,,,2164.135,-299.634,-4567.219,KAD_SO1,Peter,Nemipteridae,Scolopsis,bilineata,37347031,1,AD,Passing,,,
GX020029_L.MP4,4303,38.6959,KAD_SO1_Transect 2,1.5237,,12.422,14.206,4706.478,21.297,,,1648.78,-453.907,-4384.795,KAD_SO1,Peter,Scaridae,Chlorurus,spilurus,temp_code_002,1,AD,Passing,,,
GX020029_L.MP4,4314,38.702,KAD_SO1_Transect 2,1.5299,,9.734,2.702,4214.875,20.607,,,-1417.245,-440.542,-3944.935,KAD_SO1,Peter,Mullidae,Mulloidichthys,flavolineatus,37355019,1,AD,Passing,,,
GX020029_L.MP4,4371,38.7337,KAD_SO1_Transect 2,1.5616,88.641,1.986,0.683,1479.448,7.241,23.404,14.374,185.949,-13.98,-1467.649,KAD_SO1,Peter,Labridae,Halichoeres,trimaculatus,37384122,1,AD,Passing,,,
GX020029_L.MP4,4383,38.7404,KAD_SO1_Transect 2,1.5682,38.49,1.919,3.73,1513.322,15.387,25.628,32.65,-193.4,-351.899,-1459.077,KAD_SO1,Peter,Pomacentridae,Neoglyphidodon,carlsoni,temp_code_008,1,AD,Passing,,,
GX020029_L.MP4,4383,38.7404,KAD_SO1_Transect 2,1.5682,24.935,1.282,5.799,1446.504,17.197,4.819,38.303,-59.637,-423.483,-1381.839,KAD_SO1,Peter,Pomacentridae,Pomacentrus,coelestis,37372111,1,AD,Passing,,,
GX020029_L.MP4,4383,38.7404,KAD_SO1_Transect 2,1.5682,68.348,1.21,2.32,1474.485,14.17,7.734,7.707,61.557,-355.668,-1429.621,KAD_SO1,Peter,Pomacentridae,Stegastes,lacrymatus,temp_code_006,1,AD,Passing,,,
GX020029_L.MP4,4436,38.7698,KAD_SO1_Transect 2,1.5977,74.89,3.951,11.162,1773.729,23.996,59.832,18.321,-628.173,-354.579,-1620.428,KAD_SO1,Peter,Pomacentridae,Stegastes,nigricans,37372135,1,AD,Passing,,,
GX020029_L.MP4,4448,38.7765,KAD_SO1_Transect 2,1.6044,,9.647,6.609,4192.269,23.993,,,1647.949,-438.268,-3829.792,KAD_SO1,Peter,Mullidae,Parupeneus,multifasciatus,37355026,1,AD,Passing,,,
GX020029_L.MP4,4472,38.7899,KAD_SO1_Transect 2,1.6177,116.733,4.508,1.88,3350.545,9.679,4.107,11.62,-508.805,-241.732,-3302.853,KAD_SO1,Peter,Acanthuridae,Ctenochaetus,striatus,37437022,1,AD,Passing,,,
GX020029_L.MP4,4512,38.8121,KAD_SO1_Transect 2,1.64,261.798,16.442,5.337,4950.996,5.35,18.809,15.154,457.359,62.792,-4929.426,KAD_SO1,Peter,Scaridae,Chlorurus,spilurus,temp_code_002,1,AD,Passing,,,
GX020029_L.MP4,4512,38.8121,KAD_SO1_Transect 2,1.64,194.038,17.95,15.245,5461.718,20.817,0.644,2.523,1916.845,305.039,-5105.195,KAD_SO1,Peter,Scaridae,Scarus,dimidiatus,37386013,1,AD,Passing,,,
GX020029_L.MP4,4512,38.8121,KAD_SO1_Transect 2,1.64,,13.155,15.393,4861.845,20.715,,,1688.117,325.557,-4547.725,KAD_SO1,Peter,Scaridae,Scarus,dimidiatus,37386013,1,AD,Passing,,,
GX020029_L.MP4,4567,38.8427,KAD_SO1_Transect 2,1.6706,,12.281,7.214,4763.229,22.828,,,1828.66,263.91,-4390.297,KAD_SO1,Peter,Scaridae,Scarus,sp,,1,AD,Passing,,,
GX020029_L.MP4,4759,38.9495,KAD_SO1_Transect 2,1.7773,187.765,9.379,3.783,2677.684,28.328,85.042,3.654,1185.753,-456.602,-2357.01,KAD_SO1,Peter,Nemipteridae,Scolopsis,bilineata,37347031,1,AD,Passing,,,
GX020029_L.MP4,4767,38.9539,KAD_SO1_Transect 2,1.7818,,18.174,8.086,5627.833,15.983,,,1508.227,-359.107,-5410.064,KAD_SO1,Peter,Chaetodontidae,Chaetodon,lineolatus,37365041,1,AD,Passing,,,
GX020029_L.MP4,4767,38.9539,KAD_SO1_Transect 2,1.7818,213.171,15.742,7.683,3787.324,19.31,37.649,4.864,1199.186,-361.17,-3574.26,KAD_SO1,Peter,Scaridae,Chlorurus,spilurus,temp_code_002,1,AD,Passing,,,
GX020029_L.MP4,4767,38.9539,KAD_SO1_Transect 2,1.7818,123.006,6.435,5.489,3395.669,17.503,2.96,6.347,946.369,-383.966,-3238.445,KAD_SO1,Peter,Scaridae,Chlorurus,spilurus,temp_code_002,1,AD,Passing,,,
GX020029_L.MP4,4772,38.9567,KAD_SO1_Transect 2,1.7846,134.584,9.125,7.564,4664.323,10.482,6.617,20.711,818.356,-224.453,-4586.482,KAD_SO1,Peter,Acanthuridae,Ctenochaetus,striatus,37437022,1,AD,Passing,,,
GX020029_L.MP4,4772,38.9567,KAD_SO1_Transect 2,1.7846,97.599,4.555,4.309,3757.492,8.341,6.27,13.653,194.766,-509.112,-3717.744,KAD_SO1,Peter,Mullidae,Mulloidichthys,flavolineatus,37355019,1,AD,Passing,,,
GX020029_L.MP4,4772,38.9567,KAD_SO1_Transect 2,1.7846,,8.203,1.451,3686.36,7.576,,,220.177,-435.384,-3653.932,KAD_SO1,Peter,Mullidae,Mulloidichthys,flavolineatus,37355019,1,AD,Passing,,,
GX020029_L.MP4,4847,38.9984,KAD_SO1_Transect 2,1.8263,,1.592,2.251,1513.718,16.087,,,-333.46,-255.286,-1454.295,KAD_SO1,Peter,Cirrhitidae,Paracirrhites,forsteri,37374010,1,AD,Passing,,,
GX020029_L.MP4,4848,38.999,KAD_SO1_Transect 2,1.8268,,1.688,0.218,1584.283,19.413,,,-469.669,-238.996,-1494.069,KAD_SO1,Peter,Pomacentridae,Stegastes,nigricans,37372135,1,AD,Passing,,,
GX020029_L.MP4,26368,50.9665,KAD_SO1_Transect 3,0.4171,145.835,11.686,5.81,2885.864,22.371,76.675,10.175,-1085.264,-169.211,-2668.667,KAD_SO1,Peter,Scaridae,Chlorurus,spilurus,temp_code_002,1,AD,Passing,,,
GX020029_L.MP4,26383,50.9748,KAD_SO1_Transect 3,0.4254,94.474,3.497,3.664,1448.615,14.495,71.348,1.773,-310.388,-187.418,-1402.505,KAD_SO1,Peter,Blenniidae,Plagiotremus,tapeinosoma,37408076,1,AD,Passing,,,
GX020029_L.MP4,26383,50.9748,KAD_SO1_Transect 3,0.4254,84.196,5.391,4.622,1899.179,18.377,65.69,8.02,-568.06,-189.231,-1802.326,KAD_SO1,Peter,Blenniidae,Plagiotremus,tapeinosoma,37408076,1,AD,Passing,,,
GX020029_L.MP4,26397,50.9826,KAD_SO1_Transect 3,0.4332,,3.61,0.564,2414.095,17.725,,,-632.355,-375.899,-2299.278,KAD_SO1,Peter,Balistidae,Balistapus,undulatus,37465047,1,AD,Passing,,,
GX020029_L.MP4,26688,51.1444,KAD_SO1_Transect 3,0.595,,9.64,6.691,4281.879,24.248,,,-1674.309,-540.006,-3903.789,KAD_SO1,Peter,Acanthuridae,Acanthurus,sp,,1,AD,Passing,,,
GX020029_L.MP4,26727,51.1661,KAD_SO1_Transect 3,0.6167,374.334,32.024,1.859,4957.308,25.093,75.283,2.374,-2087.002,-253.319,-4489.449,KAD_SO1,Peter,Scaridae,Chlorurus,spilurus,temp_code_002,1,AD,Passing,,,
GX020029_L.MP4,26808,51.2112,KAD_SO1_Transect 3,0.6618,,9.625,3.129,4150.408,22.552,,,1537.396,-414.67,-3832.799,KAD_SO1,Peter,Scaridae,Scarus,sp,,1,AD,Passing,,,
GX020029_L.MP4,26895,51.2595,KAD_SO1_Transect 3,0.7102,,3.656,0.314,2621.403,26.67,,,-1175.991,37.035,-2342.526,KAD_SO1,Peter,Pomacentridae,Chromis,margaritifer,37372047,1,AD,Passing,,,
GX020029_L.MP4,27139,51.3952,KAD_SO1_Transect 3,0.8458,206.544,6.371,4.707,2150.44,24.979,71.207,8.089,868.278,-266.01,-1949.288,KAD_SO1,Peter,Pomacentridae,Neoglyphidodon,carlsoni,temp_code_008,1,AD,Passing,,,
GX020029_L.MP4,27238,51.4503,KAD_SO1_Transect 3,0.9009,,6.894,2.215,3376.703,13.713,,,-643.6,-477.913,-3280.168,KAD_SO1,Peter,Acanthuridae,Acanthurus,sp,,1,AD,Passing,,,
GX020029_L.MP4,27290,51.4792,KAD_SO1_Transect 3,0.9298,,2.998,10.248,2298.454,28.8,,,-919.75,-617.709,-2013.798,KAD_SO1,Peter,Acanthuridae,Acanthurus,sp,,1,AD,Passing,,,
GX020029_L.MP4,27368,51.5226,KAD_SO1_Transect 3,0.9732,147.125,7.964,9.726,3860.389,5.405,13.769,14.172,324.104,-164.947,-3843.222,KAD_SO1,Peter,Acanthuridae,Ctenochaetus,striatus,37437022,1,AD,Passing,,,
GX020029_L.MP4,27368,51.5226,KAD_SO1_Transect 3,0.9732,166.557,7.767,7.232,3062.858,12.347,23.161,2.204,-597.981,-267.18,-2992.011,KAD_SO1,Peter,Acanthuridae,Ctenochaetus,striatus,37437022,1,AD,Passing,may have double sampled,,
GX020029_L.MP4,27471,51.5799,KAD_SO1_Transect 3,1.0305,81.275,4.742,7.403,1825.112,21.235,64.297,3.264,-576.63,-323.246,-1701.189,KAD_SO1,Peter,Pomacentridae,Pomacentrus,callainus,temp_code_004,1,AD,Passing,,,
GX020029_L.MP4,27559,51.6288,KAD_SO1_Transect 3,1.0794,115.309,7.278,5.023,2138.083,18.948,68.409,3.924,254.011,-646.128,-2022.226,KAD_SO1,Peter,Labridae,Stethojulis,sp,,1,AD,Passing,,,
GX020029_L.MP4,27559,51.6288,KAD_SO1_Transect 3,1.0794,53.807,4.257,1.403,2151.865,21.548,32.009,14.817,312.093,-726.095,-2001.476,KAD_SO1,Peter,Labridae,Stethojulis,sp,,1,AD,Passing,,,
GX020029_L.MP4,27577,51.6388,KAD_SO1_Transect 3,1.0894,,9.464,5.833,4044.573,17.147,,,1192.159,-28.487,-3864.778,KAD_SO1,Peter,Scaridae,Scarus,sp,,1,AD,Passing,,,
GX020029_L.MP4,27595,51.6488,KAD_SO1_Transect 3,1.0994,103.581,9.812,2.885,2789.838,28.277,89.879,13.341,1307.472,-192.974,-2456.923,KAD_SO1,Peter,Labridae,Thalassoma,hardwicke,37384165,1,AD,Passing,,,
GX020029_L.MP4,27654,51.6816,KAD_SO1_Transect 3,1.1322,201.073,8.136,7.575,3906.254,17.758,3.486,24.806,1174.374,200.568,-3720.14,KAD_SO1,Peter,Scaridae,Chlorurus,spilurus,temp_code_002,1,AD,Passing,,,
GX020029_L.MP4,27692,51.7028,KAD_SO1_Transect 3,1.1534,,21.836,0.314,6247.604,12.711,,,-1327.562,-360.5,-6094.274,KAD_SO1,Peter,Mullidae,Parupeneus,barberinus,37355022,1,AD,Passing,,,
GX020029_L.MP4,27692,51.7028,KAD_SO1_Transect 3,1.1534,,19.413,5.46,5863.873,13.335,,,-1275.166,-453.981,-5705.511,KAD_SO1,Peter,Mullidae,Parupeneus,barberinus,37355022,1,AD,Passing,,,
GX020029_L.MP4,27692,51.7028,KAD_SO1_Transect 3,1.1534,,21.561,1.641,6194.281,12.067,,,-1240.235,-376.042,-6057.188,KAD_SO1,Peter,Mullidae,Parupeneus,barberinus,37355022,1,AD,Passing,,,
GX020029_L.MP4,27772,51.7473,KAD_SO1_Transect 3,1.1979,,3.902,8.758,2568.76,23.215,,,972.517,280.547,-2360.939,KAD_SO1,Peter,Pomacentridae,Pomacentrus,callainus,temp_code_004,1,AD,Passing,,,
GX020029_L.MP4,28133,51.948,KAD_SO1_Transect 3,1.3986,62.819,4.039,8.871,1644.901,22.88,83.479,3.618,-558.267,-311.998,-1515.484,KAD_SO1,Peter,Pomacentridae,Neoglyphidodon,carlsoni,temp_code_008,1,AD,Passing,,,
GX020029_L.MP4,28184,51.9764,KAD_SO1_Transect 3,1.427,,5.908,10.713,3439.618,30.438,,,1742.362,21.405,-2965.584,KAD_SO1,Peter,Scaridae,Scarus,globiceps,37386018,1,AD,Passing,,,
GX020029_L.MP4,28218,51.9953,KAD_SO1_Transect 3,1.4459,,4.42,1.45,2817.987,25.437,,,1205.254,-112.545,-2544.749,KAD_SO1,Peter,Pomacentridae,Stegastes,lacrymatus,temp_code_006,1,AD,Passing,,,
GX020029_L.MP4,28248,52.012,KAD_SO1_Transect 3,1.4626,129.826,10.409,3.018,2856.554,23.609,56.729,7.141,1137.937,-118.024,-2617.455,KAD_SO1,Peter,Labridae,Gomphosus,varius,37384106,1,AD,Passing,,,
GX020029_L.MP4,28334,52.0598,KAD_SO1_Transect 3,1.5104,37.855,3.256,9.195,1994.736,28.236,19.347,8.126,826.977,-454.675,-1757.37,KAD_SO1,Peter,Pomacentridae,Neoglyphidodon,carlsoni,temp_code_008,1,AD,Passing,,,
GX020029_L.MP4,28350,52.0687,KAD_SO1_Transect 3,1.5193,57.56,3.401,7.58,2124.26,21.242,27.481,42.882,675.096,369.545,-1979.94,KAD_SO1,Peter,Pomacentridae,Chromis,ternatensis,37372051,1,AD,Passing,,,
GX020029_L.MP4,28350,52.0687,KAD_SO1_Transect 3,1.5193,34.63,3.229,4.29,2117.079,16.224,24.664,45.568,318.475,498.443,-2032.769,KAD_SO1,Peter,Pomacentridae,Chromis,viridis,37372053,1,AD,Passing,school aa,,
GX020029_L.MP4,28350,52.0687,KAD_SO1_Transect 3,1.5193,69.144,6.138,11.567,2073.132,24.034,74.301,13.625,641.54,548.949,-1893.398,KAD_SO1,Peter,Pomacentridae,Chromis,viridis,37372053,1,AD,Passing,school aa,,
GX020029_L.MP4,28350,52.0687,KAD_SO1_Transect 3,1.5193,44.157,3.454,11.612,2203.012,24.63,19.754,30.522,641.41,656.923,-2002.575,KAD_SO1,Peter,Pomacentridae,Chromis,viridis,37372053,1,AD,Passing,school aa,,
GX020029_L.MP4,28372,52.0809,KAD_SO1_Transect 3,1.5315,65.922,4.869,7.058,1756.492,19.051,70.674,0.304,545.108,177.715,-1660.283,KAD_SO1,Peter,Pomacentridae,Pomacentrus,moluccensis,37372118,1,AD,Passing,,,
GX020029_L.MP4,28384,52.0876,KAD_SO1_Transect 3,1.5382,52.911,2.529,18.321,1827.211,27.508,9.897,12.329,718.975,441.95,-1620.635,KAD_SO1,Peter,Pomacentridae,Chromis,ternatensis,37372051,1,AD,Passing,,,
GX020029_L.MP4,28384,52.0876,KAD_SO1_Transect 3,1.5382,,1.862,6.295,1661.878,20.818,,,274.966,521.814,-1553.687,KAD_SO1,Peter,Pomacentridae,Chromis,viridis,37372053,1,AD,Passing,,,
GX020029_L.MP4,28384,52.0876,KAD_SO1_Transect 3,1.5382,,1.668,3.091,1548.792,18.366,,,350.746,338.452,-1470.097,KAD_SO1,Peter,Pomacentridae,Chromis,viridis,37372053,1,AD,Passing,,,
GX020029_L.MP4,28384,52.0876,KAD_SO1_Transect 3,1.5382,,1.585,7.15,1513.031,20.49,,,384.786,363.117,-1417.515,KAD_SO1,Peter,Pomacentridae,Chromis,viridis,37372053,1,AD,Passing,,,
GX020029_L.MP4,28384,52.0876,KAD_SO1_Transect 3,1.5382,,1.795,2.399,1626.793,21.405,,,431.44,406.965,-1514.825,KAD_SO1,Peter,Pomacentridae,Chromis,viridis,37372053,1,AD,Passing,,,
GX020029_L.MP4,28384,52.0876,KAD_SO1_Transect 3,1.5382,,2.043,1.335,1755.327,22.471,,,492.811,454.324,-1622.313,KAD_SO1,Peter,Pomacentridae,Chromis,viridis,37372053,1,AD,Passing,,,
GX020029_L.MP4,28384,52.0876,KAD_SO1_Transect 3,1.5382,,1.669,0.116,1595.178,25.854,,,568.145,400.542,-1435.748,KAD_SO1,Peter,Pomacentridae,Chromis,viridis,37372053,1,AD,Passing,,,
GX020029_L.MP4,28384,52.0876,KAD_SO1_Transect 3,1.5382,,1.757,10.654,1662.365,27.862,,,642.395,436.069,-1469.908,KAD_SO1,Peter,Pomacentridae,Chromis,viridis,37372053,1,AD,Passing,,,
GX020029_L.MP4,28384,52.0876,KAD_SO1_Transect 3,1.5382,,1.584,12.183,1546.989,25.834,,,537.202,406.425,-1392.627,KAD_SO1,Peter,Pomacentridae,Chromis,viridis,37372053,1,AD,Passing,,,
GX020029_L.MP4,28384,52.0876,KAD_SO1_Transect 3,1.5382,,1.707,5.162,1560.794,15.324,,,338.497,234.839,-1505.44,KAD_SO1,Peter,Pomacentridae,Chromis,ternatensis,37372051,1,AD,Passing,,,
GX020029_L.MP4,28384,52.0876,KAD_SO1_Transect 3,1.5382,,1.682,1.092,1553.005,10.156,,,54.281,267.501,-1528.83,KAD_SO1,Peter,Pomacentridae,Chromis,viridis,37372053,1,AD,Passing,,,
GX020029_L.MP4,28384,52.0876,KAD_SO1_Transect 3,1.5382,,1.767,2.693,1593.253,5.356,,,115.623,92.609,-1586.351,KAD_SO1,Peter,Pomacentridae,Chromis,viridis,37372053,1,AD,Passing,,,
GX020029_L.MP4,28384,52.0876,KAD_SO1_Transect 3,1.5382,,1.553,1.47,1490.316,18.23,,,466.077,10.814,-1415.52,KAD_SO1,Peter,Pomacentridae,Pomacentrus,moluccensis,37372118,1,AD,Passing,,,
GX020029_L.MP4,28384,52.0876,KAD_SO1_Transect 3,1.5382,,3.896,11.478,2570.975,22.424,,,-851.719,-487.56,-2376.294,KAD_SO1,Peter,Pomacentridae,Pomacentrus,coelestis,37372111,1,AD,Passing,,,
GX020029_L.MP4,28384,52.0876,KAD_SO1_Transect 3,1.5382,55.434,1.682,7.143,1770.129,15.969,3.311,21.808,-263.721,-409.391,-1701.825,KAD_SO1,Peter,Labridae,Thalassoma,hardwicke,37384165,1,AD,Passing,,,
GX020029_L.MP4,28384,52.0876,KAD_SO1_Transect 3,1.5382,41.237,2.843,8.297,1851.651,20.274,27.006,28.371,-401.694,-500.312,-1736.934,KAD_SO1,Peter,Acanthuridae,Zebrasoma,scopas,37437036,1,AD,Passing,,,
GX020029_L.MP4,28384,52.0876,KAD_SO1_Transect 3,1.5382,46.188,2.159,9.666,1848.57,19.413,9.895,10.002,-413.318,-454.604,-1743.478,KAD_SO1,Peter,Acanthuridae,Zebrasoma,scopas,37437036,1,AD,Passing,,,
GX020029_L.MP4,28384,52.0876,KAD_SO1_Transect 3,1.5382,,2.69,2.072,2033.328,16.64,,,-415.189,-409.357,-1947.939,KAD_SO1,Peter,Acanthuridae,Zebrasoma,scopas,37437036,1,AD,Passing,,,
GX020029_L.MP4,28397,52.0948,KAD_SO1_Transect 3,1.5454,,1.771,9.398,1623.188,22.489,,,331.863,523.873,-1500.054,KAD_SO1,Peter,Pomacentridae,Chromis,viridis,37372053,1,AD,Passing,,,
GX020029_L.MP4,28397,52.0948,KAD_SO1_Transect 3,1.5454,,1.614,2.295,1564.491,26.308,,,499.006,480.601,-1402.729,KAD_SO1,Peter,Pomacentridae,Chromis,viridis,37372053,1,AD,Passing,,,
GX020029_L.MP4,28397,52.0948,KAD_SO1_Transect 3,1.5454,,1.156,13.003,1285.279,25.291,,,422.284,350.302,-1162.286,KAD_SO1,Peter,Pomacentridae,Chromis,viridis,37372053,1,AD,Passing,,,
GX020029_L.MP4,28397,52.0948,KAD_SO1_Transect 3,1.5454,,1.26,8.137,1339.577,23.214,,,450.125,275.31,-1231.283,KAD_SO1,Peter,Pomacentridae,Chromis,viridis,37372053,1,AD,Passing,,,
GX020029_L.MP4,28397,52.0948,KAD_SO1_Transect 3,1.5454,,1.586,13.726,1565.92,27.218,,,628.064,343.418,-1392.733,KAD_SO1,Peter,Pomacentridae,Chromis,viridis,37372053,1,AD,Passing,,,
GX020029_L.MP4,28397,52.0948,KAD_SO1_Transect 3,1.5454,,1.672,0.481,1579.647,23.831,,,506.417,387.587,-1445.2,KAD_SO1,Peter,Pomacentridae,Chromis,viridis,37372053,1,AD,Passing,,,
GX020029_L.MP4,28397,52.0948,KAD_SO1_Transect 3,1.5454,,1.244,8.806,1324.06,22.232,,,447.446,224.586,-1225.76,KAD_SO1,Peter,Pomacentridae,Chromis,viridis,37372053,1,AD,Passing,,,
GX020029_L.MP4,28464,52.1321,KAD_SO1_Transect 3,1.5827,26.782,2.149,10.383,1193.245,21.238,75.219,8.331,-214.584,-375.22,-1112.204,KAD_SO1,Peter,Pomacentridae,Pomacentrus,coelestis,37372111,1,AD,Passing,,,
GX020029_L.MP4,28508,52.1565,KAD_SO1_Transect 3,1.6072,,13.086,6.78,4786.285,18.797,,,1492.747,384.716,-4531.25,KAD_SO1,Peter,Acanthuridae,Zebrasoma,scopas,37437036,1,AD,Passing,,,
GX020029_L.MP4,28508,52.1565,KAD_SO1_Transect 3,1.6072,,10.046,15.405,4370.242,25.471,,,1864.266,235.81,-3945.621,KAD_SO1,Peter,Acanthuridae,Zebrasoma,scopas,37437036,1,AD,Passing,,,
GX020029_L.MP4,28539,52.1738,KAD_SO1_Transect 3,1.6244,,11.774,3.491,4960.122,27.634,,,-2289.4,-229.731,-4394.165,KAD_SO1,Peter,Acanthuridae,Acanthurus,sp,,1,AD,Passing,,,
GX020029_L.MP4,28561,52.186,KAD_SO1_Transect 3,1.6366,27.029,2.571,4.687,2389.733,17.535,10.273,7.139,121.442,-709.669,-2278.694,KAD_SO1,Peter,Pomacentridae,Pomacentrus,coelestis,37372111,1,AD,Passing,,,
GX020029_L.MP4,28561,52.186,KAD_SO1_Transect 3,1.6366,61.18,2.896,10.245,2023.44,22.445,22.221,35.12,-234.099,-736.221,-1870.157,KAD_SO1,Peter,Pomacentridae,Pomacentrus,moluccensis,37372118,1,AD,Passing,,,
GX020029_L.MP4,28638,52.2288,KAD_SO1_Transect 3,1.6795,,7.824,11.888,3872.423,28.615,,,-1633.335,-880.434,-3398.928,KAD_SO1,Peter,Pomacentridae,Neoglyphidodon,carlsoni,temp_code_008,1,AD,Passing,,,
GX020029_L.MP4,28647,52.2338,KAD_SO1_Transect 3,1.6845,91.844,7.582,3.028,2458.592,27.338,70.733,16.462,1010.374,-503.946,-2184,KAD_SO1,Peter,Acanthuridae,Acanthurus,sp,,1,AD,Passing,,,
GX020029_L.MP4,28647,52.2338,KAD_SO1_Transect 3,1.6845,63.062,3.573,7.445,2543.232,20.647,8.869,14.928,565.176,-696.269,-2379.877,KAD_SO1,Peter,Pomacentridae,Neoglyphidodon,carlsoni,temp_code_008,1,AD,Passing,,,
GX020029_L.MP4,28655,52.2383,KAD_SO1_Transect 3,1.6889,51.224,4.111,4.289,3197.674,22.867,8.292,15.487,348.084,-1192.858,-2946.362,KAD_SO1,Peter,Acanthuridae,Zebrasoma,scopas,37437036,1,AD,Passing,,,
GX020029_L.MP4,28664,52.2433,KAD_SO1_Transect 3,1.6939,,19.281,1.2,6032.532,23.738,,,-2209.677,-1010.421,-5521.577,KAD_SO1,Peter,Acanthuridae,Acanthurus,sp,,1,AD,Passing,,,
GX020029_L.MP4,28664,52.2433,KAD_SO1_Transect 3,1.6939,,6.313,9.474,3356.886,23.11,,,-1176.238,-595.51,-3087.154,KAD_SO1,Peter,Acanthuridae,Acanthurus,sp,,1,AD,Passing,,,
GX020029_L.MP4,28664,52.2433,KAD_SO1_Transect 3,1.6939,,18.486,11.025,5936.492,25.282,,,-2273.718,-1124.788,-5367.215,KAD_SO1,Peter,Chaetodontidae,Chaetodon,sp,,1,AD,Passing,,,
GX020029_L.MP4,28664,52.2433,KAD_SO1_Transect 3,1.6939,,21.506,3.597,6325.313,22.841,,,-2197.112,-1099.473,-5828.674,KAD_SO1,Peter,Scaridae,Chlorurus,spilurus,temp_code_002,1,AD,Passing,,,
GX020029_L.MP4,28752,52.2922,KAD_SO1_Transect 3,1.7429,,6.356,1.978,3207.031,14.744,,,-263.751,-774.239,-3100.973,KAD_SO1,Peter,Pomacanthidae,Centropyge,flavissima,37365026,1,AD,Passing,,,
GX020029_L.MP4,28752,52.2922,KAD_SO1_Transect 3,1.7429,,6.539,3.852,3266.567,12.004,,,-449.743,-511.084,-3194.837,KAD_SO1,Peter,Pomacentridae,Chromis,ternatensis,37372051,1,AD,Passing,,,
GX020029_L.MP4,28752,52.2922,KAD_SO1_Transect 3,1.7429,69.324,2.28,6.229,2384.926,20.944,0.771,24.21,-82.401,-848.524,-2227.35,KAD_SO1,Peter,Pomacentridae,Stegastes,lacrymatus,temp_code_006,1,AD,Passing,,,
GX020029_L.MP4,28762,52.2978,KAD_SO1_Transect 3,1.7484,53.185,5.258,7.767,3058.886,17.078,12.794,21.032,-625.16,-645.063,-2924.013,KAD_SO1,Peter,Pomacentridae,Chrysiptera,glauca,37372062,1,AD,Passing,,,
GX020029_L.MP4,28808,52.3234,KAD_SO1_Transect 3,1.774,92.554,7.153,4.728,2394.44,29.597,76.299,4.287,1088.014,-463.437,-2082.018,KAD_SO1,Peter,Pomacentridae,Pomacentrus,callainus,temp_code_004,1,AD,Passing,,,
GX020029_L.MP4,28822,52.3312,KAD_SO1_Transect 3,1.7818,,4.944,4.494,2817.108,20.948,,,291.93,-965.486,-2630.345,KAD_SO1,Peter,Pomacentridae,Pomacentrus,coelestis,37372111,1,AD,Passing,,,
GX020029_L.MP4,28898,52.3734,KAD_SO1_Transect 3,1.824,,14.102,1.139,5279.814,27.392,,,2403.681,-353.45,-4687.625,KAD_SO1,Peter,Scaridae,Chlorurus,spilurus,temp_code_002,1,AD,Passing,,,
GX020029_L.MP4,28925,52.3884,KAD_SO1_Transect 3,1.8391,124.876,10.821,6.775,3066.133,10.095,35.914,7.633,131.87,-520.988,-3018.667,KAD_SO1,Peter,Acanthuridae,Zebrasoma,scopas,37437036,1,AD,Passing,,,
GX020029_L.MP4,28976,52.4168,KAD_SO1_Transect 3,1.8674,84.297,7.414,1.506,2193.595,22.166,81.581,7.105,663.78,-494.341,-2031.473,KAD_SO1,Peter,Scaridae,Chlorurus,spilurus,temp_code_002,1,AD,Passing,,,
GX020029_L.MP4,29011,52.4363,KAD_SO1_Transect 3,1.8869,,2.116,4.574,1849.483,22.516,,,-694.062,-142.028,-1708.418,KAD_SO1,Peter,Pomacentridae,Pomacentrus,callainus,temp_code_004,1,AD,Passing,,,
GX020029_L.MP4,29015,52.4385,KAD_SO1_Transect 3,1.8891,98.231,1.859,1.295,1571.186,16.745,19.342,6.062,180.101,-415.311,-1504.562,KAD_SO1,Peter,Labridae,Stethojulis,bandanensis,37384154,1,AD,Passing,,,
GX020029_L.MP4,29023,52.4429,KAD_SO1_Transect 3,1.8936,35.976,3.323,3.076,1824.502,17.378,33.066,23.022,-528.04,-134.596,-1741.225,KAD_SO1,Peter,Pomacentridae,Pomacentrus,callainus,temp_code_004,1,AD,Passing,,,
GX020029_L.MP4,29024,52.4435,KAD_SO1_Transect 3,1.8941,73.8,2.819,13.599,1545.978,22.757,44.001,4.839,-514.716,-304.475,-1425.626,KAD_SO1,Peter,Pomacentridae,Stegastes,lacrymatus,temp_code_006,1,AD,Passing,,,
GX020029_L.MP4,29026,52.4446,KAD_SO1_Transect 3,1.8952,29.109,1.543,4.573,1753.342,19.116,6.61,6.128,-195.364,-539.942,-1656.654,KAD_SO1,Peter,Pomacentridae,Pomacentrus,coelestis,37372111,1,AD,Passing,,,
GX020029_L.MP4,29141,52.5086,KAD_SO1_Transect 3,1.9592,,10.708,4.283,4349.318,18.663,,,-1266.332,-579.954,-4120.27,KAD_SO1,Peter,Scaridae,Chlorurus,spilurus,temp_code_002,1,AD,Passing,,,
GX020029_L.MP4,29164,52.5214,KAD_SO1_Transect 3,1.972,,12.513,8.605,4607.649,7.594,,,495.654,-356.355,-4567.031,KAD_SO1,Peter,Scaridae,Chlorurus,spilurus,temp_code_002,1,AD,Passing,,,
GX020029_L.MP4,29164,52.5214,KAD_SO1_Transect 3,1.972,75.121,5.835,6.026,4421.658,8.571,1.482,12.87,511.829,-415.031,-4372.281,KAD_SO1,Peter,Acanthuridae,Ctenochaetus,sp,,1,AD,Passing,,,
GX020029_L.MP4,29208,52.5458,KAD_SO1_Transect 3,1.9964,,11.365,11.91,4410.459,17.765,,,1274.088,-435.505,-4199.902,KAD_SO1,Peter,Acanthuridae,Acanthurus,sp,,1,AD,Passing,,,
GX020029_L.MP4,29291,52.592,KAD_SO1_Transect 3,2.0426,156.9,15.179,5.578,3316.832,27.159,85.937,5.248,1143.962,-991.749,-2951.129,KAD_SO1,Peter,Acanthuridae,Acanthurus,sp,,1,AD,Passing,,,
GX020029_L.MP4,29304,52.5992,KAD_SO1_Transect 3,2.0498,,8.388,5.08,3732.845,21.989,,,1059.861,-913.155,-3460.777,KAD_SO1,Peter,Scaridae,Chlorurus,spilurus,temp_code_002,1,AD,Passing,,,
GX020029_L.MP4,62331,70.9659,KAD_SO1_Transect 4,0.4844,226.386,8.29,3.334,2246.417,17.011,78.993,10.768,-549.14,-361.082,-2148.129,KAD_SO1,Peter,Acanthuridae,Ctenochaetus,striatus,37437022,1,AD,Passing,,,
GX020029_L.MP4,62331,70.9659,KAD_SO1_Transect 4,0.4844,,6.603,12.327,3309.037,8.563,,,-430.342,-241.822,-3272.011,KAD_SO1,Peter,Pomacentridae,Pomacentrus,coelestis,37372111,1,AD,Passing,,,
GX020029_L.MP4,62331,70.9659,KAD_SO1_Transect 4,0.4844,83.733,2.895,7.509,1607.673,20.562,39.125,2.776,-393.494,-404.965,-1505.251,KAD_SO1,Peter,Pomacentridae,Stegastes,lacrymatus,temp_code_006,1,AD,Passing,,,
GX020029_L.MP4,62331,70.9659,KAD_SO1_Transect 4,0.4844,,3.511,3.377,2347.088,11.601,,,-403.951,-245.46,-2298.998,KAD_SO1,Peter,Pomacentridae,Stegastes,lacrymatus,temp_code_006,1,AD,Passing,,,
GX020029_L.MP4,62357,70.9804,KAD_SO1_Transect 4,0.4988,110.539,10.856,5.717,2809.759,20.932,84.241,23.969,-1003.414,-27.867,-2624.335,KAD_SO1,Peter,Labridae,Thalassoma,hardwicke,37384165,1,AD,Passing,,,
GX020029_L.MP4,62357,70.9804,KAD_SO1_Transect 4,0.4988,,5.561,9.575,3246.423,25.303,,,-1358.784,279.201,-2935.135,KAD_SO1,Peter,Labridae,Thalassoma,hardwicke,37384165,1,AD,Passing,,,
GX020029_L.MP4,62444,71.0287,KAD_SO1_Transect 4,0.5472,126.66,3.971,3.106,1763.62,20.956,52.859,14.178,-629.156,-45.019,-1646.964,KAD_SO1,Peter,Labridae,Thalassoma,hardwicke,37384165,1,AD,Passing,,,
GX020029_L.MP4,62483,71.0504,KAD_SO1_Transect 4,0.5689,,2.81,3.83,2140.414,21.781,,,-692.237,-390.505,-1987.382,KAD_SO1,Peter,Pomacentridae,Pomacentrus,coelestis,37372111,1,AD,Passing,,,
GX020029_L.MP4,62549,71.0871,KAD_SO1_Transect 4,0.6056,124.904,4.638,3.758,2078.958,18.139,35.139,10.5,482.808,431.057,-1975.64,KAD_SO1,Peter,Labridae,Thalassoma,hardwicke,37384165,1,AD,Passing,,,
GX020029_L.MP4,62556,71.091,KAD_SO1_Transect 4,0.6095,120.548,6.275,5.964,2382.049,6.783,32.851,0.592,-208.82,188.535,-2365.377,KAD_SO1,Peter,Scaridae,Chlorurus,spilurus,temp_code_002,1,AD,Passing,,,
GX020029_L.MP4,62556,71.091,KAD_SO1_Transect 4,0.6095,,4.22,3.892,2600.089,3.121,,,-60.866,126.282,-2596.308,KAD_SO1,Peter,Pomacentridae,Neoglyphidodon,carlsoni,temp_code_008,1,AD,Passing,,,
GX020029_L.MP4,62571,71.0994,KAD_SO1_Transect 4,0.6178,153.98,8.374,5.057,2574.619,12.788,42.6,7.373,-562.051,-94.199,-2510.754,KAD_SO1,Peter,Labridae,Halichoeres,hortulanus,37384112,1,AD,Passing,,,
GX020029_L.MP4,62595,71.1127,KAD_SO1_Transect 4,0.6312,,7.926,10.883,3651.51,23.808,,,1132.743,941.238,-3341.33,KAD_SO1,Peter,Labridae,Thalassoma,hardwicke,37384165,1,AD,Passing,,,
GX020029_L.MP4,62606,71.1188,KAD_SO1_Transect 4,0.6373,,2.458,5.737,1995.6,21.794,,,-685.138,-283.066,-1852.803,KAD_SO1,Peter,Acanthuridae,Ctenochaetus,striatus,37437022,1,AD,Passing,,,
GX020029_L.MP4,62739,71.1928,KAD_SO1_Transect 4,0.7113,,5.913,11.906,3085.982,12.858,,,624.444,-287.499,-3008.438,KAD_SO1,Peter,Acanthuridae,Acanthurus,sp,,1,AD,Passing,,,
GX020029_L.MP4,62739,71.1928,KAD_SO1_Transect 4,0.7113,,9.868,11.327,4071.379,10.058,,,699.457,-130.235,-4008.731,KAD_SO1,Peter,Labridae,Thalassoma,hardwicke,37384165,1,AD,Passing,,,
GX020029_L.MP4,62761,71.205,KAD_SO1_Transect 4,0.7235,158.989,4.704,2.84,2306.863,20.276,28.267,9.533,443.466,-665.162,-2163.912,KAD_SO1,Peter,Scaridae,Chlorurus,spilurus,temp_code_002,1,AD,Passing,,,
GX020029_L.MP4,62792,71.2223,KAD_SO1_Transect 4,0.7407,159.161,4.637,7.405,2384.146,28.173,23.604,15.311,1001.523,-513.794,-2101.695,KAD_SO1,Peter,Scaridae,Chlorurus,spilurus,temp_code_002,1,AD,Passing,,,
GX020029_L.MP4,62878,71.2701,KAD_SO1_Transect 4,0.7886,,9.511,9.863,4033.252,16.381,,,-979.176,-581.064,-3869.199,KAD_SO1,Peter,Pomacentridae,Neoglyphidodon,carlsoni,temp_code_008,1,AD,Passing,,,
GX020029_L.MP4,62893,71.2784,KAD_SO1_Transect 4,0.7969,,16.29,19.633,5265.553,19.092,,,1494.157,-859.579,-4975.407,KAD_SO1,Peter,Labridae,Stethojulis,bandanensis,37384154,1,AD,Passing,,,
GX020029_L.MP4,62931,71.2996,KAD_SO1_Transect 4,0.818,,9.743,15.668,4451.398,28.646,,,-2056.154,-573.269,-3906.218,KAD_SO1,Peter,Scaridae,Chlorurus,spilurus,temp_code_002,1,AD,Passing,,,
GX020029_L.MP4,62984,71.329,KAD_SO1_Transect 4,0.8475,130.901,12.104,13.735,3161.939,29.544,84.259,3.203,-1429.815,-621.718,-2750.81,KAD_SO1,Peter,Acanthuridae,Acanthurus,sp,,1,AD,Passing,,,
GX020029_L.MP4,62988,71.3313,KAD_SO1_Transect 4,0.8497,124.689,4.826,5.329,4101.827,9.069,5.917,3.715,-109.961,-637.096,-4050.556,KAD_SO1,Peter,Scaridae,Chlorurus,spilurus,temp_code_002,1,AD,Passing,,,
GX020029_L.MP4,62993,71.334,KAD_SO1_Transect 4,0.8525,,2.756,7.237,2060.169,18.027,,,-320.457,-552.309,-1958.714,KAD_SO1,Peter,Pomacentridae,Stegastes,nigricans,37372135,1,AD,Passing,,,
GX020029_L.MP4,63034,71.3568,KAD_SO1_Transect 4,0.8753,109.165,7.402,0.793,2341.856,27.442,87.991,8.23,942.196,-526.375,-2078.337,KAD_SO1,Peter,Pomacentridae,Neoglyphidodon,carlsoni,temp_code_008,1,AD,Passing,,,
GX020029_L.MP4,63044,71.3624,KAD_SO1_Transect 4,0.8809,117.522,5.876,4.529,3134.185,19.82,8.527,14.236,905.796,-555.775,-2948.519,KAD_SO1,Peter,Scaridae,Chlorurus,spilurus,temp_code_002,1,AD,Passing,,,
GX020029_L.MP4,63044,71.3624,KAD_SO1_Transect 4,0.8809,130.146,6.545,9.424,3280.172,20.41,7.564,12.002,1015.937,-525.701,-3074.255,KAD_SO1,Peter,Scaridae,Chlorurus,spilurus,temp_code_002,1,AD,Passing,,,
GX020029_L.MP4,63066,71.3746,KAD_SO1_Transect 4,0.8931,,5.522,0.583,3354.916,29.245,,,-1633.425,-136.936,-2927.223,KAD_SO1,Peter,Acanthuridae,Acanthurus,sp,,1,AD,Passing,,,
GX020029_L.MP4,63071,71.3774,KAD_SO1_Transect 4,0.8959,,3.742,2.744,2607.841,24.501,,,-1074.857,-120.904,-2372.952,KAD_SO1,Peter,Pomacentridae,Chromis,margaritifer,37372047,1,AD,Passing,,,
GX020029_L.MP4,63071,71.3774,KAD_SO1_Transect 4,0.8959,,4.763,4.339,2819.245,14.867,,,-722.833,25.233,-2724.889,KAD_SO1,Peter,Pomacentridae,Dascyllus,reticulatus,37372074,1,AD,Passing,,,
GX020029_L.MP4,63095,71.3908,KAD_SO1_Transect 4,0.9092,75.565,6.467,2.926,2144.778,25.208,83.987,8.006,898.887,-162.644,-1940.521,KAD_SO1,Peter,Pomacentridae,Dascyllus,reticulatus,37372074,1,AD,Passing,,,
GX020029_L.MP4,63101,71.3941,KAD_SO1_Transect 4,0.9126,150.251,10.402,2.07,4122.839,5.161,16.036,5.619,365.372,-63.756,-4106.122,KAD_SO1,Peter,Scaridae,Scarus,sp,,1,AD,Passing,,,
GX020029_L.MP4,63122,71.4058,KAD_SO1_Transect 4,0.9243,66.136,4.574,9.299,1827.019,24.429,86.088,16.258,-741.154,-147.001,-1663.454,KAD_SO1,Peter,Pomacentridae,Dascyllus,reticulatus,37372074,1,AD,Passing,,,
GX020029_L.MP4,63155,71.4241,KAD_SO1_Transect 4,0.9426,112.719,2.603,1.522,2073.832,11.613,11.066,7.12,328.483,-257.638,-2031.379,KAD_SO1,Peter,Acanthuridae,Acanthurus,sp,,1,AD,Passing,may have double sampled,,
GX020029_L.MP4,63191,71.4442,KAD_SO1_Transect 4,0.9626,,10.122,9.757,4360.162,24.122,,,1779.555,-93.549,-3979.377,KAD_SO1,Peter,Scaridae,Scarus,sp,,1,AD,Passing,may have double sampled,,
GX020029_L.MP4,63275,71.4909,KAD_SO1_Transect 4,1.0093,,20.284,5.628,5900.692,10.546,,,994.665,417.286,-5801.265,KAD_SO1,Peter,Scaridae,Scarus,sp,,1,AD,Passing,,,
GX020029_L.MP4,63275,71.4909,KAD_SO1_Transect 4,1.0093,,17.877,11.032,5522.369,17.407,,,1481.941,727.132,-5269.885,KAD_SO1,Peter,Scaridae,Scarus,sp,,1,AD,Passing,,,remove only if starting here
GX020029_L.MP4,63275,71.4909,KAD_SO1_Transect 4,1.0093,,13.013,10.856,4932.17,23.92,,,1968.964,347.211,-4508.761,KAD_SO1,Peter,Scaridae,Scarus,sp,,1,AD,Passing,,,
GX020029_L.MP4,63311,71.5109,KAD_SO1_Transect 4,1.0294,,12.515,5.1,4805.06,25.457,,,1947.332,685.608,-4338.944,KAD_SO1,Peter,Scaridae,Scarus,sp,,1,AD,Passing,,,
GX030029_L.MP4,24,71.5515,KAD_SO1_Transect 4,1.07,171.772,15.542,9.574,5138.989,9.693,14.722,4.51,-847.289,175.329,-5065.626,KAD_SO1,Peter,Scaridae,Scarus,sp,,1,AD,Passing,,,
GX030029_L.MP4,500,71.8162,KAD_SO1_Transect 4,1.3347,,12.127,0.884,4752.774,22.665,,,-1707.834,-664.015,-4385.345,KAD_SO1,Peter,Acanthuridae,Acanthurus,sp,,1,AD,Passing,,,
GX030029_L.MP4,528,71.8318,KAD_SO1_Transect 4,1.3502,118.114,10.658,3.798,3641.487,11.517,22.452,5.934,576.152,-443.485,-3568.165,KAD_SO1,Peter,Acanthuridae,Acanthurus,sp,,1,AD,Passing,,,
GX030029_L.MP4,584,71.8629,KAD_SO1_Transect 4,1.3814,,8.645,0.427,3768.122,15.496,,,870.45,-507.924,-3630.85,KAD_SO1,Peter,Acanthuridae,Acanthurus,sp,,1,AD,Passing,,,
GX030029_L.MP4,584,71.8629,KAD_SO1_Transect 4,1.3814,,13.077,2.269,4736.169,18.666,,,1398.308,-587.781,-4486.707,KAD_SO1,Peter,Acanthuridae,Acanthurus,sp,,1,AD,Passing,,,
GX030029_L.MP4,658,71.9041,KAD_SO1_Transect 4,1.4225,158.152,15.052,6.193,3464.351,21.331,51.773,13.276,1169.8,-468.601,-3227.028,KAD_SO1,Peter,Acanthuridae,Acanthurus,nigrofuscus,37437014,1,AD,Passing,,,
GX030029_L.MP4,677,71.9146,KAD_SO1_Transect 4,1.4331,121.351,7.217,11.114,3414.986,17.001,11.938,5.659,865.33,-498.242,-3265.744,KAD_SO1,Peter,Acanthuridae,Acanthurus,nigrofuscus,37437014,1,AD,Passing,,,
GX030029_L.MP4,702,71.9285,KAD_SO1_Transect 4,1.447,,6.326,2.214,3202.152,11.986,,,-311.078,-589.561,-3132,KAD_SO1,Peter,Acanthuridae,Ctenochaetus,sp,,1,AD,Passing,,,
GX030029_L.MP4,753,71.9569,KAD_SO1_Transect 4,1.4754,195.514,10.916,1.664,3023.297,20.037,56.767,32.893,-624.627,-826.348,-2840.302,KAD_SO1,Peter,Acanthuridae,Ctenochaetus,striatus,37437022,1,AD,Passing,,,
GX030029_L.MP4,761,71.9613,KAD_SO1_Transect 4,1.4798,136.569,8.454,2.372,2564.45,25.379,83.839,19.504,-1041.273,-351.955,-2316.955,KAD_SO1,Peter,Acanthuridae,Acanthurus,nigrofuscus,37437014,1,AD,Passing,,,
GX030029_L.MP4,776,71.9697,KAD_SO1_Transect 4,1.4882,217.091,10.379,3.82,3353.378,16.077,29.919,7.149,-396.477,-839.77,-3222.226,KAD_SO1,Peter,Scaridae,Chlorurus,spilurus,temp_code_002,1,AD,Passing,,,
GX030029_L.MP4,782,71.973,KAD_SO1_Transect 4,1.4915,269.612,14.645,3.581,3067.455,22.142,87.155,0.133,1014.659,-554.217,-2841.23,KAD_SO1,Peter,Scaridae,Chlorurus,spilurus,temp_code_002,1,AD,Passing,,,
GX030029_L.MP4,832,72.0008,KAD_SO1_Transect 4,1.5193,,9.501,2.957,4048.191,18.137,,,1233.666,-259.168,-3846.914,KAD_SO1,Peter,Labridae,Thalassoma,hardwicke,37384165,1,AD,Passing,,,
GX030029_L.MP4,929,72.0548,KAD_SO1_Transect 4,1.5732,,14.038,0.009,5188.38,21.186,,,-1864.23,198.243,-4837.833,KAD_SO1,Peter,Pomacentridae,Chromis,margaritifer,37372047,1,AD,Passing,,,
GX030029_L.MP4,948,72.0653,KAD_SO1_Transect 4,1.5838,,4.748,4.185,2959.162,27.591,,,1338.584,-295.917,-2622.454,KAD_SO1,Peter,Labridae,Thalassoma,hardwicke,37384165,1,AD,Passing,,,
GX030029_L.MP4,988,72.0876,KAD_SO1_Transect 4,1.606,171.361,11.85,10.272,3397.372,18.588,34.148,8.251,824.564,-702.064,-3220.145,KAD_SO1,Peter,Mullidae,Parupeneus,multifasciatus,37355026,1,AD,Passing,,,
GX030029_L.MP4,998,72.0931,KAD_SO1_Transect 4,1.6116,77.981,7.575,1.285,3371.097,27.227,8.483,18.878,1436.179,-562.278,-2997.587,KAD_SO1,Peter,Pomacentridae,Pomacentrus,philippinus,37372123,1,AD,Passing,,,
GX030029_L.MP4,1028,72.1098,KAD_SO1_Transect 4,1.6283,,1.717,0.063,1600.122,22.508,,,280.078,-545.634,-1477.914,KAD_SO1,Peter,Pomacentridae,Dascyllus,trimaculatus,37372075,1,AD,Passing,,,
GX030029_L.MP4,1064,72.1298,KAD_SO1_Transect 4,1.6483,182.896,5.956,4.847,2999.698,19.9,18.274,8.491,-640.213,-795.393,-2820.579,KAD_SO1,Peter,Mullidae,Parupeneus,multifasciatus,37355026,1,AD,Passing,may have double sampled,,
GX030029_L.MP4,1126,72.1643,KAD_SO1_Transect 4,1.6828,,4.488,14.515,2840.851,26.916,,,-1095.116,-675.667,-2532.712,KAD_SO1,Peter,Pomacentridae,Pomacentrus,coelestis,37372111,1,AD,Passing,,,
GX030029_L.MP4,1126,72.1643,KAD_SO1_Transect 4,1.6828,,4.121,13.478,2659.125,25.071,,,-873.686,-712.933,-2408.183,KAD_SO1,Peter,Pomacentridae,Pomacentrus,coelestis,37372111,1,AD,Passing,,,
GX030029_L.MP4,1126,72.1643,KAD_SO1_Transect 4,1.6828,,4.128,10.129,2639.322,23.517,,,-812.29,-671.737,-2419.705,KAD_SO1,Peter,Pomacentridae,Pomacentrus,coelestis,37372111,1,AD,Passing,,,
GX030029_L.MP4,1126,72.1643,KAD_SO1_Transect 4,1.6828,,5.193,6.361,2932.327,20.312,,,-734.027,-706.853,-2749.564,KAD_SO1,Peter,Pomacentridae,Pomacentrus,coelestis,37372111,1,AD,Passing,,,
GX030029_L.MP4,1126,72.1643,KAD_SO1_Transect 4,1.6828,95.825,7.11,12.328,2594.224,25.785,45.692,10.778,-1035.239,-449.198,-2335.915,KAD_SO1,Peter,Labridae,Stethojulis,bandanensis,37384154,1,AD,Passing,,,
GX030029_L.MP4,1160,72.1832,KAD_SO1_Transect 4,1.7017,55.032,3.901,0.554,2284.463,20.723,17.884,22.271,-808.351,-5.276,-2136.659,KAD_SO1,Peter,Pomacentridae,Chromis,viridis,37372053,1,AD,Passing,,,
GX030029_L.MP4,1160,72.1832,KAD_SO1_Transect 4,1.7017,61.286,5.067,1.832,2233.685,23.899,46.286,27.636,-900.934,-85.041,-2042.164,KAD_SO1,Peter,Pomacentridae,Chromis,viridis,37372053,1,AD,Passing,,,
GX030029_L.MP4,1160,72.1832,KAD_SO1_Transect 4,1.7017,63.534,5.147,2.26,2456.012,23.977,28.054,19.536,-996.789,-50.01,-2244.082,KAD_SO1,Peter,Pomacentridae,Chromis,viridis,37372053,1,AD,Passing,,,
GX030029_L.MP4,1160,72.1832,KAD_SO1_Transect 4,1.7017,,2.984,0.748,2315.305,25.561,,,-998.427,32.664,-2088.711,KAD_SO1,Peter,Pomacentridae,Chromis,viridis,37372053,1,AD,Passing,,,
GX030029_L.MP4,1160,72.1832,KAD_SO1_Transect 4,1.7017,,3.766,0.516,2502.509,17.359,,,-745.919,31.061,-2388.555,KAD_SO1,Peter,Pomacentridae,Chromis,viridis,37372053,1,AD,Passing,,,
GX030029_L.MP4,1160,72.1832,KAD_SO1_Transect 4,1.7017,81.622,4.012,7.066,2200.712,20.814,22.568,10.657,-705.093,-338.171,-2057.089,KAD_SO1,Peter,Labridae,Labroides,dimidiatus,37384028,1,AD,Passing,,,
GX030029_L.MP4,1179,72.1938,KAD_SO1_Transect 4,1.7123,55.66,2.536,8.195,1493.569,14.796,38.163,13.009,-103.863,-367.014,-1444.043,KAD_SO1,Peter,Pomacentridae,Dascyllus,reticulatus,37372074,1,AD,Passing,,,
GX030029_L.MP4,1179,72.1938,KAD_SO1_Transect 4,1.7123,39.659,3.097,4.854,1977.944,9.311,22.455,20.461,-148.632,-283.406,-1951.884,KAD_SO1,Peter,Pomacentridae,Dascyllus,reticulatus,37372074,1,AD,Passing,,,
GX030029_L.MP4,1192,72.201,KAD_SO1_Transect 4,1.7195,72.726,6.199,1.759,1923.258,14.368,84.693,16.673,-439.614,-185.786,-1863.101,KAD_SO1,Peter,Pomacentridae,Chromis,viridis,37372053,1,AD,Passing,,,
GX030029_L.MP4,1192,72.201,KAD_SO1_Transect 4,1.7195,70.032,6.648,4.117,2000.17,13.659,88.364,21.521,-403.847,-244.956,-1943.6,KAD_SO1,Peter,Pomacentridae,Chromis,viridis,37372053,1,AD,Passing,,,
GX030029_L.MP4,1192,72.201,KAD_SO1_Transect 4,1.7195,65.417,4.723,1.019,1705.506,11.462,67.65,18.008,-289.139,-176.816,-1671.492,KAD_SO1,Peter,Pomacentridae,Chromis,viridis,37372053,1,AD,Passing,,,
GX030029_L.MP4,1192,72.201,KAD_SO1_Transect 4,1.7195,75.784,6.301,1.344,1872.149,8.513,74.066,13.894,18.539,-276.507,-1851.524,KAD_SO1,Peter,Pomacentridae,Chromis,viridis,37372053,1,AD,Passing,,,
GX030029_L.MP4,1192,72.201,KAD_SO1_Transect 4,1.7195,,2.549,0.33,1960.689,9.696,,,-248.797,-218.239,-1932.556,KAD_SO1,Peter,Pomacentridae,Chromis,viridis,37372053,1,AD,Passing,,,
GX030029_L.MP4,1192,72.201,KAD_SO1_Transect 4,1.7195,,2.249,1.695,1827.685,8.788,,,-163.64,-227.328,-1806.094,KAD_SO1,Peter,Pomacentridae,Chromis,viridis,37372053,1,AD,Passing,,,
GX030029_L.MP4,1192,72.201,KAD_SO1_Transect 4,1.7195,,2.433,3.609,1909.676,7.526,,,-89.48,-234.684,-1893.088,KAD_SO1,Peter,Pomacentridae,Chromis,viridis,37372053,1,AD,Passing,,,
GX030029_L.MP4,1192,72.201,KAD_SO1_Transect 4,1.7195,52.993,1.461,3.324,1528.943,19.349,7.437,26.55,254.012,-438.271,-1442.589,KAD_SO1,Peter,Pomacentridae,Dascyllus,reticulatus,37372074,1,AD,Passing,,,
GX030029_L.MP4,1192,72.201,KAD_SO1_Transect 4,1.7195,33.893,3.22,13.759,1569.701,24.865,60.64,7.799,-475.241,-458.035,-1424.188,KAD_SO1,Peter,Pomacentridae,Dascyllus,reticulatus,37372074,1,AD,Passing,,,
GX030029_L.MP4,1192,72.201,KAD_SO1_Transect 4,1.7195,,1.644,1.526,1539.422,13.573,,,-126.778,-339.19,-1496.228,KAD_SO1,Peter,Pomacentridae,Dascyllus,reticulatus,37372074,1,AD,Passing,,,
GX030029_L.MP4,1192,72.201,KAD_SO1_Transect 4,1.7195,,2.013,3.072,1723.746,14.765,,,-232.631,-373.638,-1666.607,KAD_SO1,Peter,Pomacentridae,Plectroglyphidodon,dickii,37372098,1,AD,Passing,,,
GX030029_L.MP4,1213,72.2127,KAD_SO1_Transect 4,1.7312,156.056,9.562,0.881,2687.796,21.195,58.461,2.916,-970.763,-44.217,-2505.975,KAD_SO1,Peter,Scaridae,Chlorurus,spilurus,temp_code_002,1,AD,Passing,,,
GX030029_L.MP4,1219,72.216,KAD_SO1_Transect 4,1.7345,38.828,3.359,19.389,2059.883,19.748,17.906,3.078,-641.089,-270.942,-1938.74,KAD_SO1,Peter,Pomacentridae,Chromis,viridis,37372053,1,AD,Passing,,,
GX030029_L.MP4,1219,72.216,KAD_SO1_Transect 4,1.7345,53.017,2.894,3.415,1956.063,13.829,16.031,7.371,-459.343,-87.266,-1899.361,KAD_SO1,Peter,Pomacentridae,Chromis,viridis,37372053,1,AD,Passing,,,
GX030029_L.MP4,1219,72.216,KAD_SO1_Transect 4,1.7345,,2.246,1.507,1878.673,19.106,,,-605.163,-110.153,-1775.122,KAD_SO1,Peter,Pomacentridae,Chromis,viridis,37372053,1,AD,Passing,,,
GX030029_L.MP4,1219,72.216,KAD_SO1_Transect 4,1.7345,,5.094,1.411,3025.205,21.585,,,-1099.853,-171.668,-2812.955,KAD_SO1,Peter,Mullidae,Parupeneus,multifasciatus,37355026,1,AD,Passing,,,
GX030029_L.MP4,1228,72.221,KAD_SO1_Transect 4,1.7395,60.578,2.031,6.504,1371.874,19.39,31.909,3.578,-400.212,-217.431,-1294.06,KAD_SO1,Peter,Pomacentridae,Chromis,viridis,37372053,1,AD,Passing,,,
GX030029_L.MP4,1255,72.2361,KAD_SO1_Transect 4,1.7545,225.978,10.871,7.87,3376.939,21.198,42.2,30.707,-1220.379,40.935,-3148.446,KAD_SO1,Peter,Scaridae,Chlorurus,spilurus,temp_code_002,1,AD,Passing,,,
GX030029_L.MP4,1255,72.2361,KAD_SO1_Transect 4,1.7545,117.431,9.967,4.506,3046.768,20.814,40.47,9.554,-1068.106,-176.575,-2847.941,KAD_SO1,Peter,Acanthuridae,Ctenochaetus,striatus,37437022,1,AD,Passing,,,
GX030029_L.MP4,1282,72.2511,KAD_SO1_Transect 4,1.7695,151.577,6.498,7.946,2694.788,21.285,27.398,1.384,-956.747,-203.796,-2510.972,KAD_SO1,Peter,Scaridae,Chlorurus,spilurus,temp_code_002,1,AD,Passing,,,
GX030029_L.MP4,1282,72.2511,KAD_SO1_Transect 4,1.7695,199.402,13.239,8.102,4177.364,16.576,21.009,11.461,-1191.728,-7.892,-4003.76,KAD_SO1,Peter,Scaridae,Chlorurus,spilurus,temp_code_002,1,AD,Passing,,,
GX030029_L.MP4,1282,72.2511,KAD_SO1_Transect 4,1.7695,124.356,8.695,7.314,3137.755,25.523,30.32,4.29,-1350.776,-57.304,-2831.542,KAD_SO1,Peter,Scaridae,Chlorurus,spilurus,temp_code_002,1,AD,Passing,,,
GX030029_L.MP4,1282,72.2511,KAD_SO1_Transect 4,1.7695,,3.764,3.055,2589.748,23.416,,,-1015.467,166.097,-2376.559,KAD_SO1,Peter,Pomacentridae,Chromis,viridis,37372053,1,AD,Passing,,,
GX030029_L.MP4,1282,72.2511,KAD_SO1_Transect 4,1.7695,,3.965,2.212,2630.696,21.083,,,-943.838,66.841,-2454.641,KAD_SO1,Peter,Pomacentridae,Chromis,viridis,37372053,1,AD,Passing,,,
GX030029_L.MP4,1282,72.2511,KAD_SO1_Transect 4,1.7695,,2.922,0.44,2252.122,23.527,,,-896.846,60.795,-2064.951,KAD_SO1,Peter,Pomacentridae,Chromis,viridis,37372053,1,AD,Passing,,,
GX030029_L.MP4,1282,72.2511,KAD_SO1_Transect 4,1.7695,,4.131,0.728,2744.464,24.66,,,-1119.155,240.824,-2494.31,KAD_SO1,Peter,Pomacentridae,Chromis,viridis,37372053,1,AD,Passing,,,
GX030029_L.MP4,1282,72.2511,KAD_SO1_Transect 4,1.7695,171.397,15.951,4.301,3261.948,15.821,60.862,4.222,-884.526,-92.016,-3138.384,KAD_SO1,Peter,Mullidae,Parupeneus,multifasciatus,37355026,1,AD,Passing,,,
GX030029_L.MP4,1311,72.2672,KAD_SO1_Transect 4,1.7857,,7.964,2.079,4002.999,26.585,,,-1782.967,-176.373,-3579.654,KAD_SO1,Peter,Acanthuridae,Acanthurus,sp,,1,AD,Passing,,,
GX030029_L.MP4,1311,72.2672,KAD_SO1_Transect 4,1.7857,238.524,22.831,13.509,4119.245,24.397,81.782,6.464,-1689.991,-197.38,-3751.42,KAD_SO1,Peter,Acanthuridae,Ctenochaetus,striatus,37437022,1,AD,Passing,,,
GX030029_L.MP4,1311,72.2672,KAD_SO1_Transect 4,1.7857,108.792,4.359,6.33,2669.236,23.169,1.28,25.203,-1024.394,-231.271,-2453.967,KAD_SO1,Peter,Acanthuridae,Ctenochaetus,striatus,37437022,1,AD,Passing,,,
GX030029_L.MP4,1323,72.2739,KAD_SO1_Transect 4,1.7923,,6.807,1.641,3408.045,13.508,,,-795.576,-29.195,-3313.756,KAD_SO1,Peter,Acanthuridae,Acanthurus,sp,,1,AD,Passing,,,
GX030029_L.MP4,1330,72.2778,KAD_SO1_Transect 4,1.7962,223.014,8.4,8.32,2526.293,25.385,72.458,4.667,-1062.493,-209.81,-2282.378,KAD_SO1,Peter,Scaridae,Chlorurus,spilurus,temp_code_002,1,AD,Passing,,,
GX030029_L.MP4,1353,72.2906,KAD_SO1_Transect 4,1.809,,5.266,9.72,3202.357,26.848,,,-1433.336,191.422,-2857.271,KAD_SO1,Peter,Pomacentridae,Chromis,viridis,37372053,1,AD,Passing,,,
GX030029_L.MP4,1353,72.2906,KAD_SO1_Transect 4,1.809,,4.948,10.421,3105.214,27.168,,,-1407.963,165.341,-2762.726,KAD_SO1,Peter,Pomacentridae,Chromis,viridis,37372053,1,AD,Passing,,,
GX030029_L.MP4,1414,72.3245,KAD_SO1_Transect 4,1.843,170.629,15.594,6.033,3420.715,23.864,83.805,15.737,-1377.706,-130.594,-3128.285,KAD_SO1,Peter,Scaridae,Chlorurus,spilurus,temp_code_002,1,AD,Passing,,,
GX030029_L.MP4,1414,72.3245,KAD_SO1_Transect 4,1.843,,4.735,2.971,2934.68,22.932,,,-1131.733,-164.805,-2702.66,KAD_SO1,Peter,Scaridae,Scarus,sp,,1,AD,Passing,,,
GX030029_L.MP4,1414,72.3245,KAD_SO1_Transect 4,1.843,,4.943,2.579,3010.637,23.276,,,-1175.796,-182.943,-2765.497,KAD_SO1,Peter,Scaridae,Scarus,sp,,1,AD,Passing,,,
GX030029_L.MP4,1414,72.3245,KAD_SO1_Transect 4,1.843,,6.474,17.74,3471.042,22.604,,,-1320.832,-189.775,-3204.297,KAD_SO1,Peter,Scaridae,Scarus,sp,,1,AD,Passing,,,
GX030029_L.MP4,1474,72.3578,KAD_SO1_Transect 4,1.8763,135.861,3.809,2.518,2932.188,9.777,3.87,12.614,-495.579,-48.506,-2889.597,KAD_SO1,Peter,Scaridae,Chlorurus,spilurus,temp_code_002,1,AD,Passing,may have double sampled,,
GX030029_L.MP4,1538,72.3934,KAD_SO1_Transect 4,1.9119,172.693,12.464,14.186,3044.456,21.389,59.718,1.134,-964.235,-550.475,-2834.774,KAD_SO1,Peter,Scaridae,Chlorurus,spilurus,temp_code_002,1,AD,Passing,,,
GX030029_L.MP4,1556,72.4034,KAD_SO1_Transect 4,1.9219,165.952,7.766,6.784,3072.226,15.345,27.839,27.346,-397.61,-709.172,-2962.694,KAD_SO1,Peter,Scaridae,Chlorurus,spilurus,temp_code_002,1,AD,Passing,,,
GX030029_L.MP4,1556,72.4034,KAD_SO1_Transect 4,1.9219,158.411,8.806,5.45,3282.084,16.047,24.813,8.284,-621.887,-660.549,-3154.205,KAD_SO1,Peter,Scaridae,Chlorurus,spilurus,temp_code_002,1,AD,Passing,,,
GX030029_L.MP4,1556,72.4034,KAD_SO1_Transect 4,1.9219,188.206,3.703,5.57,2929.969,9.514,9.18,13.475,-194.905,-443.324,-2889.671,KAD_SO1,Peter,Scaridae,Chlorurus,spilurus,temp_code_002,1,AD,Passing,may have double sampled,,
GX030029_L.MP4,1591,72.4229,KAD_SO1_Transect 4,1.9414,158.744,7.712,4.635,2804.133,9.076,29.116,7.851,-359.645,-257.496,-2769.028,KAD_SO1,Peter,Scaridae,Chlorurus,spilurus,temp_code_002,1,AD,Passing,,,
GX030029_L.MP4,1591,72.4229,KAD_SO1_Transect 4,1.9414,153.069,3.015,4.58,2026.869,18.065,11.664,9.277,600.73,-184.875,-1926.952,KAD_SO1,Peter,Scaridae,Chlorurus,spilurus,temp_code_002,1,AD,Passing,,,
GX030029_L.MP4,1608,72.4324,KAD_SO1_Transect 4,1.9508,,8.004,1.965,3651.544,6.798,,,93.673,-424.099,-3625.622,KAD_SO1,Peter,Pomacentridae,Amblyglyphidodon,aureus,37372016,1,AD,Passing,,,remove only if starting here
GX030029_L.MP4,1705,72.4863,KAD_SO1_Transect 4,2.0048,25.425,2.043,4.797,1634.642,15.913,10.828,6.361,-445.208,-51.585,-1572,KAD_SO1,Peter,Pomacentridae,Chromis,viridis,37372053,1,AD,Passing,,,
GX030029_L.MP4,1705,72.4863,KAD_SO1_Transect 4,2.0048,56.334,3.127,11.938,1416.399,12.403,58.406,2.17,-295.341,-72.936,-1383.344,KAD_SO1,Peter,Pomacentridae,Chromis,viridis,37372053,1,AD,Passing,,,
GX030029_L.MP4,1705,72.4863,KAD_SO1_Transect 4,2.0048,36.445,2.502,8.715,1646.909,13.581,23.148,3.251,-381.252,-64.825,-1600.86,KAD_SO1,Peter,Pomacentridae,Chromis,viridis,37372053,1,AD,Passing,,,
GX030029_L.MP4,1705,72.4863,KAD_SO1_Transect 4,2.0048,21.263,2.019,6.53,1745.21,12.664,7.136,5.175,-381.925,-22.665,-1702.756,KAD_SO1,Peter,Pomacentridae,Chromis,viridis,37372053,1,AD,Passing,,,
GX030029_L.MP4,1705,72.4863,KAD_SO1_Transect 4,2.0048,33.952,2.616,3.189,2219.437,11.111,2.452,1.131,-427.666,6.4,-2177.834,KAD_SO1,Peter,Pomacentridae,Chromis,viridis,37372053,1,AD,Passing,,,
GX030029_L.MP4,1705,72.4863,KAD_SO1_Transect 4,2.0048,58.37,2.543,13.078,1309.625,12.461,69.064,29.808,-282.33,11.879,-1278.775,KAD_SO1,Peter,Pomacentridae,Chromis,viridis,37372053,1,AD,Passing,,,
GX030029_L.MP4,1705,72.4863,KAD_SO1_Transect 4,2.0048,30.874,3.068,13.27,1874.877,12.657,21.917,2.099,-410.267,21.178,-1829.316,KAD_SO1,Peter,Pomacentridae,Chromis,viridis,37372053,1,AD,Passing,,,
GX030029_L.MP4,1705,72.4863,KAD_SO1_Transect 4,2.0048,30.927,1.695,11.778,1527.154,11.377,10.826,7.633,-301.026,11.788,-1497.146,KAD_SO1,Peter,Pomacentridae,Chromis,viridis,37372053,1,AD,Passing,,,
GX030029_L.MP4,1705,72.4863,KAD_SO1_Transect 4,2.0048,22.832,1.622,1.499,1564.915,11.64,5.358,12.204,-312.299,-46.404,-1532.734,KAD_SO1,Peter,Pomacentridae,Chromis,viridis,37372053,1,AD,Passing,,,
GX030029_L.MP4,1705,72.4863,KAD_SO1_Transect 4,2.0048,31.514,1.377,13.641,1391.784,6.246,12.76,16.231,-151.357,-4.31,-1383.523,KAD_SO1,Peter,Pomacentridae,Chromis,viridis,37372053,1,AD,Passing,,,
GX030029_L.MP4,1705,72.4863,KAD_SO1_Transect 4,2.0048,,2.874,11.528,2100.588,5.567,,,-203.788,-1.989,-2090.679,KAD_SO1,Peter,Pomacentridae,Chromis,viridis,37372053,1,AD,Passing,,,
GX030029_L.MP4,1763,72.5186,KAD_SO1_Transect 4,2.037,155.233,8.554,10.855,5983.772,16.384,3.407,19.014,-63.084,-1686.719,-5740.777,KAD_SO1,Peter,Scaridae,Scarus,dimidiatus,37386013,1,AD,Passing,,,
GX030029_L.MP4,1770,72.5224,KAD_SO1_Transect 4,2.0409,,14.371,8.045,4972.262,21.671,,,4.511,-1838.803,-4619.759,KAD_SO1,Peter,Scaridae,Chlorurus,spilurus,temp_code_002,1,AD,Passing,,,
