location,site,data_type,lat,lon,n,closest_ID,closest_Lat,closest_Lon,Geomoprh,OpCode,Grav_tot,cryptoBRout,crypto5BRout,crypto15BRout,pareBRout,pare5BRout,pare15BRout,residBRout,resid15BRout,resid35BRout,transiBRout,transi15BRout,transi35BRout,cryptoBROF,crypto5BROF,crypto15BROF,pareBROF,pare5BROF,pare15BROF,residBROF,resid15BROF,resid35BROF,transiBROF,transi15BROF,transi35BROF,cryptoBRbtw,crypto5BRbtw,crypto15BRbtw,pareBRbtw,pare5BRbtw,pare15BRbtw,residBRbtw,resid15BRbtw,resid35BRbtw,transiBRbtw,transi15BRbtw,transi35BRbtw,cryptoBRin,crypto5BRin,crypto15BRin,pareBRin,pare5BRin,pare15BRin,residBRin,resid15BRin,resid35BRin,transiBRin,transi15BRin,transi35BRin,cryptoBRIF,crypto5BRIF,crypto15BRIF,pareBRIF,pare5BRIF,pare15BRIF,residBRIF,resid15BRIF,resid35BRIF,transiBRIF,transi15BRIF,transi35BRIF,cryptoLR,crypto5LR,crypto15LR,pare5LR,pare15LR,pareLR,transiLR,transi15LR,transi35LR,residLR,resid15LR,resid35LR
Kadavu,Birdland,DOV,-18.84763115,178.5021932,4,V9899,-18.82,178.6,Back reef slope,KAD_BIR,7,11,61,12,10,43,49,10,70,14,0,11,0,110,1943,533,272,1854,993,180,582,29,0,327,0,466.6647753,8223.666704,2819.25,2362.177247,798.2307055,308.5110462,3265.276875,1710.998474,15598.87571,0,4196.587701,0,67,50,6,52,30,35,52,102,52,24,54,34,705,1003,290,1414,1024,249,935,548,93,540,1011,560,0,0,0,0,0,0,0,0,0,0,0,0
Kadavu,Catherine,DOV,-18.7013889,178.5322222,5,V9869,-18.74,178.52,Sheltered reef slope,KAD_CAT,10,87,51,24,75,47,95,75,125,92,9,26,15,1055,2545,1226,2138,2572,1923,1595,1220,244,180,486,224,1130.537932,1431.841776,3078.666667,20629.73236,4859.052848,31.0231445,22739.43404,194.5863487,18686.68545,0,6.99596118,100.1990338,22,28,20,18,24,28,18,35,23,0,11,1,625,3158,1252,588,4942,2496,570,1350,125,0,417,16,20,285,45,462,84,32,0,0,0,30,32,4
Kadavu,FijiGold,DOV,-18.7133333,178.5438889,6,V9869,-18.74,178.52,Sheltered reef slope,KAD_FIG,10,87,51,24,75,47,95,75,125,92,9,26,15,1055,2545,1226,2138,2572,1923,1595,1220,244,180,486,224,1130.537932,1431.841776,3078.666667,20629.73236,4859.052848,31.0231445,22739.43404,194.5863487,18686.68545,0,6.99596118,100.1990338,22,28,20,18,24,28,18,35,23,0,11,1,625,3158,1252,588,4942,2496,570,1350,125,0,417,16,20,285,45,462,84,32,0,0,0,30,32,4
Kadavu,Lupes,DOV,-19.02048259,178.4895541,5,V9871,-19.06,178.52,Back reef,KAD_LUP,5,69,98,19,60,74,86,60,152,74,9,77,18,830,3007,1018,1672,2374,1146,1180,1275,196,135,1182,304,1090.674742,4087.721367,3968.333333,3559.202134,3238.796019,1444.602142,3708.478889,1774.414125,1312.505088,3793.120878,1240.462885,3937.645937,34,62,12,40,39,48,40,64,45,5,21,10,440,1887,601,1170,1698,825,925,525,118,135,246,168,0,64,0,106,60,0,0,3,0,0,22,0
Kadavu,Maidive,DOV,-18.9059233,178.52366,5,V9848,-18.98,178.44,Back reef slope,KAD_MAI,0,86,93,27,80,62,109,80,162,98,33,76,27,1340,3057,1518,2316,2210,1350,1790,1752,304,1170,1830,856,1913.859851,8643.099576,389,466.51872,5921.125399,905.341898,521.7194439,7439.157003,37792.17725,15.08333333,569.7405981,1288.636515,12,46,9,14,29,35,14,47,33,1,13,5,85,1511,509,384,1312,576,260,538,164,15,459,136,0,27,90,22,15,28,0,27,8,20,29,2
Kadavu,Narikoso,DOV,-18.9158333,178.5330556,5,V9848,-18.98,178.44,NA,NA,0,86,93,27,80,62,109,80,162,98,33,76,27,1340,3057,1518,2316,2210,1350,1790,1752,304,1170,1830,856,1913.859851,8643.099576,389,466.51872,5921.125399,905.341898,521.7194439,7439.157003,37792.17725,15.08333333,569.7405981,1288.636515,12,46,9,14,29,35,14,47,33,1,13,5,85,1511,509,384,1312,576,260,538,164,15,459,136,0,27,90,22,15,28,0,27,8,20,29,2
Kadavu,NukuvouCOW,DOV,-19.01829737,178.4898473,4,V9871,-19.06,178.52,Back reef,KAD_COW,5,69,98,19,60,74,86,60,152,74,9,77,18,830,3007,1018,1672,2374,1146,1180,1275,196,135,1182,304,1090.674742,4087.721367,3968.333333,3559.202134,3238.796019,1444.602142,3708.478889,1774.414125,1312.505088,3793.120878,1240.462885,3937.645937,34,62,12,40,39,48,40,64,45,5,21,10,440,1887,601,1170,1698,825,925,525,118,135,246,168,0,64,0,106,60,0,0,3,0,0,22,0
Kadavu,RobertsReef,DOV,-19.02253742,178.4892083,5,V9871,-19.06,178.52,Back reef,KAD_ROB,5,69,98,19,60,74,86,60,152,74,9,77,18,830,3007,1018,1672,2374,1146,1180,1275,196,135,1182,304,1090.674742,4087.721367,3968.333333,3559.202134,3238.796019,1444.602142,3708.478889,1774.414125,1312.505088,3793.120878,1240.462885,3937.645937,34,62,12,40,39,48,40,64,45,5,21,10,440,1887,601,1170,1698,825,925,525,118,135,246,168,0,64,0,106,60,0,0,3,0,0,22,0
Kadavu,Soso1,DOV,-19.050175,178.2953433,4,V9864,-19.06,178.28,Back reef ,KAD_SO1,4,52,106,18,43,76,91,43,145,55,5,62,8,665,2848,918,1268,2448,1323,1020,1114,175,150,936,152,2931.43164,4732.486918,3630.166667,1413.472836,4267.567656,1676.272556,1709.402061,5652.93437,3439.946774,36.27628205,1476.326521,81.16877281,49,57,8,28,30,38,28,66,37,11,39,9,640,1580,399,792,662,519,580,449,95,315,465,88,0,16,0,0,21,0,0,24,8,0,15,0
Kadavu,Soso2,DOV,-19.05842,178.30866,4,V9864,-19.06,178.28,Back reef ,KAD_SO2,4,52,106,18,43,76,91,43,145,55,5,62,8,665,2848,918,1268,2448,1323,1020,1114,175,150,936,152,2931.43164,4732.486918,3630.166667,1413.472836,4267.567656,1676.272556,1709.402061,5652.93437,3439.946774,36.27628205,1476.326521,81.16877281,49,57,8,28,30,38,28,66,37,11,39,9,640,1580,399,792,662,519,580,449,95,315,465,88,0,16,0,0,21,0,0,24,8,0,15,0
Kadavu,Vurro,DOV,-18.86538489,178.5245489,6,V9899,-18.82,178.6,Back reef slope,KAD_VUR,7,11,61,12,10,43,49,10,70,14,0,11,0,110,1943,533,272,1854,993,180,582,29,0,327,0,466.6647753,8223.666704,2819.25,2362.177247,798.2307055,308.5110462,3265.276875,1710.998474,15598.87571,0,4196.587701,0,67,50,6,52,30,35,52,102,52,24,54,34,705,1003,290,1414,1024,249,935,548,93,540,1011,560,0,0,0,0,0,0,0,0,0,0,0,0
Lau,CoralGarden,DOV,-19.00218046,-179.8781898,4,V9797,-19.14,179.8,Shallow Lagoon,TOT_COG,4,80,82,27,91,48,56,91,122,94,35,82,40,1730,2959,1704,2656,2042,1356,2090,1812,339,1155,2325,1320,569.443935,28363.80575,15788.2,716.9896048,75901.45898,13276.2758,885.1393749,990.5060371,3137.821466,2736.855321,7654.647965,7058.606476,73,94,9,43,68,73,43,88,84,1,6,2,885,1182,410,1166,1526,984,765,509,210,15,36,16,15,47,0,106,0,32,0,0,0,30,0,2
Lau,ReefCorner,DOV,-18.99945678,-179.8721369,5,V9797,-19.14,179.8,Back reef slope,TOT_RCO,4,80,82,27,91,48,56,91,122,94,35,82,40,1730,2959,1704,2656,2042,1356,2090,1812,339,1155,2325,1320,569.443935,28363.80575,15788.2,716.9896048,75901.45898,13276.2758,885.1393749,990.5060371,3137.821466,2736.855321,7654.647965,7058.606476,73,94,9,43,68,73,43,88,84,1,6,2,885,1182,410,1166,1526,984,765,509,210,15,36,16,15,47,0,106,0,32,0,0,0,30,0,2
Lau,VBBay,DOV,-17.20382191,-178.9734533,2,V9720,-17.14,-178.84,Back reef slope,VAN_DAL,2,28,70,12,27,46,37,27,78,45,5,50,15,400,1906,523,754,1134,561,535,662,114,90,924,160,9687.693002,3405.185794,11156.16667,39741.35591,48529.31804,25210.43976,22685.17666,6199.740257,2167.82088,236.6476011,691.3406574,375.6553002,40,82,9,32,36,17,32,82,46,7,48,15,395,1273,368,878,1260,165,595,343,90,120,513,216,0,28,0,38,0,0,0,0,0,0,8,0
VanuaLevu,AliceWonderland,DOV,-16.82817665,179.1878434,5,V9994,-16.82,179.16,Sheltered reef slope,WAI_ALI,10,15,44,4,14,36,25,14,37,13,1,1,1,135,675,161,372,1118,597,230,243,31,15,3,8,29905.73043,18080.48411,327,16263.98534,162.3865676,99.06378495,17088.71717,460.2365627,214.1349248,256965.9912,275158.8505,129466.6713,78,91,25,49,59,84,49,145,70,15,84,42,840,3316,1264,1338,2510,1248,895,1402,124,435,1767,776,0,24,0,4,0,0,0,0,0,0,0,0
VanuaLevu,GoldenNuggets,DOV,-16.82430488,179.2706002,5,V9994,-16.82,179.16,Back reef slope,SAV_GNU,10,15,44,4,14,36,25,14,37,13,1,1,1,135,675,161,372,1118,597,230,243,31,15,3,8,29905.73043,18080.48411,327,16263.98534,162.3865676,99.06378495,17088.71717,460.2365627,214.1349248,256965.9912,275158.8505,129466.6713,78,91,25,49,59,84,49,145,70,15,84,42,840,3316,1264,1338,2510,1248,895,1402,124,435,1767,776,0,24,0,4,0,0,0,0,0,0,0,0
VanuaLevu,MysteryReef,DOV,-16.82181319,179.1888587,5,V9994,-16.82,179.16,Sheltered reef slope,WAI_MYS,10,15,44,4,14,36,25,14,37,13,1,1,1,135,675,161,372,1118,597,230,243,31,15,3,8,29905.73043,18080.48411,327,16263.98534,162.3865676,99.06378495,17088.71717,460.2365627,214.1349248,256965.9912,275158.8505,129466.6713,78,91,25,49,59,84,49,145,70,15,84,42,840,3316,1264,1338,2510,1248,895,1402,124,435,1767,776,0,24,0,4,0,0,0,0,0,0,0,0
VanuaLevu,SplitRock,DOV,-16.80662252,179.2922599,5,V9994,-16.82,179.16,Sheltered reef slope,SAV_SLR,10,15,44,4,14,36,25,14,37,13,1,1,1,135,675,161,372,1118,597,230,243,31,15,3,8,29905.73043,18080.48411,327,16263.98534,162.3865676,99.06378495,17088.71717,460.2365627,214.1349248,256965.9912,275158.8505,129466.6713,78,91,25,49,59,84,49,145,70,15,84,42,840,3316,1264,1338,2510,1248,895,1402,124,435,1767,776,0,24,0,4,0,0,0,0,0,0,0,0
Yasawas,KuataBack,DOV,-17.36312074,177.1327823,4,V9981,-17.38,177.08,Sheltered reef slope,KUA_BAC,15,21,33,4,13,15,17,13,38,12,0,4,1,190,498,155,364,212,156,260,152,32,0,63,8,5023.158095,3086.041893,136773.1381,606407.34,7227.178042,5416.180072,612119.7692,375954.6337,1275.185145,0,0,1255.398346,138,73,24,101,53,77,101,114,159,14,35,21,1845,3668,1756,2884,2390,1791,2160,1713,420,300,1422,472,0,43,0,64,6,0,0,0,0,0,5,0
Yasawas,KuataGoat,DOV,-17.33537481,177.1509809,4,V9942,-17.3,177.16,Sheltered reef slope,KUA_GOA,11,38,68,16,26,35,58,26,83,36,0,13,0,505,3073,861,808,2438,1581,720,1004,129,0,324,0,128439.2215,1022.51302,5358.466667,6728.134268,4350.923264,2869.418449,1227.375846,25343.28577,23552.07202,0,45.41280889,0,72,91,31,50,74,109,50,142,86,24,77,38,855,3182,1721,1368,2640,2268,920,1887,230,615,1767,488,0,15,50,34,60,0,0,0,0,0,23,0
Yasawas,KuataMPA,DOV,-17.36183827,177.1359799,5,V9981,-17.38,177.08,Sheltered reef slope,KUA_FRO,15,21,33,4,13,15,17,13,38,12,0,4,1,190,498,155,364,212,156,260,152,32,0,63,8,5023.158095,3086.041893,136773.1381,606407.34,7227.178042,5416.180072,612119.7692,375954.6337,1275.185145,0,0,1255.398346,138,73,24,101,53,77,101,114,159,14,35,21,1845,3668,1756,2884,2390,1791,2160,1713,420,300,1422,472,0,43,0,64,6,0,0,0,0,0,5,0
Yasawas,KuataNonMPA,DOV,-17.3660347,177.1399643,5,V9981,-17.38,177.08,Sheltered reef slope,KUA_QOL,15,21,33,4,13,15,17,13,38,12,0,4,1,190,498,155,364,212,156,260,152,32,0,63,8,5023.158095,3086.041893,136773.1381,606407.34,7227.178042,5416.180072,612119.7692,375954.6337,1275.185145,0,0,1255.398346,138,73,24,101,53,77,101,114,159,14,35,21,1845,3668,1756,2884,2390,1791,2160,1713,420,300,1422,472,0,43,0,64,6,0,0,0,0,0,5,0
Yasawas,LittleWonders,DOV,-17.15925308,177.1671203,5,V9945,-17.14,177.16,Back reef slope,YA_LIW,8,40,68,8,18,53,68,18,83,36,0,6,0,335,1350,316,478,1514,756,295,385,72,0,114,0,8973.979236,2871.195948,894.5,213.4468008,7958.406082,1614.429001,245.8434926,664.5255368,396.3117262,0,34.83598908,0,14,70,6,32,32,37,32,83,31,20,44,5,135,1116,293,878,924,327,595,333,46,795,399,40,0,80,0,54,6,0,0,0,0,0,2,0
Yasawas,MantaChannel,DOV,-17.1716061,177.1884218,5,V9945,-17.14,177.16,Sheltered reef slope,YA_MAC,8,40,68,8,18,53,68,18,83,36,0,6,0,335,1350,316,478,1514,756,295,385,72,0,114,0,8973.979236,2871.195948,894.5,213.4468008,7958.406082,1614.429001,245.8434926,664.5255368,396.3117262,0,34.83598908,0,14,70,6,32,32,37,32,83,31,20,44,5,135,1116,293,878,924,327,595,333,46,795,399,40,0,80,0,54,6,0,0,0,0,0,2,0
Yasawas,ValiBeach,DOV,-17.16406392,177.1918663,5,V9945,-17.14,177.16,Sheltered reef slope,YA_VAL,8,40,68,8,18,53,68,18,83,36,0,6,0,335,1350,316,478,1514,756,295,385,72,0,114,0,8973.979236,2871.195948,894.5,213.4468008,7958.406082,1614.429001,245.8434926,664.5255368,396.3117262,0,34.83598908,0,14,70,6,32,32,37,32,83,31,20,44,5,135,1116,293,878,924,327,595,333,46,795,399,40,0,80,0,54,6,0,0,0,0,0,2,0
Yasawas,Vuvui,DOV,-17.19002182,177.1993791,5,V9946,-17.22,177.16,Sheltered reef slope,YA_VUI,26,35,67,9,36,56,65,36,80,39,0,5,0,290,1082,396,974,1336,750,635,396,67,0,57,0,16629.12144,3927.255031,635,10335.48565,2240.725338,12670.71891,10970.3301,10674.77704,2642.652716,0,6382.667154,0,22,91,7,37,53,62,37,119,23,12,48,12,215,1942,344,1030,1578,489,725,666,36,255,564,128,0,50,0,64,3,0,0,0,0,0,2,1
Yasawas,YaCOW,DOV,-17.16472821,177.1946053,5,V9945,-17.14,177.16,Sheltered reef slope,YA_COW,8,40,68,8,18,53,68,18,83,36,0,6,0,335,1350,316,478,1514,756,295,385,72,0,114,0,8973.979236,2871.195948,894.5,213.4468008,7958.406082,1614.429001,245.8434926,664.5255368,396.3117262,0,34.83598908,0,14,70,6,32,32,37,32,83,31,20,44,5,135,1116,293,878,924,327,595,333,46,795,399,40,0,80,0,54,6,0,0,0,0,0,2,0
