"Location","Permission","Facilitated.by","Dive_Site","Fishing.Grounds","Transect","lat","lon","aca_geomorphology","slope_mean_2020_bio_oracle_3","terrain_ruggedness_index_2020_bio_oracle_3","topographic_position_index_2020_bio_oracle_3","DESIG","ADOPT_2024","NO_TAKE","NO_TK_AREA","STATUS_YR","Geomorphology","OBJECTI","grav_NC","pop_cnt","nm_prts","reef_vl","sedimnt","nutrint","cml_scr","tp_thrt","Region","is_bcu","grv_NC_","pp_cnt_","nm_prt_","rf_vl_r","sdmnt_r","ntrnt_r","score","scoreth","scorpfc","scoretr","scorecn","scorecy","biomass_kg","biomass_kg_ha","abundance_ind_250m2","FRic","FEve","FDiv","FDis","RaoQ","Sizec"
"Kadavu","Ono","FLMMA/Kokomo","Birdland","Kadavu 1","KAD_BIRD_Transect 1",-18.84763115,178.5021932,"Back Reef Slope",1.3203984,99.25547,89.51445,"Locally Managed Marine Area","2005-2009","Part",19.22,"1985","Back Reef Slope",49542,0.571425896,0.535405524,0,0,0.599143004,0.545648849,0.375270546,"Sediments","Melanesia","non-refugia",1.160336377,293.8462265,0,0,4.663125992,0.000226514,-0.05091,-0.68252,0.13163,-0.09355,-0.01837,-0.11807,1.45150794718067,58.0603178872267,66,1.07086622479835e-13,0.706946641095452,0.912313601097445,0.309339316869335,0.108091629456419,19.5991410495328
"Kadavu","Ono","FLMMA/Kokomo","Birdland","Kadavu 1","KAD_BIRD_Transect 2",-18.84763115,178.5021932,"Back Reef Slope",1.3203984,99.25547,89.51445,"Locally Managed Marine Area","2005-2009","Part",19.22,"1985","Back Reef Slope",49542,0.571425896,0.535405524,0,0,0.599143004,0.545648849,0.375270546,"Sediments","Melanesia","non-refugia",1.160336377,293.8462265,0,0,4.663125992,0.000226514,-0.05091,-0.68252,0.13163,-0.09355,-0.01837,-0.11807,1.42490038114561,56.9960152458243,74,1.67349594509701e-13,0.741524196254366,0.884320567854018,0.25978718840781,0.0774144781767221,15.3581081081081
"Kadavu","Ono","FLMMA/Kokomo","Birdland","Kadavu 1","KAD_BIRD_Transect 3",-18.84763115,178.5021932,"Back Reef Slope",1.3203984,99.25547,89.51445,"Locally Managed Marine Area","2005-2009","Part",19.22,"1985","Back Reef Slope",49542,0.571425896,0.535405524,0,0,0.599143004,0.545648849,0.375270546,"Sediments","Melanesia","non-refugia",1.160336377,293.8462265,0,0,4.663125992,0.000226514,-0.05091,-0.68252,0.13163,-0.09355,-0.01837,-0.11807,3.1222254804393,124.889019217572,71,5.29231505012953e-13,0.772315328227813,0.929077977300004,0.294982525494534,0.0916212485524141,25.6099281966308
"Kadavu","Ono","FLMMA/Kokomo","Birdland","Kadavu 1","KAD_BIRD_Transect 4",-18.84763115,178.5021932,"Back Reef Slope",1.3203984,99.25547,89.51445,"Locally Managed Marine Area","2005-2009","Part",19.22,"1985","Back Reef Slope",49542,0.571425896,0.535405524,0,0,0.599143004,0.545648849,0.375270546,"Sediments","Melanesia","non-refugia",1.160336377,293.8462265,0,0,4.663125992,0.000226514,-0.05091,-0.68252,0.13163,-0.09355,-0.01837,-0.11807,3.30163117456427,132.065246982571,146,8.00303148999212e-11,0.678991888803353,0.922635443597798,0.297714333327746,0.0980725257527369,16.7752179266476
"Kadavu","Dravuni","FLMMA/Kokomo","Catherine","Kadavu 1","KAD_CAT_Transect 1",-18.7013889,178.5322222,"Sheltered Reef Slope",1.8246502,256.33005,231.32104,"Locally Managed Marine Area","2000-2004","Part",19.22,"1985","Sheltered Reef Slope",49455,0.634133094,0.457011503,0,0,0.411780933,0.48458718,0.331252118,"Fishing","Melanesia","non-refugia",1.749591113,90.88370705,0,0,0.00050645,3.27e-06,-0.0587,-0.63161,0.13694,-0.06705,-0.38448,-0.11242,23.3621980210296,934.487920841186,180,3.50939410118578e-10,0.730717986441726,0.876272163391085,0.364848927206101,0.136555517988996,25.7228232845179
"Kadavu","Dravuni","FLMMA/Kokomo","Catherine","Kadavu 1","KAD_CAT_Transect 2",-18.7013889,178.5322222,"Sheltered Reef Slope",1.8246502,256.33005,231.32104,"Locally Managed Marine Area","2000-2004","Part",19.22,"1985","Sheltered Reef Slope",49455,0.634133094,0.457011503,0,0,0.411780933,0.48458718,0.331252118,"Fishing","Melanesia","non-refugia",1.749591113,90.88370705,0,0,0.00050645,3.27e-06,-0.0587,-0.63161,0.13694,-0.06705,-0.38448,-0.11242,68.698862246122,2747.95448984488,280,2.15802693412797e-09,0.678000197181453,0.803026670459064,0.307783384085908,0.111925847604212,33.8688212106609
"Kadavu","Dravuni","FLMMA/Kokomo","Catherine","Kadavu 1","KAD_CAT_Transect 3",-18.7013889,178.5322222,"Sheltered Reef Slope",1.8246502,256.33005,231.32104,"Locally Managed Marine Area","2000-2004","Part",19.22,"1985","Sheltered Reef Slope",49455,0.634133094,0.457011503,0,0,0.411780933,0.48458718,0.331252118,"Fishing","Melanesia","non-refugia",1.749591113,90.88370705,0,0,0.00050645,3.27e-06,-0.0587,-0.63161,0.13694,-0.06705,-0.38448,-0.11242,6.66388382329548,266.555352931819,74,5.96082349908144e-12,0.765113053022069,0.823346608322651,0.252999238506458,0.0889507215507881,37.5982302147665
"Kadavu","Dravuni","FLMMA/Kokomo","Catherine","Kadavu 1","KAD_CAT_Transect 4",-18.7013889,178.5322222,"Sheltered Reef Slope",1.8246502,256.33005,231.32104,"Locally Managed Marine Area","2000-2004","Part",19.22,"1985","Sheltered Reef Slope",49455,0.634133094,0.457011503,0,0,0.411780933,0.48458718,0.331252118,"Fishing","Melanesia","non-refugia",1.749591113,90.88370705,0,0,0.00050645,3.27e-06,-0.0587,-0.63161,0.13694,-0.06705,-0.38448,-0.11242,54.6767577423319,2187.07030969328,278,9.6687645102597e-12,0.661026338898822,0.766812473002012,0.245147292937968,0.0750038985676507,38.6223210899167
"Kadavu","Dravuni","FLMMA/Kokomo","Catherine","Kadavu 1","KAD_CAT_Transect 5",-18.7013889,178.5322222,"Sheltered Reef Slope",1.8246502,256.33005,231.32104,"Locally Managed Marine Area","2000-2004","Part",19.22,"1985","Sheltered Reef Slope",49455,0.634133094,0.457011503,0,0,0.411780933,0.48458718,0.331252118,"Fishing","Melanesia","non-refugia",1.749591113,90.88370705,0,0,0.00050645,3.27e-06,-0.0587,-0.63161,0.13694,-0.06705,-0.38448,-0.11242,28.7925244112777,1151.70097645111,179,3.30839624617628e-12,0.676206495836354,0.920436580043754,0.250969600379958,0.0750337085186235,36.1567860663819
"Kadavu","Dravuni","FLMMA/Kokomo","FijiGold","Kadavu 1","KAD_FIGO_Transect 1",-18.7133333,178.5438889,"Outer Reef Flat",1.8246502,256.33005,231.32104,"Locally Managed Marine Area","2000-2004","Part",19.22,"1985","Sheltered Reef Slope",49455,0.634133094,0.457011503,0,0,0.411780933,0.48458718,0.331252118,"Fishing","Melanesia","non-refugia",1.749591113,90.88370705,0,0,0.00050645,3.27e-06,-0.0587,-0.63161,0.13694,-0.06705,-0.38448,-0.11242,19.641876398288,785.675055931519,229,1.48714653476143e-10,0.678357491606824,0.945477597603559,0.296774385056371,0.104665962883944,19.7682169178999
"Kadavu","Dravuni","FLMMA/Kokomo","FijiGold","Kadavu 1","KAD_FIGO_Transect 2",-18.7133333,178.5438889,"Outer Reef Flat",1.8246502,256.33005,231.32104,"Locally Managed Marine Area","2000-2004","Part",19.22,"1985","Sheltered Reef Slope",49455,0.634133094,0.457011503,0,0,0.411780933,0.48458718,0.331252118,"Fishing","Melanesia","non-refugia",1.749591113,90.88370705,0,0,0.00050645,3.27e-06,-0.0587,-0.63161,0.13694,-0.06705,-0.38448,-0.11242,27.6693164720862,1106.77265888345,411,3.86665693043198e-10,0.578313253591756,0.954477535258447,0.223230922796337,0.0732121676649436,15.7578757976028
"Kadavu","Dravuni","FLMMA/Kokomo","FijiGold","Kadavu 1","KAD_FIGO_Transect 3",-18.7133333,178.5438889,"Outer Reef Flat",1.8246502,256.33005,231.32104,"Locally Managed Marine Area","2000-2004","Part",19.22,"1985","Sheltered Reef Slope",49455,0.634133094,0.457011503,0,0,0.411780933,0.48458718,0.331252118,"Fishing","Melanesia","non-refugia",1.749591113,90.88370705,0,0,0.00050645,3.27e-06,-0.0587,-0.63161,0.13694,-0.06705,-0.38448,-0.11242,6.10504945982661,244.201978393064,250,2.7787964762847e-10,0.659716852038169,0.95672099943451,0.228791169905759,0.0757622132149425,14.1314739073769
"Kadavu","Dravuni","FLMMA/Kokomo","FijiGold","Kadavu 1","KAD_FIGO_Transect 4",-18.7133333,178.5438889,"Outer Reef Flat",1.8246502,256.33005,231.32104,"Locally Managed Marine Area","2000-2004","Part",19.22,"1985","Sheltered Reef Slope",49455,0.634133094,0.457011503,0,0,0.411780933,0.48458718,0.331252118,"Fishing","Melanesia","non-refugia",1.749591113,90.88370705,0,0,0.00050645,3.27e-06,-0.0587,-0.63161,0.13694,-0.06705,-0.38448,-0.11242,11.323335697901,452.93342791604,375,4.42426177480992e-10,0.708293093114429,0.982130674007851,0.206274687253955,0.0711992116651625,14.4952662032555
"Kadavu","Dravuni","FLMMA/Kokomo","FijiGold","Kadavu 1","KAD_FIGO_Transect 5",-18.7133333,178.5438889,"Outer Reef Flat",1.8246502,256.33005,231.32104,"Locally Managed Marine Area","2000-2004","Part",19.22,"1985","Sheltered Reef Slope",49455,0.634133094,0.457011503,0,0,0.411780933,0.48458718,0.331252118,"Fishing","Melanesia","non-refugia",1.749591113,90.88370705,0,0,0.00050645,3.27e-06,-0.0587,-0.63161,0.13694,-0.06705,-0.38448,-0.11242,13.442334763018,537.693390520721,349,2.57191862960308e-10,0.687906253598316,0.977497800287813,0.210912988556994,0.0701702264326776,15.0000103665669
"Kadavu","Dravuni","FLMMA/Kokomo","FijiGold","Kadavu 1","KAD_FIGO_Transect 6",-18.7133333,178.5438889,"Outer Reef Flat",1.8246502,256.33005,231.32104,"Locally Managed Marine Area","2000-2004","Part",19.22,"1985","Sheltered Reef Slope",49455,0.634133094,0.457011503,0,0,0.411780933,0.48458718,0.331252118,"Fishing","Melanesia","non-refugia",1.749591113,90.88370705,0,0,0.00050645,3.27e-06,-0.0587,-0.63161,0.13694,-0.06705,-0.38448,-0.11242,9.41132120498623,376.452848199449,196,1.0256108817128e-09,0.72859420414732,0.936534396761677,0.290571464289739,0.0985581849179605,16.3236301781199
"Kadavu","Nukuvou","FLMMA/Matava","Lupes","Kadavu 2","KAD_LUPE_Transect 2",-19.02048259,178.4895541,NA,7.4294782,543.73291,157.43689,"Locally Managed Marine Area","2000-2004","Part",10.87,"2003","Back Reef Slope",49740,0.496694199,0.612993626,0,0.89839915,0.721292482,0.55745951,0.547806495,"Tourism","Melanesia","non-refugia",0.692938407,719.7486448,0,638,32.64180756,0.000358743,-0.06755,-0.5708,0.12037,-0.10968,-0.59643,-0.2335,7.99617927469929,319.847170987972,210,4.21054436061587e-10,0.695256357514533,0.859825966576945,0.24725958262932,0.0802700383214996,34.5066145768815
"Kadavu","Nukuvou","FLMMA/Matava","Lupes","Kadavu 2","KAD_LUPE_Transect 3",-19.02048259,178.4895541,NA,7.4294782,543.73291,157.43689,"Locally Managed Marine Area","2000-2004","Part",10.87,"2003","Back Reef Slope",49740,0.496694199,0.612993626,0,0.89839915,0.721292482,0.55745951,0.547806495,"Tourism","Melanesia","non-refugia",0.692938407,719.7486448,0,638,32.64180756,0.000358743,-0.06755,-0.5708,0.12037,-0.10968,-0.59643,-0.2335,5.22671093592044,209.068437436818,198,5.89132494727729e-12,0.680479006157858,0.946151682846503,0.2913656662467,0.100108555470685,30.5994137812102
"Kadavu","Nukuvou","FLMMA/Matava","Lupes","Kadavu 2","KAD_LUPE_Transect 4",-19.02048259,178.4895541,NA,7.4294782,543.73291,157.43689,"Locally Managed Marine Area","2000-2004","Part",10.87,"2003","Back Reef Slope",49740,0.496694199,0.612993626,0,0.89839915,0.721292482,0.55745951,0.547806495,"Tourism","Melanesia","non-refugia",0.692938407,719.7486448,0,638,32.64180756,0.000358743,-0.06755,-0.5708,0.12037,-0.10968,-0.59643,-0.2335,10.7039332115023,428.157328460092,385,2.61943377454967e-10,0.753407855872283,0.852297753625783,0.124499130430726,0.0388350446648328,38.8425235012279
"Kadavu","Nukuvou","FLMMA/Matava","Lupes","Kadavu 2","KAD_LUPE_Transect 5",-19.02048259,178.4895541,NA,7.4294782,543.73291,157.43689,"Locally Managed Marine Area","2000-2004","Part",10.87,"2003","Back Reef Slope",49740,0.496694199,0.612993626,0,0.89839915,0.721292482,0.55745951,0.547806495,"Tourism","Melanesia","non-refugia",0.692938407,719.7486448,0,638,32.64180756,0.000358743,-0.06755,-0.5708,0.12037,-0.10968,-0.59643,-0.2335,6.00623044360612,240.249217744245,169,1.9519657642673e-10,0.724935556927506,0.928902278918116,0.315526316948063,0.110142792343951,29.0762815017784
"Kadavu","Ono","FLMMA/Kokomo","Maidive","Kadavu 1","KAD_MaiDive_Transect 2",-18.9059233,178.52366,NA,1.8360801,136.29086,98.372093,"Locally Managed Marine Area","2005-2009","Part",19.22,"1985","Back Reef Slope",49638,0.535989212,0.587497253,0,0,0.716915551,0.575590072,0.402665348,"Sediments","Melanesia","non-refugia",0.919120934,542.0655398,0,0,30.78005219,0.000664594,-0.05061,-0.65222,0.12631,-0.11568,-0.01837,-0.1571,5.81558213996711,232.623285598684,72,7.52071559391518e-14,0.712140711247036,0.846819677990764,0.288077704634105,0.0899032884139906,26.9163892842306
"Kadavu","Ono","FLMMA/Kokomo","Maidive","Kadavu 1","KAD_MaiDive_Transect 3",-18.9059233,178.52366,NA,1.8360801,136.29086,98.372093,"Locally Managed Marine Area","2005-2009","Part",19.22,"1985","Back Reef Slope",49638,0.535989212,0.587497253,0,0,0.716915551,0.575590072,0.402665348,"Sediments","Melanesia","non-refugia",0.919120934,542.0655398,0,0,30.78005219,0.000664594,-0.05061,-0.65222,0.12631,-0.11568,-0.01837,-0.1571,15.6531424822549,626.125699290195,150,4.23459561981303e-13,0.657685151007808,0.878211224907762,0.279880556785849,0.0877396858223041,26.7704259918588
"Kadavu","Ono","FLMMA/Kokomo","Maidive","Kadavu 1","KAD_MaiDive_Transect 4",-18.9059233,178.52366,NA,1.8360801,136.29086,98.372093,"Locally Managed Marine Area","2005-2009","Part",19.22,"1985","Back Reef Slope",49638,0.535989212,0.587497253,0,0,0.716915551,0.575590072,0.402665348,"Sediments","Melanesia","non-refugia",0.919120934,542.0655398,0,0,30.78005219,0.000664594,-0.05061,-0.65222,0.12631,-0.11568,-0.01837,-0.1571,15.1080086219486,604.320344877942,142,1.85687805279623e-12,0.719574471474093,0.875965655000398,0.24092565489812,0.0705855470428752,21.3414550874154
"Kadavu","Ono","FLMMA/Kokomo","Maidive","Kadavu 1","KAD_MaiDive_Transect 5",-18.9059233,178.52366,NA,1.8360801,136.29086,98.372093,"Locally Managed Marine Area","2005-2009","Part",19.22,"1985","Back Reef Slope",49638,0.535989212,0.587497253,0,0,0.716915551,0.575590072,0.402665348,"Sediments","Melanesia","non-refugia",0.919120934,542.0655398,0,0,30.78005219,0.000664594,-0.05061,-0.65222,0.12631,-0.11568,-0.01837,-0.1571,5.03565002806493,201.426001122597,55,7.91518448598649e-15,0.678773630502616,0.914284985072161,0.273757460838817,0.0901614896440084,23.7706253869224
"Kadavu","Ono","FLMMA/Kokomo","Maidive","Kadavu 1","KAD_MaiDive_Transect 6",-18.9059233,178.52366,NA,1.8360801,136.29086,98.372093,"Locally Managed Marine Area","2005-2009","Part",19.22,"1985","Back Reef Slope",49638,0.535989212,0.587497253,0,0,0.716915551,0.575590072,0.402665348,"Sediments","Melanesia","non-refugia",0.919120934,542.0655398,0,0,30.78005219,0.000664594,-0.05061,-0.65222,0.12631,-0.11568,-0.01837,-0.1571,9.61378217061589,384.551286824636,115,1.29100958870582e-13,0.622474920567045,0.894505152054403,0.290539305116301,0.0893262171638117,23.5965330373479
"Kadavu","Ono","FLMMA/Kokomo","Narikoso","Kadavu 1","KAD_OnoBack_Transect 1",-18.9158333,178.5330556,"Back Reef Slope",1.8360801,136.29086,98.372093,"Locally Managed Marine Area","2005-2009","Part",19.22,"1985","Inner Reef Flat",49638,0.535989212,0.587497253,0,0,0.716915551,0.575590072,0.402665348,"Sediments","Melanesia","non-refugia",0.919120934,542.0655398,0,0,30.78005219,0.000664594,-0.05061,-0.65222,0.12631,-0.11568,-0.01837,-0.1571,4.0037323136769,160.149292547076,81,3.71817555408128e-16,0.731502163238228,0.956319546928035,0.319009781756135,0.106295367928625,28.9695559714458
"Kadavu","Ono","FLMMA/Kokomo","Narikoso","Kadavu 1","KAD_OnoBack_Transect 2",-18.9158333,178.5330556,"Back Reef Slope",1.8360801,136.29086,98.372093,"Locally Managed Marine Area","2005-2009","Part",19.22,"1985","Inner Reef Flat",49638,0.535989212,0.587497253,0,0,0.716915551,0.575590072,0.402665348,"Sediments","Melanesia","non-refugia",0.919120934,542.0655398,0,0,30.78005219,0.000664594,-0.05061,-0.65222,0.12631,-0.11568,-0.01837,-0.1571,4.66508816363669,186.603526545468,87,6.91923611270333e-13,0.708761435297503,0.925251011289939,0.319781190479689,0.109689832067515,22.6361389872583
"Kadavu","Ono","FLMMA/Kokomo","Narikoso","Kadavu 1","KAD_OnoBack_Transect 3",-18.9158333,178.5330556,"Back Reef Slope",1.8360801,136.29086,98.372093,"Locally Managed Marine Area","2005-2009","Part",19.22,"1985","Inner Reef Flat",49638,0.535989212,0.587497253,0,0,0.716915551,0.575590072,0.402665348,"Sediments","Melanesia","non-refugia",0.919120934,542.0655398,0,0,30.78005219,0.000664594,-0.05061,-0.65222,0.12631,-0.11568,-0.01837,-0.1571,4.28852465530133,171.540986212053,96,2.79276501294187e-12,0.683165802225734,0.893014914335699,0.308541698798721,0.105354108578628,24.252599572583
"Kadavu","Ono","FLMMA/Kokomo","Narikoso","Kadavu 1","KAD_OnoBack_Transect 4",-18.9158333,178.5330556,"Back Reef Slope",1.8360801,136.29086,98.372093,"Locally Managed Marine Area","2005-2009","Part",19.22,"1985","Inner Reef Flat",49638,0.535989212,0.587497253,0,0,0.716915551,0.575590072,0.402665348,"Sediments","Melanesia","non-refugia",0.919120934,542.0655398,0,0,30.78005219,0.000664594,-0.05061,-0.65222,0.12631,-0.11568,-0.01837,-0.1571,1.70725551498284,68.2902205993135,63,9.03816210468122e-15,0.704110265578956,0.94997041287693,0.342129430944307,0.123079432945329,23.1003366183551
"Kadavu","Ono","FLMMA/Kokomo","Narikoso","Kadavu 1","KAD_OnoBack_Transect 5",-18.9158333,178.5330556,"Back Reef Slope",1.8360801,136.29086,98.372093,"Locally Managed Marine Area","2005-2009","Part",19.22,"1985","Inner Reef Flat",49638,0.535989212,0.587497253,0,0,0.716915551,0.575590072,0.402665348,"Sediments","Melanesia","non-refugia",0.919120934,542.0655398,0,0,30.78005219,0.000664594,-0.05061,-0.65222,0.12631,-0.11568,-0.01837,-0.1571,4.46688641519073,178.675456607629,86,2.90924493434117e-13,0.629800614384869,0.912304221585659,0.324711542449638,0.113459353321486,24.554561549494
"Kadavu","Nukuvou","FLMMA/Matava","NukuvouCOW","Kadavu 2","KAD_COW_Transect 1",-19.01829737,178.4898473,NA,3.9523728,288.60309,155.06244,"Locally Managed Marine Area","2000-2004","Part",10.87,"2003","Back Reef Slope",49740,0.496694199,0.612993626,0,0.89839915,0.721292482,0.55745951,0.547806495,"Tourism","Melanesia","non-refugia",0.692938407,719.7486448,0,638,32.64180756,0.000358743,-0.06755,-0.5708,0.12037,-0.10968,-0.59643,-0.2335,4.47780273114045,179.112109245618,53,5.56843893584062e-13,0.774144949075225,0.889066310809719,0.278306968755726,0.0917653346993484,32.7045183417067
"Kadavu","Nukuvou","FLMMA/Matava","NukuvouCOW","Kadavu 2","KAD_COW_Transect 2",-19.01829737,178.4898473,NA,3.9523728,288.60309,155.06244,"Locally Managed Marine Area","2000-2004","Part",10.87,"2003","Back Reef Slope",49740,0.496694199,0.612993626,0,0.89839915,0.721292482,0.55745951,0.547806495,"Tourism","Melanesia","non-refugia",0.692938407,719.7486448,0,638,32.64180756,0.000358743,-0.06755,-0.5708,0.12037,-0.10968,-0.59643,-0.2335,3.23069060120744,129.227624048298,53,5.63787536677454e-13,0.807605969708171,0.967906430568033,0.273357346418956,0.0864205965231558,20.3054423373297
"Kadavu","Nukuvou","FLMMA/Matava","NukuvouCOW","Kadavu 2","KAD_COW_Transect 3",-19.01829737,178.4898473,NA,3.9523728,288.60309,155.06244,"Locally Managed Marine Area","2000-2004","Part",10.87,"2003","Back Reef Slope",49740,0.496694199,0.612993626,0,0.89839915,0.721292482,0.55745951,0.547806495,"Tourism","Melanesia","non-refugia",0.692938407,719.7486448,0,638,32.64180756,0.000358743,-0.06755,-0.5708,0.12037,-0.10968,-0.59643,-0.2335,6.56789941893005,262.715976757202,63,1.97504671433704e-12,0.735927562550662,0.90193673319418,0.30002201306844,0.100003169755211,31.3551820728291
"Kadavu","Nukuvou","FLMMA/Matava","NukuvouCOW","Kadavu 2","KAD_COW_Transect 4",-19.01829737,178.4898473,NA,3.9523728,288.60309,155.06244,"Locally Managed Marine Area","2000-2004","Part",10.87,"2003","Back Reef Slope",49740,0.496694199,0.612993626,0,0.89839915,0.721292482,0.55745951,0.547806495,"Tourism","Melanesia","non-refugia",0.692938407,719.7486448,0,638,32.64180756,0.000358743,-0.06755,-0.5708,0.12037,-0.10968,-0.59643,-0.2335,12.5166248259221,500.664993036882,137,5.58120327375308e-10,0.699453055873065,0.906206247997148,0.319274784101729,0.111947333031631,30.914551846286
"Kadavu","Nukuvou","FLMMA/Matava","RobertsReef","Kadavu 2","KAD_ROB_Transect 1",-19.02253742,178.4892083,NA,7.4294782,543.73291,157.43689,"Locally Managed Marine Area","2000-2004","Part",10.87,"2003","Back Reef Slope",49740,0.496694199,0.612993626,0,0.89839915,0.721292482,0.55745951,0.547806495,"Tourism","Melanesia","non-refugia",0.692938407,719.7486448,0,638,32.64180756,0.000358743,-0.06755,-0.5708,0.12037,-0.10968,-0.59643,-0.2335,5.50326789470109,220.130715788044,180,6.6792006636788e-11,0.593348431379164,0.878982549837861,0.270605649769686,0.0893766591779535,31.8880515195373
"Kadavu","Nukuvou","FLMMA/Matava","RobertsReef","Kadavu 2","KAD_ROB_Transect 2",-19.02253742,178.4892083,NA,7.4294782,543.73291,157.43689,"Locally Managed Marine Area","2000-2004","Part",10.87,"2003","Back Reef Slope",49740,0.496694199,0.612993626,0,0.89839915,0.721292482,0.55745951,0.547806495,"Tourism","Melanesia","non-refugia",0.692938407,719.7486448,0,638,32.64180756,0.000358743,-0.06755,-0.5708,0.12037,-0.10968,-0.59643,-0.2335,6.32343617811067,252.937447124427,196,6.076845356306e-10,0.745696926740156,0.895626609279679,0.25758627861749,0.0863938669069702,32.9576286980783
"Kadavu","Nukuvou","FLMMA/Matava","RobertsReef","Kadavu 2","KAD_ROB_Transect 3",-19.02253742,178.4892083,NA,7.4294782,543.73291,157.43689,"Locally Managed Marine Area","2000-2004","Part",10.87,"2003","Back Reef Slope",49740,0.496694199,0.612993626,0,0.89839915,0.721292482,0.55745951,0.547806495,"Tourism","Melanesia","non-refugia",0.692938407,719.7486448,0,638,32.64180756,0.000358743,-0.06755,-0.5708,0.12037,-0.10968,-0.59643,-0.2335,4.75342462554917,190.136985021967,113,1.39862545069469e-10,0.716496725726221,0.943384381412241,0.337594008584057,0.125295845243245,19.4716256315383
"Kadavu","Nukuvou","FLMMA/Matava","RobertsReef","Kadavu 2","KAD_ROB_Transect 4",-19.02253742,178.4892083,NA,7.4294782,543.73291,157.43689,"Locally Managed Marine Area","2000-2004","Part",10.87,"2003","Back Reef Slope",49740,0.496694199,0.612993626,0,0.89839915,0.721292482,0.55745951,0.547806495,"Tourism","Melanesia","non-refugia",0.692938407,719.7486448,0,638,32.64180756,0.000358743,-0.06755,-0.5708,0.12037,-0.10968,-0.59643,-0.2335,4.32702097638928,173.080839055571,89,4.66561806780845e-10,0.753483464348943,0.9022442817828,0.316623578894384,0.112400231442577,19.2345484448026
"Kadavu","Nukuvou","FLMMA/Matava","RobertsReef","Kadavu 2","KAD_ROB_Transect 5",-19.02253742,178.4892083,NA,7.4294782,543.73291,157.43689,"Locally Managed Marine Area","2000-2004","Part",10.87,"2003","Back Reef Slope",49740,0.496694199,0.612993626,0,0.89839915,0.721292482,0.55745951,0.547806495,"Tourism","Melanesia","non-refugia",0.692938407,719.7486448,0,638,32.64180756,0.000358743,-0.06755,-0.5708,0.12037,-0.10968,-0.59643,-0.2335,17.6070318769453,704.281275077812,104,6.24202383809888e-10,0.693943553768487,0.908766774430723,0.378134963330274,0.15346990820761,25.0806786385396
"Kadavu","Nukuvou","FLMMA/Matava","RobertsReef","Kadavu 2","KAD_LUPE_Transect 1",-19.02048259,178.4895541,NA,7.4294782,543.73291,157.43689,"Locally Managed Marine Area","2000-2004","Part",10.87,"2003","Back Reef Slope",49740,0.496694199,0.612993626,0,0.89839915,0.721292482,0.55745951,0.547806495,"Tourism","Melanesia","non-refugia",0.692938407,719.7486448,0,638,32.64180756,0.000358743,-0.06755,-0.5708,0.12037,-0.10968,-0.59643,-0.2335,13.3441807282099,533.767229128394,739,6.49257092194885e-12,0.758976721117257,0.744282893161787,0.041082971828464,0.0112631583996612,41.6841351198389
"Kadavu","Soso","FLMMA/Matava","Soso1","Kadavu 3","KAD_SO1_Transect 1",-19.050175,178.2953433,"Outer Reef Flat",5.6637535,426.80042,103.3162,"Locally Managed Marine Area","2005-2009","Part",4.56,"2005","Inner Reef Flat",49807,0.446554663,0.571159059,0,0,0.731278505,0.546459566,0.382575299,"Sediments","Melanesia","non-refugia",0.511425537,450.3673286,0,0,36.69154358,0.000232939,-0.06438,-0.5281,0.11545,-0.13044,-0.54189,-0.27593,8.68795482445146,347.518192978059,143,3.68527829839134e-11,0.622745738624989,0.899022264037459,0.307136510026902,0.104220444619613,31.221147951122
"Kadavu","Soso","FLMMA/Matava","Soso1","Kadavu 3","KAD_SO1_Transect 2",-19.050175,178.2953433,"Outer Reef Flat",5.6637535,426.80042,103.3162,"Locally Managed Marine Area","2005-2009","Part",4.56,"2005","Inner Reef Flat",49807,0.446554663,0.571159059,0,0,0.731278505,0.546459566,0.382575299,"Sediments","Melanesia","non-refugia",0.511425537,450.3673286,0,0,36.69154358,0.000232939,-0.06438,-0.5281,0.11545,-0.13044,-0.54189,-0.27593,6.90281948834232,276.112779533693,90,2.53536215287083e-11,0.750866189202287,0.86947322912112,0.291962406937129,0.0944440371037206,28.9708881873843
"Kadavu","Soso","FLMMA/Matava","Soso1","Kadavu 3","KAD_SO1_Transect 3",-19.050175,178.2953433,"Outer Reef Flat",5.6637535,426.80042,103.3162,"Locally Managed Marine Area","2005-2009","Part",4.56,"2005","Inner Reef Flat",49807,0.446554663,0.571159059,0,0,0.731278505,0.546459566,0.382575299,"Sediments","Melanesia","non-refugia",0.511425537,450.3673286,0,0,36.69154358,0.000232939,-0.06438,-0.5281,0.11545,-0.13044,-0.54189,-0.27593,3.57392703161559,142.957081264624,92,1.38625865872112e-12,0.736541526707158,0.931489304600936,0.3568826878042,0.133155634385279,21.8245321461435
"Kadavu","Soso","FLMMA/Matava","Soso1","Kadavu 3","KAD_SO1_Transect 4",-19.050175,178.2953433,"Outer Reef Flat",5.6637535,426.80042,103.3162,"Locally Managed Marine Area","2005-2009","Part",4.56,"2005","Inner Reef Flat",49807,0.446554663,0.571159059,0,0,0.731278505,0.546459566,0.382575299,"Sediments","Melanesia","non-refugia",0.511425537,450.3673286,0,0,36.69154358,0.000232939,-0.06438,-0.5281,0.11545,-0.13044,-0.54189,-0.27593,5.92492705653731,236.997082261492,130,5.24284806423447e-14,0.676139709818033,0.947076566707155,0.362365304728549,0.135178182790979,24.138941396205
"Kadavu","Soso","FLMMA/Matava","Soso2","Kadavu 3","KAD_SO2_Transect 1",-19.05842,178.30866,"Inner Reef Flat",5.6637535,426.80042,103.3162,"Locally Managed Marine Area","2005-2009","Part",1.39,"2004","Inner Reef Flat",49808,0.457511566,0.607919994,0,0.759029966,0.715922466,0.522838244,0.510537039,"Tourism","Melanesia","non-refugia",0.546164877,684.8199158,0,34,30.43134689,7.06e-05,-0.03975,-0.53409,0.11601,-0.10105,0.15401,-0.27593,2.49735703986599,99.8942815946394,92,7.56135135259668e-15,0.569492329403917,0.96172183723701,0.225102516269306,0.0717091623245809,13.4214623033383
"Kadavu","Soso","FLMMA/Matava","Soso2","Kadavu 3","KAD_SO2_Transect 2",-19.05842,178.30866,"Inner Reef Flat",5.6637535,426.80042,103.3162,"Locally Managed Marine Area","2005-2009","Part",1.39,"2004","Inner Reef Flat",49808,0.457511566,0.607919994,0,0.759029966,0.715922466,0.522838244,0.510537039,"Tourism","Melanesia","non-refugia",0.546164877,684.8199158,0,34,30.43134689,7.06e-05,-0.03975,-0.53409,0.11601,-0.10105,0.15401,-0.27593,0.929459300320486,37.1783720128194,87,4.69950075723681e-16,0.659849579667933,0.955297562214054,0.20559449420911,0.0627441947488929,12.5931290953851
"Kadavu","Soso","FLMMA/Matava","Soso2","Kadavu 3","KAD_SO2_Transect 3",-19.05842,178.30866,"Inner Reef Flat",5.6637535,426.80042,103.3162,"Locally Managed Marine Area","2005-2009","Part",1.39,"2004","Inner Reef Flat",49808,0.457511566,0.607919994,0,0.759029966,0.715922466,0.522838244,0.510537039,"Tourism","Melanesia","non-refugia",0.546164877,684.8199158,0,34,30.43134689,7.06e-05,-0.03975,-0.53409,0.11601,-0.10105,0.15401,-0.27593,3.07180344271178,122.872137708471,93,3.5974352019951e-15,0.701562212926028,0.944505204584608,0.246508920844264,0.0766186145737858,17.7844329581522
"Kadavu","Soso","FLMMA/Matava","Soso2","Kadavu 3","KAD_SO2_Transect 4",-19.05842,178.30866,"Inner Reef Flat",5.6637535,426.80042,103.3162,"Locally Managed Marine Area","2005-2009","Part",1.39,"2004","Inner Reef Flat",49808,0.457511566,0.607919994,0,0.759029966,0.715922466,0.522838244,0.510537039,"Tourism","Melanesia","non-refugia",0.546164877,684.8199158,0,34,30.43134689,7.06e-05,-0.03975,-0.53409,0.11601,-0.10105,0.15401,-0.27593,2.14009444770386,85.6037779081544,96,1.65454505766321e-14,0.625648858911012,0.90460867551807,0.24076229949754,0.0778970539629372,14.6073978548934
"Kadavu","Ono","FLMMA/Kokomo","Vurro","Kadavu 1","KAD_VURRO_Transect 1",-18.86538489,178.5245489,NA,1.0907691,88.83326,73.211754,"Locally Managed Marine Area","2005-2009","Part",19.22,"1985","Back Reef Slope",49587,0.551385065,0.592534252,0,0,0.69282404,0.574392423,0.401855963,"Sediments","Melanesia","non-refugia",1.01353283,573.2444122,0,0,22.55356407,0.000634106,-0.05104,-0.67409,0.12897,-0.11091,-0.01837,-0.12752,4.46159365368578,178.463746147431,133,1.96924321330116e-09,0.704517707405582,0.930880229123044,0.306709555074016,0.110497975109986,16.3314808873161
"Kadavu","Ono","FLMMA/Kokomo","Vurro","Kadavu 1","KAD_VURRO_Transect 2",-18.86538489,178.5245489,NA,1.0907691,88.83326,73.211754,"Locally Managed Marine Area","2005-2009","Part",19.22,"1985","Back Reef Slope",49587,0.551385065,0.592534252,0,0,0.69282404,0.574392423,0.401855963,"Sediments","Melanesia","non-refugia",1.01353283,573.2444122,0,0,22.55356407,0.000634106,-0.05104,-0.67409,0.12897,-0.11091,-0.01837,-0.12752,9.73016608745757,389.206643498303,127,1.10263185793169e-09,0.730142074779113,0.93074222469799,0.386493555011836,0.152494361841763,25.6273877969793
"Kadavu","Ono","FLMMA/Kokomo","Vurro","Kadavu 1","KAD_VURRO_Transect 3",-18.86538489,178.5245489,NA,1.0907691,88.83326,73.211754,"Locally Managed Marine Area","2005-2009","Part",19.22,"1985","Back Reef Slope",49587,0.551385065,0.592534252,0,0,0.69282404,0.574392423,0.401855963,"Sediments","Melanesia","non-refugia",1.01353283,573.2444122,0,0,22.55356407,0.000634106,-0.05104,-0.67409,0.12897,-0.11091,-0.01837,-0.12752,8.90542421986367,356.216968794547,286,1.64212790045483e-09,0.61798662860496,0.915763620207283,0.325482993177675,0.115230519024009,18.0310318972505
"Kadavu","Ono","FLMMA/Kokomo","Vurro","Kadavu 1","KAD_VURRO_Transect 4",-18.86538489,178.5245489,NA,1.0907691,88.83326,73.211754,"Locally Managed Marine Area","2005-2009","Part",19.22,"1985","Back Reef Slope",49587,0.551385065,0.592534252,0,0,0.69282404,0.574392423,0.401855963,"Sediments","Melanesia","non-refugia",1.01353283,573.2444122,0,0,22.55356407,0.000634106,-0.05104,-0.67409,0.12897,-0.11091,-0.01837,-0.12752,4.21393894193889,168.557557677556,82,8.49502808833273e-14,0.695215881816237,0.901471876949756,0.349470291915352,0.128225632556095,20.9295147153499
"Kadavu","Ono","FLMMA/Kokomo","Vurro","Kadavu 1","KAD_VURRO_Transect 5",-18.86538489,178.5245489,NA,1.0907691,88.83326,73.211754,"Locally Managed Marine Area","2005-2009","Part",19.22,"1985","Back Reef Slope",49587,0.551385065,0.592534252,0,0,0.69282404,0.574392423,0.401855963,"Sediments","Melanesia","non-refugia",1.01353283,573.2444122,0,0,22.55356407,0.000634106,-0.05104,-0.67409,0.12897,-0.11091,-0.01837,-0.12752,10.5597048873126,422.388195492506,145,8.69514081968825e-11,0.72123735460513,0.911277020598169,0.345483767212564,0.125049920285206,25.9611849020525
"Kadavu","Ono","FLMMA/Kokomo","Vurro","Kadavu 1","KAD_VURRO_Transect 6",-18.86538489,178.5245489,NA,1.0907691,88.83326,73.211754,"Locally Managed Marine Area","2005-2009","Part",19.22,"1985","Back Reef Slope",49587,0.551385065,0.592534252,0,0,0.69282404,0.574392423,0.401855963,"Sediments","Melanesia","non-refugia",1.01353283,573.2444122,0,0,22.55356407,0.000634106,-0.05104,-0.67409,0.12897,-0.11091,-0.01837,-0.12752,5.82787527166399,233.11501086656,165,4.00070690667795e-10,0.702073351659407,0.933074375895678,0.326677936686561,0.118314681511971,16.3367309684897
"Yasawa","Kuata","Barefoot Manta","KuataBack","Namara","KUA_Back_Transect 1",-17.36312074,177.1327823,NA,0.22318776,21.863625,4.6390557,"qoliqoli","Non-Adopter","None",0,"None","Sheltered Reef Slope",48009,0.50113315,0.64664078,0,0.856198256,0.723241871,0.667772189,0.565831041,"Tourism","Melanesia","non-refugia",0.719159072,1001.772951,0,253,33.34032822,0.007387417,-0.04951,-0.4121,0.1828,-0.49671,-0.54904,-0.10966,6.05476175894837,242.190470357935,167,1.0376684849012e-09,0.662671523942468,0.852328389936203,0.292360537595452,0.10357696622222,14.6790980201502
"Yasawa","Kuata","Barefoot Manta","KuataBack","Namara","KUA_Back_Transect 2",-17.36312074,177.1327823,NA,0.22318776,21.863625,4.6390557,"qoliqoli","Non-Adopter","None",0,"None","Sheltered Reef Slope",48009,0.50113315,0.64664078,0,0.856198256,0.723241871,0.667772189,0.565831041,"Tourism","Melanesia","non-refugia",0.719159072,1001.772951,0,253,33.34032822,0.007387417,-0.04951,-0.4121,0.1828,-0.49671,-0.54904,-0.10966,15.7066470861352,628.265883445408,173,7.86977296317007e-10,0.646950316168481,0.891945523727823,0.370402710331754,0.150064460615661,19.6985367163784
"Yasawa","Kuata","Barefoot Manta","KuataBack","Namara","KUA_Back_Transect 3",-17.36312074,177.1327823,NA,0.22318776,21.863625,4.6390557,"qoliqoli","Non-Adopter","None",0,"None","Sheltered Reef Slope",48009,0.50113315,0.64664078,0,0.856198256,0.723241871,0.667772189,0.565831041,"Tourism","Melanesia","non-refugia",0.719159072,1001.772951,0,253,33.34032822,0.007387417,-0.04951,-0.4121,0.1828,-0.49671,-0.54904,-0.10966,4.90819846998846,196.327938799538,146,4.17157351120872e-13,0.638522128462578,0.944781638810688,0.320271049154153,0.107625420709249,15.6022504550413
"Yasawa","Kuata","Barefoot Manta","KuataBack","Namara","KUA_Back_Transect 4",-17.36312074,177.1327823,NA,0.22318776,21.863625,4.6390557,"qoliqoli","Non-Adopter","None",0,"None","Sheltered Reef Slope",48009,0.50113315,0.64664078,0,0.856198256,0.723241871,0.667772189,0.565831041,"Tourism","Melanesia","non-refugia",0.719159072,1001.772951,0,253,33.34032822,0.007387417,-0.04951,-0.4121,0.1828,-0.49671,-0.54904,-0.10966,7.4713249941617,298.852999766468,124,1.76297185879933e-11,0.674888226395373,0.865866611174343,0.281031325904319,0.0915360304991375,21.1206555839199
"Yasawa","Kuata","Barefoot Manta","KuataGoat","Namara","KUA_GOAT_Transect 1",-17.33537481,177.1509809,"Deep Lagoon",0.16416138,16.897337,-2.3884435,"qoliqoli","Non-Adopter","None",0,"","Deep Lagoon",47926,0.497143713,0.647062056,0,0.757802769,0.854733706,0.695336539,0.575346464,"Sediments","Melanesia","non-refugia",0.697049597,1005.858948,0,33,178.8015289,0.014073923,-0.01278,-0.3972,0.18457,-0.55469,0.47781,-0.1116,10.3261501926973,413.046007707893,482,1.1269456914096e-09,0.570583381342044,0.878294211286277,0.255877982734248,0.0813860933693872,12.3463773973863
"Yasawa","Kuata","Barefoot Manta","KuataGoat","Namara","KUA_GOAT_Transect 2",-17.33537481,177.1509809,"Deep Lagoon",0.16416138,16.897337,-2.3884435,"qoliqoli","Non-Adopter","None",0,"","Deep Lagoon",47926,0.497143713,0.647062056,0,0.757802769,0.854733706,0.695336539,0.575346464,"Sediments","Melanesia","non-refugia",0.697049597,1005.858948,0,33,178.8015289,0.014073923,-0.01278,-0.3972,0.18457,-0.55469,0.47781,-0.1116,4.91671419742165,196.668567896866,347,7.94749939299712e-11,0.571289982200875,0.912683365539003,0.279006803396139,0.0887091109159208,11.2545201071079
"Yasawa","Kuata","Barefoot Manta","KuataGoat","Namara","KUA_GOAT_Transect 3",-17.33537481,177.1509809,"Deep Lagoon",0.16416138,16.897337,-2.3884435,"qoliqoli","Non-Adopter","None",0,"","Deep Lagoon",47926,0.497143713,0.647062056,0,0.757802769,0.854733706,0.695336539,0.575346464,"Sediments","Melanesia","non-refugia",0.697049597,1005.858948,0,33,178.8015289,0.014073923,-0.01278,-0.3972,0.18457,-0.55469,0.47781,-0.1116,4.85952894727389,194.381157890956,331,6.79480528974337e-10,0.698515609010777,0.92809425152328,0.32540627310798,0.121731308427286,12.5590669986479
"Yasawa","Kuata","Barefoot Manta","KuataGoat","Namara","KUA_GOAT_Transect 4",-17.33537481,177.1509809,"Deep Lagoon",0.16416138,16.897337,-2.3884435,"qoliqoli","Non-Adopter","None",0,"","Deep Lagoon",47926,0.497143713,0.647062056,0,0.757802769,0.854733706,0.695336539,0.575346464,"Sediments","Melanesia","non-refugia",0.697049597,1005.858948,0,33,178.8015289,0.014073923,-0.01278,-0.3972,0.18457,-0.55469,0.47781,-0.1116,7.78096098097803,311.238439239121,416,2.26751062999871e-10,0.68314280155825,0.967572197950801,0.27242760945993,0.0915728200108288,11.7061811212872
"Yasawa","Kuata","Barefoot Manta","KuataMPA","Namara","KUA_MPA_Transect 1",-17.36183827,177.1359799,"Terrestrial Reef Flat",0.22318776,21.863625,4.6390557,"qoliqoli","Non-Adopter","None",0,"None","Terrestrial Reef Flat",48009,0.50113315,0.64664078,0,0.856198256,0.723241871,0.667772189,0.565831041,"Tourism","Melanesia","non-refugia",0.719159072,1001.772951,0,253,33.34032822,0.007387417,-0.04951,-0.4121,0.1828,-0.49671,-0.54904,-0.10966,4.87667737876742,195.067095150697,129,4.40059610589845e-12,0.657061637835875,0.977578088892405,0.275595062411107,0.0999559918393736,15.8499676246805
"Yasawa","Kuata","Barefoot Manta","KuataMPA","Namara","KUA_MPA_Transect 2",-17.36183827,177.1359799,"Terrestrial Reef Flat",0.22318776,21.863625,4.6390557,"qoliqoli","Non-Adopter","None",0,"None","Terrestrial Reef Flat",48009,0.50113315,0.64664078,0,0.856198256,0.723241871,0.667772189,0.565831041,"Tourism","Melanesia","non-refugia",0.719159072,1001.772951,0,253,33.34032822,0.007387417,-0.04951,-0.4121,0.1828,-0.49671,-0.54904,-0.10966,4.67410615406715,186.964246162686,67,6.70363994994475e-14,0.675562130213404,0.850836651143987,0.260240856216164,0.0819931545635436,20.377782764536
"Yasawa","Kuata","Barefoot Manta","KuataMPA","Namara","KUA_MPA_Transect 3",-17.36183827,177.1359799,"Terrestrial Reef Flat",0.22318776,21.863625,4.6390557,"qoliqoli","Non-Adopter","None",0,"None","Terrestrial Reef Flat",48009,0.50113315,0.64664078,0,0.856198256,0.723241871,0.667772189,0.565831041,"Tourism","Melanesia","non-refugia",0.719159072,1001.772951,0,253,33.34032822,0.007387417,-0.04951,-0.4121,0.1828,-0.49671,-0.54904,-0.10966,7.57677653297046,303.071061318818,135,6.1729723085444e-12,0.75799172128213,0.927682677245971,0.329583816631553,0.115716067351037,17.4347649608747
"Yasawa","Kuata","Barefoot Manta","KuataMPA","Namara","KUA_MPA_Transect 4",-17.36183827,177.1359799,"Terrestrial Reef Flat",0.22318776,21.863625,4.6390557,"qoliqoli","Non-Adopter","None",0,"None","Terrestrial Reef Flat",48009,0.50113315,0.64664078,0,0.856198256,0.723241871,0.667772189,0.565831041,"Tourism","Melanesia","non-refugia",0.719159072,1001.772951,0,253,33.34032822,0.007387417,-0.04951,-0.4121,0.1828,-0.49671,-0.54904,-0.10966,7.3872062098216,295.488248392864,101,5.10735221370287e-13,0.762336690642236,0.933848926111335,0.356174514417551,0.130206602032653,20.4532539555097
"Yasawa","Kuata","Barefoot Manta","KuataMPA","Namara","KUA_MPA_Transect 5",-17.36183827,177.1359799,"Terrestrial Reef Flat",0.22318776,21.863625,4.6390557,"qoliqoli","Non-Adopter","None",0,"None","Terrestrial Reef Flat",48009,0.50113315,0.64664078,0,0.856198256,0.723241871,0.667772189,0.565831041,"Tourism","Melanesia","non-refugia",0.719159072,1001.772951,0,253,33.34032822,0.007387417,-0.04951,-0.4121,0.1828,-0.49671,-0.54904,-0.10966,4.63184197039704,185.273678815881,161,2.8713981753607e-10,0.753241956734485,0.946659400440313,0.349488405314115,0.128191062502852,17.6410329827759
"Yasawa","Kuata","Barefoot Manta","KuataNonMPA","Namara","KUA_noMPA_Transect 1",-17.3660347,177.1399643,"Terrestrial Reef Flat",0.16416138,16.897337,-2.3884435,"qoliqoli","Non-Adopter","None",0,"None","Terrestrial Reef Flat",48009,0.50113315,0.64664078,0,0.856198256,0.723241871,0.667772189,0.565831041,"Tourism","Melanesia","non-refugia",0.719159072,1001.772951,0,253,33.34032822,0.007387417,-0.04951,-0.4121,0.1828,-0.49671,-0.54904,-0.10966,1.69162262582131,67.6649050328523,57,2.85932409267946e-12,0.773362802338462,0.930210780756314,0.325454362328885,0.114455758537846,15.5736194527089
"Yasawa","Kuata","Barefoot Manta","KuataNonMPA","Namara","KUA_noMPA_Transect 2",-17.3660347,177.1399643,"Terrestrial Reef Flat",0.16416138,16.897337,-2.3884435,"qoliqoli","Non-Adopter","None",0,"None","Terrestrial Reef Flat",48009,0.50113315,0.64664078,0,0.856198256,0.723241871,0.667772189,0.565831041,"Tourism","Melanesia","non-refugia",0.719159072,1001.772951,0,253,33.34032822,0.007387417,-0.04951,-0.4121,0.1828,-0.49671,-0.54904,-0.10966,1.2718963984927,50.8758559397079,62,6.19460628121449e-14,0.722413132844161,0.886767449910784,0.277985090273979,0.0913651953825738,15.1396296811151
"Yasawa","Kuata","Barefoot Manta","KuataNonMPA","Namara","KUA_noMPA_Transect 3",-17.3660347,177.1399643,"Terrestrial Reef Flat",0.16416138,16.897337,-2.3884435,"qoliqoli","Non-Adopter","None",0,"None","Terrestrial Reef Flat",48009,0.50113315,0.64664078,0,0.856198256,0.723241871,0.667772189,0.565831041,"Tourism","Melanesia","non-refugia",0.719159072,1001.772951,0,253,33.34032822,0.007387417,-0.04951,-0.4121,0.1828,-0.49671,-0.54904,-0.10966,3.40359815485785,136.143926194314,63,5.94948498048429e-14,0.742117788233907,0.85973612659657,0.224545365989338,0.0689268251500046,18.7681581398101
"Yasawa","Kuata","Barefoot Manta","KuataNonMPA","Namara","KUA_noMPA_Transect 4",-17.3660347,177.1399643,"Terrestrial Reef Flat",0.16416138,16.897337,-2.3884435,"qoliqoli","Non-Adopter","None",0,"None","Terrestrial Reef Flat",48009,0.50113315,0.64664078,0,0.856198256,0.723241871,0.667772189,0.565831041,"Tourism","Melanesia","non-refugia",0.719159072,1001.772951,0,253,33.34032822,0.007387417,-0.04951,-0.4121,0.1828,-0.49671,-0.54904,-0.10966,1.72036340399936,68.8145361599744,47,4.22575785842871e-12,0.658783758332487,0.825932428574738,0.262513786572245,0.0884228646724143,14.0459071858456
"Yasawa","Kuata","Barefoot Manta","KuataNonMPA","Namara","KUA_noMPA_Transect 5",-17.3660347,177.1399643,"Terrestrial Reef Flat",0.16416138,16.897337,-2.3884435,"qoliqoli","Non-Adopter","None",0,"None","Terrestrial Reef Flat",48009,0.50113315,0.64664078,0,0.856198256,0.723241871,0.667772189,0.565831041,"Tourism","Melanesia","non-refugia",0.719159072,1001.772951,0,253,33.34032822,0.007387417,-0.04951,-0.4121,0.1828,-0.49671,-0.54904,-0.10966,0.632091874191734,25.2836749676694,54,5.55154068214714e-13,0.819054566608359,0.903304952432454,0.310731984022008,0.108791562403436,15.0778603114261
"Lau","Totoya","Fijian LMMA/Captain Cook Cruises","CoralGarden","Totoya","Lau_Totoya_BT_Transect 1",-19.00218046,-179.8781898,NA,10.61112,863.71924,-192.91789,"qoliqoli","2010-2014","None",0,"None","Outer Reef Flat",49692,0.06399955,0.492362078,0,0,0.732915257,0.629447423,0.319787385,"Sediments","Melanesia","non-refugia",0.009458145,163.7047529,0,0,37.5112648,0.002929408,-0.07671,-0.89297,0.15016,-0.55246,-0.42444,0.19743,8.83190610048404,353.276244019361,193,1.52394058041358e-15,0.733354740156664,0.922403317952949,0.236104296567878,0.06240548507344,19.4546174946663
"Lau","Totoya","Fijian LMMA/Captain Cook Cruises","CoralGarden","Totoya","Lau_Totoya_BT_Transect 2",-19.00218046,-179.8781898,NA,10.61112,863.71924,-192.91789,"qoliqoli","2010-2014","None",0,"None","Outer Reef Flat",49692,0.06399955,0.492362078,0,0,0.732915257,0.629447423,0.319787385,"Sediments","Melanesia","non-refugia",0.009458145,163.7047529,0,0,37.5112648,0.002929408,-0.07671,-0.89297,0.15016,-0.55246,-0.42444,0.19743,4.28575208889312,171.430083555725,98,1.97477929233054e-13,0.61031301940304,0.897307936581762,0.265255371548164,0.0807006124544796,20.5882853141256
"Lau","Totoya","Fijian LMMA/Captain Cook Cruises","CoralGarden","Totoya","Lau_Totoya_BT_Transect 3",-19.00218046,-179.8781898,NA,10.61112,863.71924,-192.91789,"qoliqoli","2010-2014","None",0,"None","Outer Reef Flat",49692,0.06399955,0.492362078,0,0,0.732915257,0.629447423,0.319787385,"Sediments","Melanesia","non-refugia",0.009458145,163.7047529,0,0,37.5112648,0.002929408,-0.07671,-0.89297,0.15016,-0.55246,-0.42444,0.19743,17.4021168260776,696.084673043104,262,9.1822387006303e-13,0.613745312923919,0.925203432925517,0.330669678002937,0.114333525745491,19.9485406376291
"Lau","Totoya","Fijian LMMA/Captain Cook Cruises","CoralGarden","Totoya","Lau_Totoya_BT_Transect 4",-19.00218046,-179.8781898,NA,10.61112,863.71924,-192.91789,"qoliqoli","2010-2014","None",0,"None","Outer Reef Flat",49692,0.06399955,0.492362078,0,0,0.732915257,0.629447423,0.319787385,"Sediments","Melanesia","non-refugia",0.009458145,163.7047529,0,0,37.5112648,0.002929408,-0.07671,-0.89297,0.15016,-0.55246,-0.42444,0.19743,4.81422713406901,192.56908536276,134,5.5539848907249e-15,0.704097947151706,0.928582871785011,0.211500205534637,0.0544993873377492,17.5645668715247
"Lau","Totoya","Fijian LMMA/Captain Cook Cruises","ReefCorner","Totoya","Lau_Totoya_Joe_Transect 1",-18.99945678,-179.8721369,"Back Reef Slope",10.61112,863.71924,-192.91789,"qoliqoli","2010-2014","None",0,"None","Back Reef Slope",49640,0.063699875,0.571268957,0,0,0,0,0.105828139,"Coastal pop","Melanesia","non-refugia",0.009359818,450.8471918,0,0,0,0,-0.07258,-0.84888,0.15274,-0.49148,-0.42444,0.18083,7.40243513865628,296.097405546251,184,2.45259963630196e-10,0.645314922998099,0.920527792205988,0.298246586177321,0.106194921644792,19.8085189794554
"Lau","Totoya","Fijian LMMA/Captain Cook Cruises","ReefCorner","Totoya","Lau_Totoya_Joe_Transect 2",-18.99945678,-179.8721369,"Back Reef Slope",10.61112,863.71924,-192.91789,"qoliqoli","2010-2014","None",0,"None","Back Reef Slope",49640,0.063699875,0.571268957,0,0,0,0,0.105828139,"Coastal pop","Melanesia","non-refugia",0.009359818,450.8471918,0,0,0,0,-0.07258,-0.84888,0.15274,-0.49148,-0.42444,0.18083,2.71364707363044,108.545882945218,150,3.73066384886222e-10,0.60322672186724,0.869250243935567,0.211041858764689,0.0656392422517667,12.5123392632204
"Lau","Totoya","Fijian LMMA/Captain Cook Cruises","ReefCorner","Totoya","Lau_Totoya_Joe_Transect 3",-18.99945678,-179.8721369,"Back Reef Slope",10.61112,863.71924,-192.91789,"qoliqoli","2010-2014","None",0,"None","Back Reef Slope",49640,0.063699875,0.571268957,0,0,0,0,0.105828139,"Coastal pop","Melanesia","non-refugia",0.009359818,450.8471918,0,0,0,0,-0.07258,-0.84888,0.15274,-0.49148,-0.42444,0.18083,5.56168113092495,222.467245236998,127,4.19356461186567e-10,0.710757850863335,0.935057876028546,0.35043697195763,0.129246487940781,20.4840626150618
"Lau","Totoya","Fijian LMMA/Captain Cook Cruises","ReefCorner","Totoya","Lau_Totoya_Joe_Transect 4",-18.99945678,-179.8721369,"Back Reef Slope",10.61112,863.71924,-192.91789,"qoliqoli","2010-2014","None",0,"None","Back Reef Slope",49640,0.063699875,0.571268957,0,0,0,0,0.105828139,"Coastal pop","Melanesia","non-refugia",0.009359818,450.8471918,0,0,0,0,-0.07258,-0.84888,0.15274,-0.49148,-0.42444,0.18083,4.49161899536323,179.664759814529,112,1.19177383033443e-10,0.721808751989211,0.91459842856404,0.341195920026188,0.12175103818518,22.4225028170359
"Lau","Totoya","Fijian LMMA/Captain Cook Cruises","ReefCorner","Totoya","Lau_Totoya_Joe_Transect 5",-18.99945678,-179.8721369,"Back Reef Slope",10.61112,863.71924,-192.91789,"qoliqoli","2010-2014","None",0,"None","Back Reef Slope",49640,0.063699875,0.571268957,0,0,0,0,0.105828139,"Coastal pop","Melanesia","non-refugia",0.009359818,450.8471918,0,0,0,0,-0.07258,-0.84888,0.15274,-0.49148,-0.42444,0.18083,4.95269690705569,198.107876282228,163,3.79361358078265e-10,0.662141276106864,0.901668858543705,0.306932919066059,0.103086192846216,25.734598864632
"Lau","Vanua Balavu","Fijian LMMA/Captain Cook Cruises","VBBay","Daliconi","Lau_VanuaBalavu_Transect 1",-17.20382191,-178.9734533,"Back Reef Slope",0.4948923,42.277264,12.657234,"Locally Managed Marine Area","Non-Adopter","Part",4.66,"2007","Back Reef Slope",47764,0.013279392,0.663968056,0,0.759029966,0.704097396,0.562544912,0.45048662,"Tourism","Melanesia","refugia",0.000403359,1178.724392,0,34,26.18201828,0.000429278,0.0396,-0.12626,0.23237,0.09724,0.7605,0.07336,1.9517031509021,78.0681260360838,91,4.12460131172496e-11,0.722366778904349,0.895540380590555,0.269230880973867,0.0832234137638908,18.1786918277801
"Lau","Vanua Balavu","Fijian LMMA/Captain Cook Cruises","VBBay","Daliconi","Lau_VanuaBalavu_Transect 2",-17.20382191,-178.9734533,"Back Reef Slope",0.4948923,42.277264,12.657234,"Locally Managed Marine Area","Non-Adopter","Part",4.66,"2007","Back Reef Slope",47764,0.013279392,0.663968056,0,0.759029966,0.704097396,0.562544912,0.45048662,"Tourism","Melanesia","refugia",0.000403359,1178.724392,0,34,26.18201828,0.000429278,0.0396,-0.12626,0.23237,0.09724,0.7605,0.07336,1.88634207711318,75.4536830845272,107,7.65500091814602e-11,0.737397089286936,0.86132844775469,0.222774919514058,0.0685900505316991,13.5313067119796
"VanuaLevu","Savusavu","Bua Provincial Councial/CousteuDive","AliceWonderland","Wailevu","WAI_ALI_Transect 1",-16.82817665,179.1878434,NA,2.4705825,181.01839,84.630943,"qoliqoli","2010-2014","None",0,"None","Outer Reef Flat",47272,0.40875803,0.389497399,0,0.666660561,0.761641165,0.591399038,0.469659366,"Sediments","Melanesia","refugia",0.41026912,20.42838669,0,1,52.88097382,0.001066607,0.03692,-0.06416,0.21814,-0.10596,0.76408,-0.02734,5.40166645011765,216.066658004706,165,4.47405635141939e-12,0.642639789147311,0.870443525729776,0.195923487835298,0.0489086792496994,16.8558645276292
"VanuaLevu","Savusavu","Bua Provincial Councial/CousteuDive","AliceWonderland","Wailevu","WAI_ALI_Transect 2",-16.82817665,179.1878434,NA,2.4705825,181.01839,84.630943,"qoliqoli","2010-2014","None",0,"None","Outer Reef Flat",47272,0.40875803,0.389497399,0,0.666660561,0.761641165,0.591399038,0.469659366,"Sediments","Melanesia","refugia",0.41026912,20.42838669,0,1,52.88097382,0.001066607,0.03692,-0.06416,0.21814,-0.10596,0.76408,-0.02734,6.45980613298217,258.392245319287,102,9.19834031032503e-14,0.638487339996705,0.901278072392197,0.227688633405826,0.0660313195157607,18.5324106113033
"VanuaLevu","Savusavu","Bua Provincial Councial/CousteuDive","AliceWonderland","Wailevu","WAI_ALI_Transect 3",-16.82817665,179.1878434,NA,2.4705825,181.01839,84.630943,"qoliqoli","2010-2014","None",0,"None","Outer Reef Flat",47272,0.40875803,0.389497399,0,0.666660561,0.761641165,0.591399038,0.469659366,"Sediments","Melanesia","refugia",0.41026912,20.42838669,0,1,52.88097382,0.001066607,0.03692,-0.06416,0.21814,-0.10596,0.76408,-0.02734,8.80388197418089,352.155278967236,154,1.58307405927256e-11,0.652827162381265,0.935472309396602,0.328225851989997,0.11385850860628,22.6624452971271
"VanuaLevu","Savusavu","Bua Provincial Councial/CousteuDive","AliceWonderland","Wailevu","WAI_ALI_Transect 4",-16.82817665,179.1878434,NA,2.4705825,181.01839,84.630943,"qoliqoli","2010-2014","None",0,"None","Outer Reef Flat",47272,0.40875803,0.389497399,0,0.666660561,0.761641165,0.591399038,0.469659366,"Sediments","Melanesia","refugia",0.41026912,20.42838669,0,1,52.88097382,0.001066607,0.03692,-0.06416,0.21814,-0.10596,0.76408,-0.02734,8.59300931522332,343.720372608933,177,1.99056272869921e-12,0.655762996658259,0.928144534859756,0.30649637554247,0.103825862348385,21.4883682286474
"VanuaLevu","Savusavu","Bua Provincial Councial/CousteuDive","AliceWonderland","Wailevu","WAI_ALI_Transect 5",-16.82817665,179.1878434,NA,2.4705825,181.01839,84.630943,"qoliqoli","2010-2014","None",0,"None","Outer Reef Flat",47272,0.40875803,0.389497399,0,0.666660561,0.761641165,0.591399038,0.469659366,"Sediments","Melanesia","refugia",0.41026912,20.42838669,0,1,52.88097382,0.001066607,0.03692,-0.06416,0.21814,-0.10596,0.76408,-0.02734,5.36471167310778,214.588466924311,156,2.12237993306802e-11,0.680176082104159,0.929870005064012,0.223104289903733,0.0691436932635769,15.1205505279035
"VanuaLevu","Savusavu","Bua Provincial Councial/KorosunDive","GoldenNuggets","Savusavu","SAV_GNU_Transect 4",-16.82430488,179.2706002,NA,3.6456804,289.92941,140.46001,"Locally Managed Marine Area","2005-2009","Part",20.6,"2004","Deep Lagoon",47273,0.382892248,0.858634332,0.998223313,0.865429702,0.794854348,0.642768964,0.757133818,"Industrial dev","Melanesia","refugia",0.353583294,7645.003204,2,306,79.11255646,0.004097039,0.02434,-0.10809,0.22032,0.16556,0.38748,-0.02834,4.12232894447292,164.893157778917,214,1.2735786711456e-09,0.594747161362563,0.832421015573169,0.23121876293059,0.0791214183964554,13.1787992660935
"VanuaLevu","Savusavu","Bua Provincial Councial/KorosunDive","GoldenNuggets","Savusavu","SAV_GNU_Transect 5",-16.82430488,179.2706002,NA,3.6456804,289.92941,140.46001,"Locally Managed Marine Area","2005-2009","Part",20.6,"2004","Deep Lagoon",47273,0.382892248,0.858634332,0.998223313,0.865429702,0.794854348,0.642768964,0.757133818,"Industrial dev","Melanesia","refugia",0.353583294,7645.003204,2,306,79.11255646,0.004097039,0.02434,-0.10809,0.22032,0.16556,0.38748,-0.02834,12.8782171110328,515.128684441313,321,8.34840652459025e-09,0.641549979973682,0.878128584164802,0.369969312254952,0.145906551521403,18.4189887306857
"VanuaLevu","Savusavu","Bua Provincial Councial/KorosunDive","GoldenNuggets","Savusavu","SAV_GNU_Transect 6",-16.82430488,179.2706002,NA,3.6456804,289.92941,140.46001,"Locally Managed Marine Area","2005-2009","Part",20.6,"2004","Deep Lagoon",47273,0.382892248,0.858634332,0.998223313,0.865429702,0.794854348,0.642768964,0.757133818,"Industrial dev","Melanesia","refugia",0.353583294,7645.003204,2,306,79.11255646,0.004097039,0.02434,-0.10809,0.22032,0.16556,0.38748,-0.02834,2.62650602301187,105.060240920475,180,7.30426189128648e-11,0.610376442386674,0.886506053981865,0.262321900647309,0.0871109850117859,13.0614532677525
"VanuaLevu","Savusavu","Bua Provincial Councial/KorosunDive","GoldenNuggets","Savusavu","SAV_GNU_Transect 7",-16.82430488,179.2706002,NA,3.6456804,289.92941,140.46001,"Locally Managed Marine Area","2005-2009","Part",20.6,"2004","Deep Lagoon",47273,0.382892248,0.858634332,0.998223313,0.865429702,0.794854348,0.642768964,0.757133818,"Industrial dev","Melanesia","refugia",0.353583294,7645.003204,2,306,79.11255646,0.004097039,0.02434,-0.10809,0.22032,0.16556,0.38748,-0.02834,7.79487130003232,311.794852001293,303,1.77948896620315e-10,0.652587916494466,0.89620119872366,0.252092014017492,0.0874676584625355,13.9644183905658
"VanuaLevu","Savusavu","Bua Provincial Councial/KorosunDive","GoldenNuggets","Savusavu","SAV_GNU_Transect 8",-16.82430488,179.2706002,NA,3.6456804,289.92941,140.46001,"Locally Managed Marine Area","2005-2009","Part",20.6,"2004","Deep Lagoon",47273,0.382892248,0.858634332,0.998223313,0.865429702,0.794854348,0.642768964,0.757133818,"Industrial dev","Melanesia","refugia",0.353583294,7645.003204,2,306,79.11255646,0.004097039,0.02434,-0.10809,0.22032,0.16556,0.38748,-0.02834,8.34765711183311,333.906284473324,237,4.86572058414695e-09,0.667828418791239,0.910619816798083,0.300357852157895,0.112977517157756,18.5207819163691
"VanuaLevu","Savusavu","Bua Provincial Councial/CousteuDive","MysteryReef","Wailevu","WAI_MYS_Transect 1",-16.82181319,179.1888587,NA,2.4705825,181.01839,84.630943,"qoliqoli","2010-2014","None",0,"None","Outer Reef Flat",47272,0.40875803,0.389497399,0,0.666660561,0.761641165,0.591399038,0.469659366,"Sediments","Melanesia","refugia",0.41026912,20.42838669,0,1,52.88097382,0.001066607,0.03692,-0.06416,0.21814,-0.10596,0.76408,-0.02734,8.88293628951401,355.31745158056,101,5.42673147588744e-14,0.569886172801807,0.916087060128905,0.31284921982838,0.103041385143219,20.4338309216915
"VanuaLevu","Savusavu","Bua Provincial Councial/CousteuDive","MysteryReef","Wailevu","WAI_MYS_Transect 2",-16.82181319,179.1888587,NA,2.4705825,181.01839,84.630943,"qoliqoli","2010-2014","None",0,"None","Outer Reef Flat",47272,0.40875803,0.389497399,0,0.666660561,0.761641165,0.591399038,0.469659366,"Sediments","Melanesia","refugia",0.41026912,20.42838669,0,1,52.88097382,0.001066607,0.03692,-0.06416,0.21814,-0.10596,0.76408,-0.02734,9.7096282864957,388.385131459828,201,1.37523389593985e-10,0.641690132622992,0.91945463984522,0.29555929472412,0.0987946896469317,16.8768724137778
"VanuaLevu","Savusavu","Bua Provincial Councial/CousteuDive","MysteryReef","Wailevu","WAI_MYS_Transect 3",-16.82181319,179.1888587,NA,2.4705825,181.01839,84.630943,"qoliqoli","2010-2014","None",0,"None","Outer Reef Flat",47272,0.40875803,0.389497399,0,0.666660561,0.761641165,0.591399038,0.469659366,"Sediments","Melanesia","refugia",0.41026912,20.42838669,0,1,52.88097382,0.001066607,0.03692,-0.06416,0.21814,-0.10596,0.76408,-0.02734,8.04316840034154,321.726736013661,186,1.90700544369604e-09,0.677697780662827,0.884606389082462,0.279631562081314,0.0905055682271039,16.8588644881961
"VanuaLevu","Savusavu","Bua Provincial Councial/CousteuDive","MysteryReef","Wailevu","WAI_MYS_transect 4",-16.82181319,179.1888587,NA,2.4705825,181.01839,84.630943,"qoliqoli","2010-2014","None",0,"None","Outer Reef Flat",47272,0.40875803,0.389497399,0,0.666660561,0.761641165,0.591399038,0.469659366,"Sediments","Melanesia","refugia",0.41026912,20.42838669,0,1,52.88097382,0.001066607,0.03692,-0.06416,0.21814,-0.10596,0.76408,-0.02734,11.3053167546828,452.212670187313,525,1.62505087000887e-09,0.586476167939991,0.965455143175371,0.166023830393863,0.0507800119635507,12.3096019951324
"VanuaLevu","Savusavu","Bua Provincial Councial/CousteuDive","MysteryReef","Wailevu","WAI_MYS_Transect 5",-16.82181319,179.1888587,NA,2.4705825,181.01839,84.630943,"qoliqoli","2010-2014","None",0,"None","Outer Reef Flat",47272,0.40875803,0.389497399,0,0.666660561,0.761641165,0.591399038,0.469659366,"Sediments","Melanesia","refugia",0.41026912,20.42838669,0,1,52.88097382,0.001066607,0.03692,-0.06416,0.21814,-0.10596,0.76408,-0.02734,19.5049216401565,780.196865606261,259,4.99667004538019e-09,0.646912474482698,0.924343340340208,0.293336550484865,0.0969668764345997,17.8573381572435
"VanuaLevu","Savusavu","Bua Provincial Councial/KorosunDive","SplitRock","Savusavu","SAV_SLR_Transect 1",-16.80662252,179.2922599,NA,3.6456804,289.92941,140.46001,"Locally Managed Marine Area","2005-2009","Part",20.6,"2004","Sheltered Reef Slope",47273,0.382892248,0.858634332,0.998223313,0.865429702,0.794854348,0.642768964,0.757133818,"Industrial dev","Melanesia","refugia",0.353583294,7645.003204,2,306,79.11255646,0.004097039,0.02434,-0.10809,0.22032,0.16556,0.38748,-0.02834,7.31509018010154,292.603607204061,128,7.00412269575054e-11,0.67486140147558,0.958145815832688,0.255281056296646,0.0901058112190573,22.2843727903918
"VanuaLevu","Savusavu","Bua Provincial Councial/KorosunDive","SplitRock","Savusavu","SAV_SLR_Transect 2",-16.80662252,179.2922599,NA,3.6456804,289.92941,140.46001,"Locally Managed Marine Area","2005-2009","Part",20.6,"2004","Sheltered Reef Slope",47273,0.382892248,0.858634332,0.998223313,0.865429702,0.794854348,0.642768964,0.757133818,"Industrial dev","Melanesia","refugia",0.353583294,7645.003204,2,306,79.11255646,0.004097039,0.02434,-0.10809,0.22032,0.16556,0.38748,-0.02834,3.63628432334395,145.451372933758,154,3.13366405134776e-15,0.541909662477228,0.965143881608688,0.343546091694614,0.130666976506255,23.4942491542776
"VanuaLevu","Savusavu","Bua Provincial Councial/KorosunDive","SplitRock","Savusavu","SAV_SLR_Transect 3",-16.80662252,179.2922599,NA,3.6456804,289.92941,140.46001,"Locally Managed Marine Area","2005-2009","Part",20.6,"2004","Sheltered Reef Slope",47273,0.382892248,0.858634332,0.998223313,0.865429702,0.794854348,0.642768964,0.757133818,"Industrial dev","Melanesia","refugia",0.353583294,7645.003204,2,306,79.11255646,0.004097039,0.02434,-0.10809,0.22032,0.16556,0.38748,-0.02834,1.67003917915583,66.8015671662333,59,6.85272237598209e-13,0.734215178047817,0.93186763680294,0.309959167874008,0.108764086778577,16.8795700074054
"VanuaLevu","Savusavu","Bua Provincial Councial/KorosunDive","SplitRock","Savusavu","SAV_SLR_Transect 4",-16.80662252,179.2922599,NA,3.6456804,289.92941,140.46001,"Locally Managed Marine Area","2005-2009","Part",20.6,"2004","Sheltered Reef Slope",47273,0.382892248,0.858634332,0.998223313,0.865429702,0.794854348,0.642768964,0.757133818,"Industrial dev","Melanesia","refugia",0.353583294,7645.003204,2,306,79.11255646,0.004097039,0.02434,-0.10809,0.22032,0.16556,0.38748,-0.02834,7.73508506683011,309.403402673204,132,1.26773075266524e-09,0.700112458623255,0.87351995140404,0.252182128120737,0.0889521342271042,18.708814565154
"VanuaLevu","Savusavu","Bua Provincial Councial/KorosunDive","SplitRock","Savusavu","SAV_SLR_Transect 5",-16.80662252,179.2922599,NA,3.6456804,289.92941,140.46001,"Locally Managed Marine Area","2005-2009","Part",20.6,"2004","Sheltered Reef Slope",47273,0.382892248,0.858634332,0.998223313,0.865429702,0.794854348,0.642768964,0.757133818,"Industrial dev","Melanesia","refugia",0.353583294,7645.003204,2,306,79.11255646,0.004097039,0.02434,-0.10809,0.22032,0.16556,0.38748,-0.02834,9.03815181862406,361.526072744962,162,1.37732476845485e-09,0.741520270969084,0.946014948588085,0.34846261127716,0.12894126161382,20.4590216556984
"Yasawa","Muaira","Barefoot Manta","LittleWonders","Muaira","YA_LIW_Transect 1",-17.15925308,177.1671203,"Sheltered Reef Slope",0.070601173,7.5770392,4.7067151,"qoliqoli","Non-Adopter","None",0,"None","Sheltered Reef Slope",47746,0.470154146,0.587112609,0,0.92371236,0.580678976,0.561052457,0.520451758,"Tourism","Melanesia","non-refugia",0.585998662,540.2162622,0,1217,3.152070761,0.000401614,-0.00432,-0.26223,0.18872,-0.287,0.28977,-0.11919,2.44601786252678,97.8407145010712,88,2.8281434496668e-14,0.644670711174286,0.915936510700885,0.297947133800529,0.0974129411700006,20.814179203721
"Yasawa","Muaira","Barefoot Manta","LittleWonders","Muaira","YA_LIW_Transect 2",-17.15925308,177.1671203,"Sheltered Reef Slope",0.070601173,7.5770392,4.7067151,"qoliqoli","Non-Adopter","None",0,"None","Sheltered Reef Slope",47746,0.470154146,0.587112609,0,0.92371236,0.580678976,0.561052457,0.520451758,"Tourism","Melanesia","non-refugia",0.585998662,540.2162622,0,1217,3.152070761,0.000401614,-0.00432,-0.26223,0.18872,-0.287,0.28977,-0.11919,2.38308693455069,95.3234773820276,80,1.41683128127471e-14,0.694815302171153,0.947978955113611,0.253180700410248,0.0716514426884701,16.2435990702009
"Yasawa","Muaira","Barefoot Manta","LittleWonders","Muaira","YA_LIW_Transect 3",-17.15925308,177.1671203,"Sheltered Reef Slope",0.070601173,7.5770392,4.7067151,"qoliqoli","Non-Adopter","None",0,"None","Sheltered Reef Slope",47746,0.470154146,0.587112609,0,0.92371236,0.580678976,0.561052457,0.520451758,"Tourism","Melanesia","non-refugia",0.585998662,540.2162622,0,1217,3.152070761,0.000401614,-0.00432,-0.26223,0.18872,-0.287,0.28977,-0.11919,2.11123934397943,84.4495737591774,86,2.28727884324783e-12,0.758955970766537,0.95306838774736,0.258662832974251,0.0797114341911873,17.7479408146008
"Yasawa","Muaira","Barefoot Manta","LittleWonders","Muaira","YA_LIW_Transect 4",-17.15925308,177.1671203,"Sheltered Reef Slope",0.070601173,7.5770392,4.7067151,"qoliqoli","Non-Adopter","None",0,"None","Sheltered Reef Slope",47746,0.470154146,0.587112609,0,0.92371236,0.580678976,0.561052457,0.520451758,"Tourism","Melanesia","non-refugia",0.585998662,540.2162622,0,1217,3.152070761,0.000401614,-0.00432,-0.26223,0.18872,-0.287,0.28977,-0.11919,6.77252298254788,270.900919301915,142,1.6135175206126e-10,0.706947794597281,0.943293988727118,0.320179936428079,0.111692076035107,23.7454038687468
"Yasawa","Muaira","Barefoot Manta","LittleWonders","Muaira","YA_LIW_Transect 5",-17.15925308,177.1671203,"Sheltered Reef Slope",0.070601173,7.5770392,4.7067151,"qoliqoli","Non-Adopter","None",0,"None","Sheltered Reef Slope",47746,0.470154146,0.587112609,0,0.92371236,0.580678976,0.561052457,0.520451758,"Tourism","Melanesia","non-refugia",0.585998662,540.2162622,0,1217,3.152070761,0.000401614,-0.00432,-0.26223,0.18872,-0.287,0.28977,-0.11919,0.86640655894481,34.6562623577924,90,1.05696678378825e-13,0.62507439288354,0.838344880757257,0.145422825347274,0.0425552235464639,11.5357685975296
"Yasawa","Muaira","Barefoot Manta","MantaChannel","Muaira","YA_MAC_Transect 1",-17.1716061,177.1884218,NA,0.063202888,8.5026398,-0.33094046,"qoliqoli","Non-Adopter","None",0,"None","Sheltered Reef Slope",47746,0.470154146,0.587112609,0,0.92371236,0.580678976,0.561052457,0.520451758,"Tourism","Melanesia","non-refugia",0.585998662,540.2162622,0,1217,3.152070761,0.000401614,-0.00432,-0.26223,0.18872,-0.287,0.28977,-0.11919,14.8552646175635,594.21058470254,491,1.79128051742985e-10,0.556632442119085,0.904381255020259,0.201637215184494,0.062171650969083,12.1279477894116
"Yasawa","Muaira","Barefoot Manta","MantaChannel","Muaira","YA_MAC_Transect 2",-17.1716061,177.1884218,NA,0.063202888,8.5026398,-0.33094046,"qoliqoli","Non-Adopter","None",0,"None","Sheltered Reef Slope",47746,0.470154146,0.587112609,0,0.92371236,0.580678976,0.561052457,0.520451758,"Tourism","Melanesia","non-refugia",0.585998662,540.2162622,0,1217,3.152070761,0.000401614,-0.00432,-0.26223,0.18872,-0.287,0.28977,-0.11919,32.4609575991812,1298.43830396725,249,1.66678210608799e-10,0.563898944271633,0.853756669729058,0.260489632216223,0.102360083140425,23.0193209613543
"Yasawa","Muaira","Barefoot Manta","MantaChannel","Muaira","YA_MAC_Transect 3",-17.1716061,177.1884218,NA,0.063202888,8.5026398,-0.33094046,"qoliqoli","Non-Adopter","None",0,"None","Sheltered Reef Slope",47746,0.470154146,0.587112609,0,0.92371236,0.580678976,0.561052457,0.520451758,"Tourism","Melanesia","non-refugia",0.585998662,540.2162622,0,1217,3.152070761,0.000401614,-0.00432,-0.26223,0.18872,-0.287,0.28977,-0.11919,4.6055256760292,184.221027041168,302,1.72539591235437e-10,0.600646356304426,0.874988722139417,0.190662143868809,0.0507062466084547,10.7102227619152
"Yasawa","Muaira","Barefoot Manta","MantaChannel","Muaira","YA_MAC_Transect 4",-17.1716061,177.1884218,NA,0.063202888,8.5026398,-0.33094046,"qoliqoli","Non-Adopter","None",0,"None","Sheltered Reef Slope",47746,0.470154146,0.587112609,0,0.92371236,0.580678976,0.561052457,0.520451758,"Tourism","Melanesia","non-refugia",0.585998662,540.2162622,0,1217,3.152070761,0.000401614,-0.00432,-0.26223,0.18872,-0.287,0.28977,-0.11919,13.8963891405348,555.855565621392,207,3.85575717216856e-12,0.556846642699909,0.788561076386313,0.1869050177093,0.059791545277371,14.2957865064445
"Yasawa","Muaira","Barefoot Manta","MantaChannel","Muaira","YA_MAC_Transect 5",-17.1716061,177.1884218,NA,0.063202888,8.5026398,-0.33094046,"qoliqoli","Non-Adopter","None",0,"None","Sheltered Reef Slope",47746,0.470154146,0.587112609,0,0.92371236,0.580678976,0.561052457,0.520451758,"Tourism","Melanesia","non-refugia",0.585998662,540.2162622,0,1217,3.152070761,0.000401614,-0.00432,-0.26223,0.18872,-0.287,0.28977,-0.11919,8.67092908580625,346.83716343225,332,1.70229645872907e-09,0.625134574629097,0.948764474343055,0.19188202035923,0.0593564778101915,11.7996157807443
"Yasawa","Muaira","Barefoot Manta","ValiBeach","Muaira","YA_VAL_Transect 1",-17.16406392,177.1918663,"Sheltered Reef Slope",0.063202888,8.5026398,-0.33094046,"qoliqoli","Non-Adopter","None",0,"None","Sheltered Reef Slope",47746,0.470154146,0.587112609,0,0.92371236,0.580678976,0.561052457,0.520451758,"Tourism","Melanesia","non-refugia",0.585998662,540.2162622,0,1217,3.152070761,0.000401614,-0.00432,-0.26223,0.18872,-0.287,0.28977,-0.11919,6.89454041481146,275.781616592459,209,4.52006070526885e-09,0.701782581012624,0.940944451777236,0.29791102615967,0.106660769097438,14.6863900422336
"Yasawa","Muaira","Barefoot Manta","ValiBeach","Muaira","YA_VAL_Transect 2",-17.16406392,177.1918663,"Sheltered Reef Slope",0.063202888,8.5026398,-0.33094046,"qoliqoli","Non-Adopter","None",0,"None","Sheltered Reef Slope",47746,0.470154146,0.587112609,0,0.92371236,0.580678976,0.561052457,0.520451758,"Tourism","Melanesia","non-refugia",0.585998662,540.2162622,0,1217,3.152070761,0.000401614,-0.00432,-0.26223,0.18872,-0.287,0.28977,-0.11919,10.9445443181516,437.781772726062,280,3.93501813839558e-09,0.619088310721155,0.95020599899607,0.323869645633124,0.12809637902408,19.012954662022
"Yasawa","Muaira","Barefoot Manta","ValiBeach","Muaira","YA_VAL_Transect 3",-17.16406392,177.1918663,"Sheltered Reef Slope",0.063202888,8.5026398,-0.33094046,"qoliqoli","Non-Adopter","None",0,"None","Sheltered Reef Slope",47746,0.470154146,0.587112609,0,0.92371236,0.580678976,0.561052457,0.520451758,"Tourism","Melanesia","non-refugia",0.585998662,540.2162622,0,1217,3.152070761,0.000401614,-0.00432,-0.26223,0.18872,-0.287,0.28977,-0.11919,6.11596784870609,244.638713948244,151,2.65326715481187e-10,0.694025887221098,0.955919994527024,0.279884691194146,0.0954680137011537,14.732863963622
"Yasawa","Muaira","Barefoot Manta","ValiBeach","Muaira","YA_VAL_Transect 4",-17.16406392,177.1918663,"Sheltered Reef Slope",0.063202888,8.5026398,-0.33094046,"qoliqoli","Non-Adopter","None",0,"None","Sheltered Reef Slope",47746,0.470154146,0.587112609,0,0.92371236,0.580678976,0.561052457,0.520451758,"Tourism","Melanesia","non-refugia",0.585998662,540.2162622,0,1217,3.152070761,0.000401614,-0.00432,-0.26223,0.18872,-0.287,0.28977,-0.11919,6.93647313283988,277.458925313595,385,6.99309265277814e-10,0.708053062638477,0.977153757832965,0.215544075318789,0.0678261528593169,11.5108787682903
"Yasawa","Muaira","Barefoot Manta","ValiBeach","Muaira","YA_VAL_Transect 5",-17.16406392,177.1918663,"Sheltered Reef Slope",0.063202888,8.5026398,-0.33094046,"qoliqoli","Non-Adopter","None",0,"None","Sheltered Reef Slope",47746,0.470154146,0.587112609,0,0.92371236,0.580678976,0.561052457,0.520451758,"Tourism","Melanesia","non-refugia",0.585998662,540.2162622,0,1217,3.152070761,0.000401614,-0.00432,-0.26223,0.18872,-0.287,0.28977,-0.11919,4.84651237914255,193.860495165702,338,2.50398731537643e-10,0.674420898734141,0.982310904968235,0.195363832974744,0.0613612057499932,9.87823335139374
"Yasawa","Muaira","Barefoot Manta","Vuvui","Muaira","YA_VUI_Transect 1",-17.19002182,177.1993791,"Terrestrial Reef Flat",0.072848953,10.474944,-5.7781749,"qoliqoli","Non-Adopter","None",0,"","Terrestrial Reef Flat",47746,0.470154146,0.587112609,0,0.92371236,0.580678976,0.561052457,0.520451758,"Tourism","Melanesia","non-refugia",0.585998662,540.2162622,0,1217,3.152070761,0.000401614,-0.00432,-0.26223,0.18872,-0.287,0.28977,-0.11919,3.57759418632136,143.103767452854,92,3.75202135962612e-13,0.693573659073999,0.917143297413741,0.286407433004198,0.0933863441991513,18.488157671857
"Yasawa","Muaira","Barefoot Manta","Vuvui","Muaira","YA_VUI_Transect 2",-17.19002182,177.1993791,"Terrestrial Reef Flat",0.072848953,10.474944,-5.7781749,"qoliqoli","Non-Adopter","None",0,"","Terrestrial Reef Flat",47746,0.470154146,0.587112609,0,0.92371236,0.580678976,0.561052457,0.520451758,"Tourism","Melanesia","non-refugia",0.585998662,540.2162622,0,1217,3.152070761,0.000401614,-0.00432,-0.26223,0.18872,-0.287,0.28977,-0.11919,5.83450296827627,233.380118731051,129,4.45990255763400e-12,0.665567227062761,0.878285014613485,0.293165656963721,0.10013517989182,28.5961338553187
"Yasawa","Muaira","Barefoot Manta","Vuvui","Muaira","YA_VUI_Transect 3",-17.19002182,177.1993791,"Terrestrial Reef Flat",0.072848953,10.474944,-5.7781749,"qoliqoli","Non-Adopter","None",0,"","Terrestrial Reef Flat",47746,0.470154146,0.587112609,0,0.92371236,0.580678976,0.561052457,0.520451758,"Tourism","Melanesia","non-refugia",0.585998662,540.2162622,0,1217,3.152070761,0.000401614,-0.00432,-0.26223,0.18872,-0.287,0.28977,-0.11919,4.85796655998943,194.318662399577,219,7.29963991777107e-12,0.676603189615373,0.932586020521464,0.305468986032675,0.0998480460461035,12.9515306492677
"Yasawa","Muaira","Barefoot Manta","Vuvui","Muaira","YA_VUI_Transect 4",-17.19002182,177.1993791,"Terrestrial Reef Flat",0.072848953,10.474944,-5.7781749,"qoliqoli","Non-Adopter","None",0,"","Terrestrial Reef Flat",47746,0.470154146,0.587112609,0,0.92371236,0.580678976,0.561052457,0.520451758,"Tourism","Melanesia","non-refugia",0.585998662,540.2162622,0,1217,3.152070761,0.000401614,-0.00432,-0.26223,0.18872,-0.287,0.28977,-0.11919,4.64647842043271,185.859136817309,85,7.33658424475634e-13,0.666707458724451,0.90230508056438,0.297133695296196,0.0955985058435956,17.8270495705277
"Yasawa","Muaira","Barefoot Manta","Vuvui","Muaira","YA_VUI_Transect 5",-17.19002182,177.1993791,"Terrestrial Reef Flat",0.072848953,10.474944,-5.7781749,"qoliqoli","Non-Adopter","None",0,"","Terrestrial Reef Flat",47746,0.470154146,0.587112609,0,0.92371236,0.580678976,0.561052457,0.520451758,"Tourism","Melanesia","non-refugia",0.585998662,540.2162622,0,1217,3.152070761,0.000401614,-0.00432,-0.26223,0.18872,-0.287,0.28977,-0.11919,7.99348383068983,319.739353227593,274,3.23984707592422e-12,0.71963051275844,0.971417634888419,0.294676653376483,0.103062926663133,15.2140648916019
"Yasawa","Muaira","Barefoot Manta","YaCOW","Muaira","YA_COW_Transect 1",-17.16472821,177.1946053,"Outer Reef Flat",0.063202888,8.5026398,-0.33094046,"qoliqoli","Non-Adopter","None",0,"None","Outer Reef Flat",47746,0.470154146,0.587112609,0,0.92371236,0.580678976,0.561052457,0.520451758,"Tourism","Melanesia","non-refugia",0.585998662,540.2162622,0,1217,3.152070761,0.000401614,-0.00432,-0.26223,0.18872,-0.287,0.28977,-0.11919,12.7199621367983,508.798485471932,552,7.90045861574632e-09,0.702970090825074,0.981442386709904,0.172134128773087,0.0568932542177553,13.5643178081022
"Yasawa","Muaira","Barefoot Manta","YaCOW","Muaira","YA_COW_Transect 2",-17.16472821,177.1946053,"Outer Reef Flat",0.063202888,8.5026398,-0.33094046,"qoliqoli","Non-Adopter","None",0,"None","Outer Reef Flat",47746,0.470154146,0.587112609,0,0.92371236,0.580678976,0.561052457,0.520451758,"Tourism","Melanesia","non-refugia",0.585998662,540.2162622,0,1217,3.152070761,0.000401614,-0.00432,-0.26223,0.18872,-0.287,0.28977,-0.11919,10.4500030561503,418.000122246013,572,1.45991471567071e-08,0.617863365886346,0.956924711204273,0.287513868169743,0.0965983869319214,15.8274821247892
"Yasawa","Muaira","Barefoot Manta","YaCOW","Muaira","YA_COW_Transect 3",-17.16472821,177.1946053,"Outer Reef Flat",0.063202888,8.5026398,-0.33094046,"qoliqoli","Non-Adopter","None",0,"None","Outer Reef Flat",47746,0.470154146,0.587112609,0,0.92371236,0.580678976,0.561052457,0.520451758,"Tourism","Melanesia","non-refugia",0.585998662,540.2162622,0,1217,3.152070761,0.000401614,-0.00432,-0.26223,0.18872,-0.287,0.28977,-0.11919,14.5074684093888,580.298736375553,838,3.83853604890537e-09,0.657877839800419,0.978332409337225,0.156408674656914,0.0507712193861968,11.0126615461023
"Yasawa","Muaira","Barefoot Manta","YaCOW","Muaira","YA_COW_Transect 4",-17.16472821,177.1946053,"Outer Reef Flat",0.063202888,8.5026398,-0.33094046,"qoliqoli","Non-Adopter","None",0,"None","Outer Reef Flat",47746,0.470154146,0.587112609,0,0.92371236,0.580678976,0.561052457,0.520451758,"Tourism","Melanesia","non-refugia",0.585998662,540.2162622,0,1217,3.152070761,0.000401614,-0.00432,-0.26223,0.18872,-0.287,0.28977,-0.11919,58.3117567506455,2332.47027002582,646,2.04025841662808e-08,0.57153983137206,0.965493239221448,0.207253378701729,0.0763525055374958,15.9996595503989
"Yasawa","Muaira","Barefoot Manta","YaCOW","Muaira","YA_COW_Transect 5",-17.16472821,177.1946053,"Outer Reef Flat",0.063202888,8.5026398,-0.33094046,"qoliqoli","Non-Adopter","None",0,"None","Outer Reef Flat",47746,0.470154146,0.587112609,0,0.92371236,0.580678976,0.561052457,0.520451758,"Tourism","Melanesia","non-refugia",0.585998662,540.2162622,0,1217,3.152070761,0.000401614,-0.00432,-0.26223,0.18872,-0.287,0.28977,-0.11919,18.5346670209561,741.386680838245,876,2.6723100985803e-08,0.705719630897716,0.957398412813132,0.0964854080762491,0.0321456694179345,10.7073951294933
