Species_full,a,b
Abalistes stellatus,0.036433992,2.849751866
Abudefduf abdominalis,0.00038,2.61
Abudefduf bengalensis,0.02455,3
Abudefduf concolor,0.02455,3
Abudefduf conformis,0.01479,2.99
Abudefduf declivifrons,0.02455,3
Abudefduf luridus,0.024595,2.9015
Abudefduf natalensis,0.02455,3
Abudefduf notatus,0.02455,3
Abudefduf saxatilis,0.020803045,3.038004419
Abudefduf septemfasciatus,0.02355609,3.066008839
Abudefduf sexfasciatus,0.022358022,3.100984518
Abudefduf sordidus,0.022562179,3.132017677
Abudefduf sp,0.02455,3
Abudefduf sparoides,0.02455,3
Abudefduf taurus,0.0208,2.985
Abudefduf troschelii,0.02455,3
Abudefduf vaigiensis,0.022562179,3.132017677
Abudefduf whitleyi,0.024172629,3.05634074
Acanthemblemaria aspera,1.539894154,1.539894154
Acanthemblemaria atrata,0.00739,3.04855
Acanthemblemaria balanorum,0.00562,3.12
Acanthemblemaria castroi,0.00468,3.08
Acanthemblemaria crockeri,0.00468,3
Acanthemblemaria exilispinus,0.00468,3.08
Acanthemblemaria hancocki,0.00468,3.08
Acanthemblemaria macrospilus,0.00739,3.04855
Acanthemblemaria maria,0.0077,2.962
Acanthemblemaria spinosa,0.00619,3.021
Acanthemblemaria stephensi,0.00468,3.08
Acanthistius brasilianus,2.54E-05,2.9266
Acanthistius cinctus,0.00933,2.97
Acanthistius fuscus,0.00929,3.18
Acanthochromis polyacanthus,0.02951,3.04
Acanthocybium solandri,0.00282,3.17
Acanthopagrus australis,0.01288,3.03
Acanthopagrus berda,0.02234706,3.043787933
Acanthopagrus latus,0.01738,2.92
Acanthopagrus palmaris,0.02344,2.94
Acanthostracion notacanthus,0.000108343,2.6794
Acanthostracion polygonia,0.000108343,2.6794
Acanthostracion polygonius,0.02304,2.915
Acanthostracion quadricornis,0.000956313,2.2629
Acanthostracion sp,0.000956313,2.2629
Acanthurus achilles,0.028032882,2.98288421
Acanthurus albipectoralis,0.03,2.98
Acanthurus auranticavus,0.024956441,2.976442105
Acanthurus bahianus,0.02124,2.956666667
Acanthurus bariene,0.02188,2.97
Acanthurus blochii,0.025055962,3.031929247
Acanthurus chirurgus,0.022306667,2.966666667
Acanthurus coeruleus,6.07E-05,2.8346
Acanthurus dussumieri,0.042561181,2.868263525
Acanthurus fowleri,0.01622,3
Acanthurus gahhm,0.02188,2.97
Acanthurus grammoptilus,0.02188,2.97
Acanthurus guttatus,4.40E-05,3.08
Acanthurus leucocheilus,0.02188,2.97
Acanthurus leucopareius,0.01678,3.17
Acanthurus leucosternon,0.01995,2.95
Acanthurus lineatus,0.028032882,2.98288421
Acanthurus maculiceps,0.02188,2.97
Acanthurus mata,0.022241884,3.007953028
Acanthurus monroviae,0.0181,3.09
Acanthurus nigricans,0.081544127,2.87
Acanthurus nigricauda,0.016784756,3.167724687
Acanthurus nigrofuscus,0.026370479,3.028366711
Acanthurus nigroris,0.028032882,2.98288421
Acanthurus nubilus,0.028032882,2.98288421
Acanthurus olivaceus,0.028032882,2.98288421
Acanthurus pyroferus,0.028032882,2.98288421
Acanthurus reversus,0.02188,2.97
Acanthurus sohal,0.02188,2.97
Acanthurus sp,0.02188,2.97
Acanthurus tennentii,0.02188,2.97
Acanthurus thompsoni,0.028032882,2.98288421
Acanthurus tractus,0.01862,2.92
Acanthurus triostegus,0.015557474,3.45
Acanthurus tristis,0.02188,2.97
Acanthurus xanthopterus,0.067,2.669
Acyrtus rubiginosus,0.0055,3.1
Aeoliscus strigatus,0.004745,3.06
Aethaloperca rogaa,1.521463907,1.521463907
Aetobatus narinari,0.773610896,2.206850333
Aetobatus ocellatus,0.00389,3.08
Aioliops megastigma,0.00389,3.12
Aioliops novaeguineae,0.00389,3.12
Albula glossodonta,1.00E-05,3
Albula vulpes,4.74E-06,3.1871
Alectis ciliaris,0.0299,2.92
Alepes kleinii,0.0138,2.96
Alepes vari,0.011067041,3.078618794
Alphestes afer,2.54E-05,2.9266
Alphestes immaculatus,0.01122,3.05
Alphestes multiguttatus,0.01122,3.05
Aluterus monoceros,0.0194,2.96
Aluterus schoepfii,0.0927,2.344
Aluterus scriptus,0.01264154,1.8136
Amanses scopas,0.014701605,2.990918935
Amblycirrhitus bimacula,3.70E-06,3.52
Amblycirrhitus pinos,9.62E-07,3.4266
Amblyeleotris fasciata,0.00589,3.1
Amblyeleotris guttata,1.044092511,1.909485201
Amblyeleotris gymnocephala,0.00589,3.1
Amblyeleotris katherine,0.00589,3.1
Amblyeleotris periophthalma,0.00589,3.1
Amblyeleotris sp,0.00589,3.1
Amblyeleotris steinitzi,0.016138766,2.861282802
Amblyeleotris sungami,0.00589,3.1
Amblyeleotris wheeleri,0.00589,3.1
Amblyglyphidodon aureus,0.014347695,3.330369305
Amblyglyphidodon batunai,0.02239,2.99
Amblyglyphidodon curacao,0.020387591,3.222540208
Amblyglyphidodon flavilatus,0.02239,2.99
Amblyglyphidodon indicus,0.02239,2.99
Amblyglyphidodon leucogaster,0.029735581,2.936047024
Amblyglyphidodon melanopterus,0.02239,2.99
Amblyglyphidodon orbicularis,0.018368848,3.160184653
Amblyglyphidodon ternatensis,0.018368848,3.160184653
Amblygobius buanensis,0.00891,3.07
Amblygobius bynoensis,0.00891,3.07
Amblygobius decussatus,0.012132981,2.966783788
Amblygobius nocturnus,0.013642981,2.951783788
Amblygobius phalaena,0.015321987,2.894522525
Amblygobius rainfordi,0.018375962,2.833567575
Amblygobius semicinctus,0.00891,3.07
Amblygobius sp,0.015321987,2.894522525
Amblygobius sphynx,0.018375962,2.833567575
Amphichaetodon howensis,0.02188,3.02
Amphichthys cryptocentrus,0.00389,3.12
Amphiprion akallopisos,0.01122,3.04
Amphiprion akindynos,0.031616572,2.929801945
Amphiprion allardi,0.02291,2.99
Amphiprion bicinctus,1.514222595,1.514222595
Amphiprion chrysopterus,1.015770554,2.072885025
Amphiprion clarkii,0.020888236,3.090104942
Amphiprion ephippium,0.02291,2.99
Amphiprion frenatus,0.02291,2.99
Amphiprion fuscocaudatus,0.02291,2.99
Amphiprion latezonatus,0.02291,2.99
Amphiprion leucokranos,0.01122,3.04
Amphiprion mccullochi,0.02291,2.99
Amphiprion melanopus,0.018417033,3.168989499
Amphiprion ocellaris,0.01122,3.04
Amphiprion percula,0.01122,3.04
Amphiprion perideraion,0.020592157,3.123403295
Amphiprion polymnus,0.02291,2.99
Amphiprion rubrocinctus,0.01122,3.04
Amphiprion sandaracinos,0.01122,3.04
Anampses caeruleopunctatus,0.019391184,3.19
Anampses chrysocephalus,6.20E-06,3.3
Anampses cuvier,1.30E-05,3.19
Anampses elegans,0.01,3.06
Anampses femininus,0.019391184,3.19
Anampses geographicus,0.016304701,2.926355512
Anampses lennardi,0.01995,3.01
Anampses lineatus,0.01,3.06
Anampses melanurus,1.530273846,1.530273846
Anampses meleagrides,0.016304701,2.926355512
Anampses neoguinaicus,0.017536467,2.880903675
Anampses sp,0.017536467,2.880903675
Anampses twistii,0.625153419,2.287193743
Anarrhichthys ocellatus,0.00398,3.17
Anisotremus caesius,0.0166,3.03
Anisotremus interruptus,0.0569,2.91
Anisotremus moricandi,1.01E-05,3.1674
Anisotremus scapularis,0.01202,3
Anisotremus surinamensis,2.39E-06,3.3916
Anisotremus taeniatus,0.0166,3.03
Anisotremus virginicus,1.01E-05,3.1674
Antennarius multiocellatus,0.0236,3.293
Anyperodon leucogrammicus,0.004248776,3.329031025
Aphareus furca,0.016736035,3.022152377
Aphareus rutilans,0.01585,2.95
Aplodactylus etheridgii,0.00479,3.14
Apogon affinis,2.28E-05,2.9434
Apogon americanus,2.28E-05,2.9434
Apogon angustatus,0.004929367,3.780060935
Apogon apogonides,0.00646,3.19
Apogon apogonoides,0.00646,3.19
Apogon atradorsatus,0.0304,3.03
Apogon atricaudus,0.01047,3.1
Apogon aureus,0.006371984,3.508710374
Apogon binotatus,0.013085,3.0865
Apogon capricornis,0.01096,3.11
Apogon chrysotaenia,0.01096,3.11
Apogon coccineus,0.01544933,3.121264237
Apogon compressus,0.018548308,2.984148205
Apogon cookii,0.005758645,3.689138439
Apogon cyanosoma,0.007380934,3.563283922
Apogon doederleini,0.01413,3.16
Apogon dovii,0.01047,3.1
Apogon erythrinus,9.20E-06,3.27
Apogon exostigma,0.016350922,3.068793136
Apogon flavus,0.01096,3.11
Apogon fraenatus,0.013015533,3.165288184
Apogon fragilis,0.01544933,3.121264237
Apogon fuscus,0.040677193,2.69862559
Apogon gilberti,0.01544933,3.121264237
Apogon guamensis,0.01544933,3.121264237
Apogon imberbis,2.28E-05,2.9434
Apogon kallopterus,2.80E-05,3.03
Apogon lachneri,0.01047,3.1
Apogon leptacanthus,0.01544933,3.121264237
Apogon limenus,0.01096,3.11
Apogon maculatus,0.012965,3.0815
Apogon multilineatus,0.00646,3.19
Apogon nigrofasciatus,0.01096,3.11
Apogon norfolcensis,0.012148768,3.193543794
Apogon novemfasciatus,0.008627678,3.413551801
Apogon pacificus,0.01023,3.09
Apogon pseudomaculatus,2.28E-05,2.9434
Apogon quadrisquamatus,0.0157,3.073
Apogon retrosella,0.01122,3.12
Apogon semiornatus,0.01549,3.06
Apogon sp,0.01096,3.11
Apogon sp,2.28E-05,2.9434
Apogon townsendi,0.013085,3.0865
Apogon trimaculatus,0.021736421,2.971423817
Apogon urostigma,0.01096,3.11
Apogon zoramia,0.01096,3.11
Apogonichthyoides pseudotaeniatus,0.01096,3.11
Apogonichthyoides timorensis,0.01096,3.11
Apolemichthys trimaculatus,0.0302,2.89
Apolemichthys xanthotis,0.0302,2.89
Aprion virescens,0.022966753,2.886269439
Apsilus fuscus,0.0093,2.88
Apterichtus equatorialis,0.00138,2.92
Archamia bleekeri,0.01549,3.06
Archamia fucata,0.008914977,3.322777975
Archamia leai,0.007229283,3.479846469
Archamia macroptera,0.01549,3.06
Archamia zosterophora,0.008349154,3.395343626
Archosargus rhomboidalis,0.0215,2.96
Arothron caeruleopunctatus,0.02692,2.88
Arothron hispidus,0.057,2.801
Arothron immaculatus,0.035097602,2.844642684
Arothron manilensis,0.027803823,2.87855598
Arothron mappa,0.02692,2.88
Arothron meleagris,0.057,2.801
Arothron nigropunctatus,0.977113867,1.932477362
Arothron sp,0.027803823,2.87855598
Arothron stellatus,0.04467,2.85
Aspidontus dussumieri,0.0055,3.05
Aspidontus taeniatus,0.003838169,3.475321413
Assessor flavissimus,0.00468,3.18
Assessor macneilli,0.01096,2.98
Asterropteryx atripes,0.00589,3.1
Asterropteryx semipunctata,1.552945,1.552945
Asterropteryx striata,0.00589,3.1
Astroscopus zephyreus,0.00447,3.14
Atherinomorus stipes,0.0079,3.1938
Atherinomorus vaigiensis,0.00525,3.11
Atrosalarias fuscus,0.014905494,3.017856658
Atrosalarias holomelas,0.01023,3.01
Atule mate,0.0153521,2.954356517
Atypichthys latus,0.02291,2.99
Atypichthys strigatus,0.02291,2.99
Aulostomus chinensis,2.00E-04,3.5144
Aulostomus maculatus,1.048746667,2.002746667
Aulostomus strigosus,0.00122,3.327
Auxis thazard,0.00955,3.06
Axoclinus cocoensis,0.0078,3.04855
Axoclinus lucillae,0.0055,3.08
Axoclinus rubinoffi,0.0055,3.08
Axoclinus storeyae,0.0055,3.08
Balistapus undulatus,0.017058814,3.261009335
Balistes capriscus,0.02221,2.921
Balistes polylepis,0.0493,2.805
Balistes punctatus,0.024,2.942
Balistes vetula,0.0205,3.064
Balistoides conspicillum,0.021567869,3.032746539
Balistoides viridescens,0.025300575,3.006641192
Bathygobius soporator,0.0109,3.09
Bathygobius sp,0.0109,3.09
Bathystethus cultratus,0.01514,3
Belon NA,0.00102,3.04
Belonoperca chabanaudi,0.01,3.23
Blenniella chrysospilos,1.503705,1.503705
Blenniella gibbifrons,2.57E-05,2.91
Blenny species,0.0101,3.0171
Bodianus albotaeniatus,0.01349,3.05
Bodianus anthioides,0.01081521,3.173051905
Bodianus axillaris,0.011281303,3.141525476
Bodianus bilunulatus,2.30E-05,3.1
Bodianus diana,0.01,3.17
Bodianus dictynna,0.01349,3.05
Bodianus diplotaenia,0.029045,2.905
Bodianus eclancheri,0.01349,3.05
Bodianus insularis,0.0446,2.76
Bodianus loxozonus,0.01081521,3.173051905
Bodianus mesothorax,0.012152605,3.111525953
Bodianus perditio,0.01,3.15
Bodianus pulchellus,0.029045,2.905
Bodianus rufus,0.780798392,2.219273392
Bodianus sp,0.01349,3.05
Bodianus speciosus,0.0446,2.76
Bolbometopon muricatum,0.018183484,3.010341168
Bothus leopardinus,0.01122,2.99
Bothus lunatus,6.35E-06,3.1894
Bothus mancus,5.37E-05,2.8
Bothus ocellatus,6.35E-06,3.1894
Bothus pantherinus,0.005554514,3.410419625
Brotula multibarbata,0.0038,3.13
Bryaninops amplus,0.00589,3.1
Bryaninops erythrops,0.00589,3.1
Bryaninops loki,0.00589,3.1
Bryaninops natans,0.017945,2.86
Bryaninops nexus,0.00589,3.1
Bryaninops yongei,0.00589,3.1
Caesio caerulaurea,0.019962387,2.991405691
Caesio cuning,0.015361285,3.100666217
Caesio lunaris,0.00928912,3.252730667
Caesio sp,0.01259,3.09
Caesio sp1,0.01259,3.09
Caesio suevica,0.01259,3.09
Caesio teres,0.00928912,3.252730667
Caesio varilineata,0.01259,3.09
Caesio xanthonota,0.01093956,3.171365334
Calamus bajonado,0.02754,2.91
Calamus brachysomus,1.476789661,1.476789661
Calamus calamus,6.78E-05,2.8009
Calamus penna,0.0221,2.99
Calamus pennatula,0.01911,3.025
Calamus proridens,0.02754,2.91
Calamus taurinus,0.02239,2.94
Callionymus bairdi,2.97E-07,3.84
Callogobius sclateri,0.026387532,2.622565603
Calloplesiops altivelis,0.01995,3.01
Calotomus carolinus,0.022236967,2.970682336
Calotomus spinidens,0.017128484,3.050341168
Calotomus viridescens,0.01995,3.01
Cantherhines dumerilii,0.0561,2.653
Cantherhines fronticinctus,0.02188,2.91
Cantherhines longicaudus,0.113562278,2.59
Cantherhines macroceros,0.000124825,2.6534
Cantherhines macrocerus,0.02399,2.88
Cantherhines pardalis,0.01738,2.91
Cantherhines pullus,0.000186982,2.5632
Cantherhines rapanui,0.0406,2.79
Cantherhines sandwichiensis,0.00029,2.59
Cantheschenia grandisquamis,0.02188,2.91
Canthidermis maculata,0.03315,2.866
Canthidermis sufflamen,1.55E-05,3.0554
Canthigaster amboinensis,0.042376622,2.822020793
Canthigaster axiologus,0.02818,2.94
Canthigaster bennetti,0.035278311,2.881010397
Canthigaster callisterna,0.02818,2.94
Canthigaster capistrata,0.03024,2.94665
Canthigaster compressa,0.03715,2.95
Canthigaster coronata,0.00025,2.63
Canthigaster epilampra,0.02818,2.94
Canthigaster figueiredoi,0.03024,2.94665
Canthigaster jactator,0.00025,2.63
Canthigaster janthinoptera,0.035111656,2.890207698
Canthigaster natalensis,0.02818,2.94
Canthigaster ocellicincta,0.04,2.82
Canthigaster papua,0.03548,2.92
Canthigaster punctatissima,0.021845,3.009405
Canthigaster rostrata,0.02394,2.9287
Canthigaster smithae,0.02818,2.94
Canthigaster solandri,0.029890644,2.978805797
Canthigaster sp,0.02818,2.94
Canthigaster supramacula,0.0323,2.9533
Canthigaster tyleri,0.02818,2.94
Canthigaster valentini,0.035624374,2.924397808
Caracanthus maculatus,1.021216667,2.009983333
Caracanthus madagascariensis,0.01995,3.01
Caracanthus typicus,0.00023984,2.79
Caracanthus unipinna,0.01995,3.01
Carangoides bajad,0.01175,2.91
Carangoides bartholomaei,3.20E-05,2.9085
Carangoides chrysophrys,0.023548574,2.905974475
Carangoides ferdau,0.030972833,2.890577716
Carangoides fulvoguttatus,0.0195,2.92
Carangoides gymnostethus,0.02455,2.92
Carangoides oblongus,0.01862,2.94
Carangoides orthogrammus,0.015592989,3.025617907
Carangoides plagiotaenia,0.04,2.81
Carangoides ruber,0.01174,2.849
Caranx caballus,0.02031,2.9925
Caranx caninus,0.02138,3
Caranx crysos,0.038833333,2.744333333
Caranx heberi,0.020259898,2.941394346
Caranx ignobilis,0.016383141,3.058693265
Caranx latus,0.01999,2.90315
Caranx lugubris,0.0187,2.9
Caranx melampygus,0.027065284,3.00036304
Caranx papuensis,0.020259898,2.941394346
Caranx ruber,4.28E-06,3.237
Caranx sexfasciatus,0.0329,2.885
Caranx sp,0.020259898,2.941394346
Caranx tille,0.020259898,2.941394346
Carcharhinus albimarginatus,0.006848313,3.07
Carcharhinus amblyrhynchos,7.84E-06,3.05
Carcharhinus galapagensis,0.008796625,3.05
Carcharhinus melanopterus,1.034029053,2.202850566
Carcharhinus perezii,1.00E-04,4.268
Carcharias taurus,0.01072,3.03
Caulolatilus princeps,1.519478115,1.519478115
Centropomus undecimalis,0.0104,2.91
Centropyge acanthops,0.0302,2.89
Centropyge argi,0.0308,2.84475
Centropyge aurantonotus,0.092,2.458
Centropyge bicolor,0.761718227,2.014831567
Centropyge bispinosa,0.062154844,2.60399343
Centropyge eibli,0.0302,2.89
Centropyge ferrugata,0.0302,2.89
Centropyge fisheri,0.00035,2.63
Centropyge flavissima,0.074481017,2.576934376
Centropyge heraldi,0.761718227,2.014831567
Centropyge hotumatua,0.059733333,2.6823
Centropyge joculator,0.0302,2.89
Centropyge loricula,0.149302832,2.63
Centropyge multispinis,0.0302,2.89
Centropyge nox,0.0302,2.89
Centropyge potteri,0.00035,2.63
Centropyge tibicen,0.041555348,2.822256905
Centropyge vrolicki,0.074481017,2.576934376
Centropyge vrolikii,0.0302,2.89
Cephalopholis argus,0.009292998,3.180742513
Cephalopholis boenak,0.01288,3.05
Cephalopholis colonus,0.0252,2.79
Cephalopholis cruentata,0.01166,3.076
Cephalopholis cyanostigma,0.01622,3.07
Cephalopholis formosa,0.00871,2.99
Cephalopholis fulva,0.012933333,3.049333333
Cephalopholis furcifer,0.0149,2.8633
Cephalopholis hemistiktos,1.535877722,1.535877722
Cephalopholis leopardus,1.02773753,2.060367276
Cephalopholis microprion,0.014028573,3.104673192
Cephalopholis miniata,0.010985258,3.088033549
Cephalopholis nigri,0.0114,3.128
Cephalopholis nigripinnis,0.012933333,3.049333333
Cephalopholis panamensis,0.0217,3.035
Cephalopholis sexmaculata,1.535877722,1.535877722
Cephalopholis sonnerati,0.01349,3.1
Cephalopholis sp,0.012933333,3.049333333
Cephalopholis spiloparaea,0.013075,3.09705
Cephalopholis taeniops,0.0067,3.2384
Cephalopholis urodeta,0.024615715,2.873875176
Cetoscarus bicolor,1.028788989,2.011604112
Cetoscarus ocellatus,0.018183484,3.010341168
Chaenomugil proboscideus,0.01148,2.97
Chaenopsis limbaughi,0.0077,2.962
Chaenopsis ocellata,0.0077,2.962
Chaenopsis sp,0.0077,2.962
Chaetodipterus faber,0.036938773,2.732666667
Chaetodipterus zonatus,0.01479,2.89
Chaetodon adiergastos,0.02291,3.01
Chaetodon andamanensis,0.02291,3.01
Chaetodon argentatus,0.02291,3.01
Chaetodon assarius,0.02291,3.01
Chaetodon aureofasciatus,0.02291,3.01
Chaetodon auriga,0.040397085,2.829430605
Chaetodon auripes,0.02291,3.01
Chaetodon austriacus,0.02291,3.01
Chaetodon baronessa,0.034224055,2.912079298
Chaetodon bennetti,0.033594988,2.921692887
Chaetodon blackburnii,0.02291,3.01
Chaetodon capistratus,0.03606,2.975
Chaetodon citrinellus,0.032736248,2.871379252
Chaetodon collare,0.02291,3.01
Chaetodon decussatus,1.517747353,1.517747353
Chaetodon dolosus,0.02291,3.01
Chaetodon ephippium,0.022485473,3.060921521
Chaetodon falcula,0.02291,3.01
Chaetodon fasciatus,0.02291,3.01
Chaetodon flavirostris,0.025448877,3.074082497
Chaetodon fremblii,9.50E-05,2.84
Chaetodon guentheri,0.02291,3.01
Chaetodon guttatissimus,0.02291,3.01
Chaetodon humeralis,0.02188,3.01
Chaetodon interruptus,0.02291,3.01
Chaetodon kleinii,0.045008109,2.814158595
Chaetodon lineolatus,0.069264822,2.621506842
Chaetodon litus,0.024805,3.03
Chaetodon lunula,0.045008109,2.814158595
Chaetodon lunulatus,0.031101049,2.975659108
Chaetodon madagaskariensis,0.02291,3.01
Chaetodon melannotus,0.026534465,3.032866667
Chaetodon mertensii,0.010328932,3.612127355
Chaetodon meyeri,0.02291,3.01
Chaetodon miliaris,7.70E-05,2.89
Chaetodon mitratus,0.02291,3.01
Chaetodon multicinctus,4.90E-05,3.01
Chaetodon ocellatus,3.30E-05,2.9838
Chaetodon ocellicaudus,0.02291,3.01
Chaetodon octofasciatus,0.02291,3.01
Chaetodon ornatissimus,0.045008109,2.814158595
Chaetodon oxycephalus,0.02291,3.01
Chaetodon paucifasciatus,0.02291,3.01
Chaetodon pelewensis,0.017886555,3.228296843
Chaetodon plebeius,0.048386869,2.70927234
Chaetodon punctatofasciatus,0.02291,3.01
Chaetodon quadrimaculatus,2.90E-05,3.16
Chaetodon rafflesii,0.033959055,2.912079298
Chaetodon rainfordi,0.02291,3.01
Chaetodon reticulatus,0.045008109,2.814158595
Chaetodon robustus,2.11E-05,3.076
Chaetodon sedentarius,2.11E-05,3.076
Chaetodon semeion,0.033959055,2.912079298
Chaetodon semilarvatus,0.02291,3.01
Chaetodon smithi,0.0533,2.833
Chaetodon sp,0.02291,3.01
Chaetodon speculum,0.054023697,2.784340793
Chaetodon striatus,0.02453,3.05
Chaetodon triangulum,0.02291,3.01
Chaetodon trichrous,0.02291,3.01
Chaetodon tricinctus,0.02291,3.01
Chaetodon trifascialis,0.025718998,2.966359021
Chaetodon trifasciatus,0.02344,3.06
Chaetodon ulietensis,0.028540394,2.899559142
Chaetodon unimaculatus,0.053302895,2.833278557
Chaetodon vagabundus,0.025901775,2.9778216
Chaetodon wiebeli,0.02291,3.01
Chaetodon xanthocephalus,0.02291,3.01
Chaetodon xanthurus,0.02291,3.01
Chaetodon zanzibarensis,0.02291,3.01
Chaetodontoplus conspicillatus,0.0302,2.89
Chaetodontoplus duboulayi,0.0302,2.89
Chaetodontoplus meredithi,0.0302,2.89
Chaetodontoplus mesoleucus,0.0302,2.89
Chaetodontoplus personifer,0.0302,2.89
Channomuraena vittata,7.00E-04,3.24
Chanos chanos,0.00474,3.38911
Cheilinus abudjubbe,0.01995,2.99
Cheilinus chlorourus,0.019448186,2.977717223
Cheilinus fasciatus,1.004035611,2.018171834
Cheilinus lunulatus,0.01995,2.99
Cheilinus oxycephalus,0.017496093,3.022638982
Cheilinus sp,0.01995,2.99
Cheilinus trilobatus,0.018427562,3.039823326
Cheilinus undulatus,0.012266525,3.088734041
Cheilio inermis,0.003490727,3.081569135
Cheilodactylus ephippium,0.01202,3.02
Cheilodactylus francisi,0.01,3.04
Cheilodactylus vestitus,0.01202,3.02
Cheilodactylus vittatus,0.01202,3.02
Cheilodipterus arabicus,0.008255774,0.008255774
Cheilodipterus artus,0.008624944,3.365080761
Cheilodipterus intermedius,0.00646,3.19
Cheilodipterus isostigmus,0.00646,3.19
Cheilodipterus lachneri,0.006698523,3.543885837
Cheilodipterus macrodon,0.008849645,3.301402284
Cheilodipterus parazonatus,0.00646,3.19
Cheilodipterus quinquelineatus,0.016071637,2.999229198
Cheilodipterus singapurensis,0.00724,3.3
Cheiloprion labiatus,0.02,3.19
Chelmon marginalis,0.02188,3.02
Chelmon rostratus,0.01148,3.09
Chelmonops truncatus,0.02188,3.02
Chelon bispinosus,0.0108,2.948
Chilomycterus affinis,0.0309,2.89
Chilomycterus antennatus,0.0309,2.89
Chilomycterus reticulatus,0.212301779,2.486666667
Chilomycterus spinosus,0.254005337,2.38
Chiloscyllium punctatum,0.00355,3.14
Chironemus marmoratus,0.01023,3.05
Chloroscombrus chrysurus,0.007828378,3.109
Chlorurus atrilunula,0.01413,3.05
Chlorurus bleekeri,0.023141939,2.983231562
Chlorurus bowersi,0.00741,3.11
Chlorurus capistratoides,0.01413,3.05
Chlorurus frontalis,0.023373877,2.956463124
Chlorurus gibbus,0.01413,3.05
Chlorurus japanensis,0.01413,3.05
Chlorurus microrhinos,0.024694091,2.955475758
Chlorurus perspicillatus,4.60E-05,2.98
Chlorurus rhakoura,0.01413,3.05
Chlorurus sordidus,0.024311416,2.969306281
Chlorurus spilurus,0.01413,3.05
Chlorurus strongylocephalus,0.01413,3.05
Choerodon anchorago,0.02138,3.11
Choerodon cauteroma,0.01698,3.03
Choerodon cephalotes,0.01349,3.05
Choerodon cyanodus,0.01349,3.05
Choerodon fasciatus,0.01430055,3.086241249
Choerodon graphicus,0.01605004,3.075987793
Choerodon jordani,0.01430055,3.086241249
Choerodon monostigma,0.01349,3.05
Choerodon rubescens,0.01698,3.03
Choerodon schoenleinii,1.531738066,1.531738066
Choerodon vitta,0.01349,3.05
Chromileptes altivelis,0.01318,3.14
Chromis abrupta,0.0182,3
Chromis acares,0.02,3.18
Chromis agilis,0.022859092,3.17522814
Chromis alpha,0.02,3.18
Chromis alta,0.0182,3
Chromis amboinensis,0.022859092,3.17522814
Chromis analis,0.0182,3
Chromis atrilobata,0.02286,3.17523
Chromis atripectoralis,0.017909534,3.290729357
Chromis atripes,1.011566971,2.062356654
Chromis bami,0.045930149,2.99
Chromis caudalis,0.0182,3
Chromis chrysura,0.022822996,3.222324262
Chromis cinerascens,0.01479,2.99
Chromis crusma,0.0182,2.94
Chromis cyanea,0.017595,2.9737
Chromis dasygenys,0.0182,3
Chromis delta,0.0182,3
Chromis dimidiata,0.0182,3
Chromis elerae,0.01479,2.99
Chromis flavaxilla,0.0182,3
Chromis flavicauda,0.0052,3.4166
Chromis flavipectoralis,0.0182,3
Chromis flavomaculata,0.022859092,3.17522814
Chromis fumea,0.014440366,3.351374902
Chromis hanui,4.70E-05,2.99
Chromis hypsilepis,0.01479,2.99
Chromis insolata,0.01479,2.99
Chromis iomelas,0.015048996,3.382927044
Chromis jubauna,0.0052,3.4166
Chromis lepidolepis,0.194983801,1.9385
Chromis limbata,0.014495,3.024
Chromis limbaughi,0.01622,2.97
Chromis lineata,0.0182,3
Chromis lubbocki,0.0052,3.4166
Chromis margaritifer,0.022859092,3.17522814
Chromis multilineata,0.013463333,3.1212
Chromis nigrura,1.505920911,1.505920911
Chromis nitida,0.01479,2.99
Chromis notata,0.0182,3
Chromis opercularis,0.01479,2.99
Chromis ovalis,4.70E-05,2.99
Chromis pamae,0.0179,3.2907
Chromis pelloura,0.0182,3
Chromis pembae,0.0182,3
Chromis randalli,0.0179,3.29
Chromis retrofasciata,0.018999546,3.05261407
Chromis scotochiloptera,0.0182,3
Chromis scotti,0.0182,3
Chromis sp,0.0182,3
Chromis ternatensis,0.015971468,3.408002672
Chromis vanderbilti,0.022859092,3.17522814
Chromis verater,4.70E-05,2.99
Chromis viridis,0.035072347,2.899651752
Chromis weberi,1.011566971,2.062356654
Chromis xanthochira,0.020529546,3.08761407
Chromis xanthura,0.022859092,3.17522814
Chromis xutha,0.0182,3
Chrysiptera biocellata,0.025946838,2.926389596
Chrysiptera bleekeri,0.01479,2.99
Chrysiptera brownriggii,0.020368419,2.958194798
Chrysiptera caesifrons,0.02239,2.99
Chrysiptera cyanea,0.022395,2.96
Chrysiptera cymatilis,0.022395,2.96
Chrysiptera flavipinnis,0.01479,2.99
Chrysiptera galba,0.025946838,2.926389596
Chrysiptera glauca,0.763003371,2.232689061
Chrysiptera hemicyanea,0.01479,2.99
Chrysiptera notialis,0.01479,2.99
Chrysiptera oxycephala,0.02239,2.99
Chrysiptera parasema,0.01479,2.99
Chrysiptera rapanui,0.022,3
Chrysiptera rex,0.03,2.93
Chrysiptera rollandi,0.025946838,2.926389596
Chrysiptera springeri,0.02239,2.99
Chrysiptera starcki,0.03,2.93
Chrysiptera talboti,0.01479,2.99
Chrysiptera taupou,0.021988607,3.001146438
Chrysiptera traceyi,0.01479,2.99
Chrysiptera tricincta,0.020368419,2.958194798
Chrysiptera unimaculata,0.020368419,2.958194798
Cirrhilabrus beauperryi,0.01995,2.99
Cirrhilabrus cyanopleura,0.01698,2.95
Cirrhilabrus exquisitus,0.01349,3.065
Cirrhilabrus flavidorsalis,0.01698,2.95
Cirrhilabrus katherinae,0.01698,2.95
Cirrhilabrus laboutei,0.01349,3.065
Cirrhilabrus lineatus,0.01698,2.95
Cirrhilabrus punctatus,0.012549782,3.102549894
Cirrhilabrus randalli,0.01,3.04
Cirrhilabrus scottorum,0.01539,2.984
Cirrhilabrus solorensis,0.01698,2.95
Cirrhilabrus sp,0.01698,2.95
Cirrhilabrus temminckii,0.01698,2.95
Cirrhilabrus walindi,0.01698,2.95
Cirrhitichthys aprinus,0.01585,3.01
Cirrhitichthys falco,0.008106192,3.419631433
Cirrhitichthys oxycephalus,0.008565,3.43463
Cirrhitops fasciatus,3.70E-06,3.52
Cirrhitops hubbardi,0.0123,3.52
Cirrhitus atlanticus,9.62E-07,3.4266
Cirrhitus pinnulatus,1.80E-05,3.19
Cirrhitus rivulatus,0.866646468,1.853246468
Cirripectes alboapicalis,0.012855,2.985
Cirripectes alleni,0.01023,3.01
Cirripectes auritus,0.00741,3
Cirripectes castaneus,0.01022556,3.07482795
Cirripectes chelomatus,0.00933,3.04
Cirripectes filamentosus,0.008705,3.075
Cirripectes fuscoguttatus,0.009022146,3.008181818
Cirripectes hutchinsi,0.01023,3.01
Cirripectes polyzona,1.010081694,2.055619955
Cirripectes sp,0.009022146,3.008181818
Cirripectes springeri,0.01023,3.01
Cirripectes stigmaticus,0.016177346,2.97950139
Cirripectes vanderbilti,2.57E-05,2.91
Cirripectes variolosus,0.0209,2.91
Clepticus africanus,0.0446,2.76
Clepticus brasiliensis,0.0446,2.76
Clepticus parrae,0.011525,3.0465
Clupeidae unk,9.00E-04,3.62
Cnidoglanis macrocephalus,0.00457,3.07
Conger triporiceps,2.00E-04,3.41
Congrogadus subducens,0.00389,3.12
Coradion altivelis,0.031965474,2.933665883
Coradion chrysozonus,0.02089,3
Coralliozetus springeri,0.00468,3.08
Coris atlantica,0.0058,3.175
Coris auricularis,0.01,3.06
Coris aurilineata,0.01,3.06
Coris aygula,0.004483244,3.365714972
Coris batuensis,0.008250421,3.1572069
Coris bulbifrons,0.01,3.06
Coris caudimacula,0.01,3.06
Coris centralis,0.00389,3.11
Coris cuvieri,0.01,3.06
Coris debueni,0.013785,3.21
Coris dorsomacula,0.008833614,3.188137933
Coris flavovittata,5.50E-06,3.29
Coris formosa,0.01,3.06
Coris gaimard,0.006500842,3.254413799
Coris hewetti,0.01,3.06
Coris picta,0.005195421,3.1822069
Coris pictoides,0.01,3.06
Coris roseoviridis,0.00825,3.157205
Coris sandeyeri,0.01,3.06
Coris sp,0.01,3.06
Coris venusta,8.50E-06,3.21
Coryphopterus dicrus,0.016563333,2.936666667
Coryphopterus eidolon,0.021705,2.875
Coryphopterus glaucofraenum,0.016853333,2.92
Coryphopterus hyalinus,0.00589,3.1
Coryphopterus lipernes,0.021705,2.875
Coryphopterus personatus,0.00891,3.07
Coryphopterus sp,0.016563333,2.936666667
Coryphopterus sp,0.0093,3.03
Coryphopterus tortugae,0.00589,3.1
Coryphopterus urospilus,0.00759,3.16
Corythoichthys conspicillatus,0.00049,3.1
Corythoichthys haematopterus,0.000745683,3.05
Corythoichthys intestinalis,0.000745683,3.05
Corythoichthys ocellatus,0.00049,3.1
Corythoichthys schultzi,1.550245,1.550245
Corythoichthys sp,0.000745683,3.05
Corythoichthys spx,0.000745683,3.05
Corythoichthys spz,0.000745683,3.05
Cosmocampus albirostris,3.00E-04,3.156
Cosmocampus elucens,0.000545,3.05
Cratinus agassizii,0.01072,3.06
Crenimugil crenilabis,0.014284296,3.018187483
Cromileptes altivelis,0.096187274,2.489277437
Crossosalarias macrospilus,0.004793169,3.450321413
Cryptocentrus caeruleomaculatus,0.00589,3.1
Cryptocentrus cinctus,0.016138766,2.861282802
Cryptocentrus fasciatus,0.00589,3.1
Cryptocentrus leptocephalus,0.00891,3.07
Cryptocentrus polyophthalmus,0.00589,3.1
Cryptocentrus sp,0.00891,3.07
Cryptocentrus strigilliceps,0.016138766,2.861282802
Cryptotomus roseus,0.02915,3.2286
Ctenochaetus binotatus,0.039156835,2.874628814
Ctenochaetus cyanocheilus,0.04,2.87
Ctenochaetus flavicauda,0.02371,3.05581
Ctenochaetus hawaiiensis,3.60E-05,3.12
Ctenochaetus marginatus,0.0137,3.083
Ctenochaetus sp,0.02239,2.98
Ctenochaetus striatus,0.02313218,3.063472078
Ctenochaetus strigosus,0.023712333,3.055814451
Ctenochaetus tominiensis,0.02239,2.98
Ctenochaetus truncatus,0.02239,2.98
Ctenogobiops aurocingulus,0.00589,3.1
Ctenogobiops crocineus,0.00589,3.1
Ctenogobiops feroculus,0.017945,2.86
Ctenogobiops maculosus,0.00589,3.1
Ctenogobiops mitodes,0.00589,3.1
Ctenogobiops pomastictus,0.00589,3.1
Ctenogobiops sp,0.00589,3.1
Ctenogobiops tangaroai,0.00589,3.1
Ctenogobius saepepallens,0.0213,2.825
Cybiosarda elegans,1.530644667,1.530644667
Cyclichthys orbicularis,0.0309,2.89
Cyclichthys spilostylus,0.0309,2.89
Cymbacephalus beauforti,0.00562,3.08
Cymbacephalus staigeri,0.00562,3.08
Cymolutes lecluse,2.35E-05,2.98
Cymolutes praetextatus,0.00389,3.12
Cypho purpurascens,0.007419617,3.122416049
Cypho zaps,0.0049,3.1
Cyprinocirrhites polyactis,0.01585,3.01
Dactylopterus volitans,0.0851,2.424
Dactylopus dactylopus,0.00794,2.83
Dascyllus albisella,1.70E-05,3.32
Dascyllus aruanus,0.04150671,2.988875406
Dascyllus carneus,0.01479,2.99
Dascyllus flavicaudus,0.03132,3.04325
Dascyllus marginatus,1.507513059,1.507513059
Dascyllus melanurus,0.02239,2.99
Dascyllus reticulatus,0.031105228,3.132714309
Dascyllus sp,0.02239,2.99
Dascyllus strasburgi,0.02239,2.99
Dascyllus trimaculatus,0.031324286,3.043250679
Dasyatis americana,1.03883,1.950863333
Dasyatis brevicaudata,0.01259,3.03
Dasyatis brevis,1.521295,1.521295
Dasyatis centroura,0.01259,3.03
Dasyatis kuhlii,0.009202872,3.357203047
Dasyatis longa,0.01259,3.03
Dasyatis thetidis,1.521295,1.521295
Decapterus macarellus,0.0078,3.14
Decapterus punctatus,0.01148,2.98
Dendrochirus barberi,4.04E-05,3
Dendrochirus zebra,0.023643638,2.893294004
Dermatolepis dermatolepis,0.988279945,1.982613279
Dermatolepis inermis,0.0015,3.551
Dermatolepis striolata,0.988279945,1.982613279
Diademichthys lineatus,0.01428269,3.05
Diagramma labiosum,0.01995,2.96
Diagramma melanacrum,0.01259,3.01
Diagramma pictum,0.01995,2.96
Diapterus auratus,0.009599925,3.109
Didogobius amicuscaridis,0.0109,3.09
Diodon holacanthus,0.04551884,2.864598999
Diodon holocanthus,0.000638557,2.3979
Diodon hystrix,0.002819681,2.2763
Diodon liturosus,0.0309,2.89
Diodon sp,0.0309,2.89
Diplectrum bivittatum,0.00933,3.09
Diplectrum formosum,0.010684085,3.067
Diplectrum pacificum,0.01,3.15
Diplectrum radiale,0.010684085,3.067
Diplodus argenteus,0.011295,3.105
Diplodus fasciatus,0.059,2.7
Diplodus prayensis,0.0813,2.59
Diplodus sargus,0.0111,3.181
Diplogrammus goramensis,0.00794,2.83
Diplogrammus pauciradiatus,0.00794,2.83
Diploprion bifasciatum,0.013321184,3.158747866
Diproctacanthus xanthurus,0.00933,3.05
Dischistodus chrysopoecilus,0.01479,2.99
Dischistodus darwiniensis,0.01,3.04
Dischistodus melanotus,0.0397,2.943
Dischistodus perspicillatus,0.01479,2.99
Dischistodus prosopotaenia,0.01479,2.99
Dischistodus pseudochrysopoecilus,0.01479,2.99
Discotrema crinophilum,0.0055,3.1
Doratonotus megalepis,0.007675,3.1125
Doryrhamphus dactyliophorus,0.001001365,3
Doryrhamphus excisus,0.00071,3.14
Dules auriga,6.39E-06,3.206
Dunckerocampus dactyliophorus,0.00049,3.1
Echeneis naucrates,0.04350161,2.873596411
Echeneis neucratoides,0.00275,3.15
Echidna catenata,0.000873333,3.140666667
Echidna nebulosa,6.70E-07,3.21
Echidna nocturna,0.00112,3.07
Ecsenius aequalis,0.013705,2.79
Ecsenius alleni,0.00741,3
Ecsenius australianus,0.00741,3
Ecsenius bandanus,0.00741,3
Ecsenius bathi,0.00741,3
Ecsenius bicolor,0.016022266,2.721535791
Ecsenius dentex,0.00741,3
Ecsenius fijiensis,0.00741,3
Ecsenius fourmanoiri,0.00741,3
Ecsenius frontalis,0.00741,3
Ecsenius gravieri,0.00741,3
Ecsenius lineatus,0.00741,3
Ecsenius lividanalis,0.00741,3
Ecsenius mandibularis,0.00741,3
Ecsenius midas,0.015644816,2.792036405
Ecsenius minutus,0.00741,3
Ecsenius nalolo,0.00741,3
Ecsenius namiyei,0.00741,3
Ecsenius oculatus,0.00741,3
Ecsenius pictus,0.00741,3
Ecsenius prooculis,0.00741,3
Ecsenius schroederi,0.00741,3
Ecsenius sp,0.00741,3
Ecsenius stictus,0.00741,3
Ecsenius stigmatura,0.00741,3
Ecsenius tigris,0.00741,3
Ecsenius trilineatus,0.00741,3
Ecsenius yaeyamaensis,0.00741,3
Elacatinus chancei,0.008,3.137
Elacatinus dilepis,0.006945,3.1185
Elacatinus evelynae,0.006945,3.1185
Elacatinus figaro,5.83E-06,3.137
Elacatinus genie,0.00891,3.07
Elacatinus horsti,0.00891,3.07
Elacatinus inornatus,0.00813,3.17
Elacatinus lobeli,0.00891,3.07
Elacatinus louisae,0.008,3.137
Elacatinus oceanops,0.00871,3.08
Elacatinus phthirophagus,5.83E-06,3.137
Elacatinus pridisi,5.83E-06,3.137
Elacatinus prochilos,0.00589,3.1
Elacatinus puncticulatus,0.00676,3.1
Elacatinus randalli,0.00589,3.1
Elacatinus saucrus,0.00589,3.1
Elacatinus sp,0.00676,3.1
Elacatinus xanthiprora,0.00891,3.07
Elagatis bipinnulata,0.01223,2.9
Eleotrica cableae,0.00589,3.1
Elops affinis,0.01,3.02
Emblemariopsis ramirezi,0.00468,3.08
Emblemariopsis signifer,8.41E-06,2.9625
Emblemariopsis sp,0.00468,3.08
Emblemariopsis sp,8.41E-06,2.9625
Emmelichthyops atlanticus,0.00389,3.12
Enchelycore anatina,0.00173,3
Enchelycore carychroa,0.00112,3.07
Enchelycore lichenosa,0.00112,3.07
Enchelycore nigricans,0.00173,3
Enchelycore ramosa,0.00112,3.07
Enchelynassa canina,1.20E-06,3.12
Engraulis anchoita,2.54E-05,3.051
Enneanectes carminalis,0.00776,3.13
Enneapterygius atriceps,6.93E-06,3.25
Enneapterygius atrogulare,0.0055,3.08
Enneapterygius etheostomus,0.0055,3.08
Enneapterygius flavoccipitis,0.0055,3.08
Enneapterygius howensis,0.0055,3.08
Enneapterygius larsonae,0.0055,3.08
Enneapterygius mirabilis,0.0055,3.08
Enneapterygius rufopileus,0.0055,3.08
Enneapterygius similis,0.0055,3.08
Enneapterygius sp,0.0055,3.08
Enneapterygius tutuilae,0.0055,3.08
Entomacrodus marmoratus,3.01E-06,3.54
Entomacrodus sp,0.0081,3.27
Eocallionymus papilio,0.01047,3.01
Epibulus brevis,0.00389,3.12
Epibulus insidiator,0.016138369,3.081018461
Epibulus sp,0.016138369,3.081018461
Epinephelus adscensionis,0.0125,3.224
Epinephelus analogus,1.526894288,1.526894288
Epinephelus bilobatus,0.01122,3.04
Epinephelus bleekeri,0.01259,3.06
Epinephelus clippertonensis,0.01122,3.04
Epinephelus coeruleopunctatus,0.014479925,2.968899002
Epinephelus coioides,0.010688512,3.070892539
Epinephelus corallicola,1.526894288,1.526894288
Epinephelus cyanopodus,0.011005608,3.081866091
Epinephelus daemelii,0.01122,3.04
Epinephelus fasciatus,0.012351618,3.035329926
Epinephelus fuscoguttatus,0.011792239,3.043617244
Epinephelus guttatus,0.02361,2.9395
Epinephelus hexagonatus,0.011518992,3.029956927
Epinephelus howlandi,0.015578096,3.003031425
Epinephelus irroratus,0.01122,3.04
Epinephelus itajara,0.01072,3.04
Epinephelus labriformis,0.0343,2.9
Epinephelus lanceolatus,1.022008517,2.035486452
Epinephelus longispinis,0.01995,3.14
Epinephelus macrospilos,0.011714404,3.030358155
Epinephelus maculatus,0.010422277,3.050657079
Epinephelus malabaricus,0.012183448,3.050944102
Epinephelus melanostigma,0.011480883,3.042307692
Epinephelus merra,0.015648785,2.990591099
Epinephelus morio,1.13E-05,3.035
Epinephelus multinotatus,0.00955,3.01
Epinephelus octofasciatus,0.01349,3.04
Epinephelus ongus,0.015237328,2.978901649
Epinephelus polyphekadion,0.009526409,3.112879575
Epinephelus quoyanus,0.01122,3.04
Epinephelus rivulatus,0.0123,3.03
Epinephelus socialis,0.010595659,3.086143594
Epinephelus sp,0.01122,3.04
Epinephelus spilotoceps,0.009775,3.065
Epinephelus striatus,0.01346,3.025
Epinephelus tauvina,0.013295659,3.046623594
Epinephelus trimaculatus,0.01122,3.04
Epinephelus tukula,0.01479,3.05
Equetus lanceolatus,1.56E-07,3.8444
Equetus punctatus,0.004905,3.462
Eucinostomus argenteus,0.008066787,3.175
Eucinostomus melanopterus,0.010769901,3.042
Eucinostomus sp,0.008066787,3.175
Eucrossorhinus dasypogon,0.00389,3.12
Eugerres sp,0.0309,2.686
Euthynnus affinis,0.013605623,2.977952987
Euthynnus alletteratus,0.0065,3.153
Euthynnus lineatus,0.00955,3.06
Eviota albolineata,0.00589,3.1
Eviota atriventris,0.00589,3.1
Eviota bifasciata,0.016138766,2.861282802
Eviota bimaculata,0.00891,3.07
Eviota fasciola,0.00589,3.1
Eviota guttata,0.00589,3.1
Eviota hoesei,0.00891,3.07
Eviota lachdeberei,0.00589,3.1
Eviota latifasciata,0.00589,3.1
Eviota melasma,0.00589,3.1
Eviota natalis,0.00589,3.1
Eviota nigriventris,0.016138766,2.861282802
Eviota pellucida,0.00891,3.07
Eviota prasina,0.00589,3.1
Eviota prasites,0.00589,3.1
Eviota punctulata,0.00589,3.1
Eviota queenslandica,0.00589,3.1
Eviota raja,0.00589,3.1
Eviota readerae,0.00891,3.07
Eviota rubriceps,0.00589,3.1
Eviota rubrisparsa,0.00589,3.1
Eviota sebreei,0.00589,3.1
Eviota sigillata,0.00589,3.1
Eviota smaragdus,0.00891,3.07
Eviota sp,0.00589,3.1
Eviota spd,0.00589,3.1
Eviota spilota,0.00589,3.1
Eviota storthynx,0.00589,3.1
Eviota zebrina,0.00589,3.1
Exallias brevis,9.70E-07,3.84
Exyrias belissimus,0.010448229,2.95603847
Fistularia commersonii,0.0053,2.59
Fistularia petimba,0.002067251,2.921781316
Fistularia tabacaria,0.003025,2.765
Foa brachygramma,3.19E-05,2.97
Forcipiger flavissimus,0.014643173,3.17
Forcipiger longirostris,0.042050947,2.847331765
Fowleria variegata,0.01343558,3.34959001
Fusigobius aureus,0.00891,3.07
Fusigobius duospilus,0.00589,3.1
Fusigobius inframaculatus,0.00891,3.07
Fusigobius melacron,0.00589,3.1
Fusigobius neophytus,0.00891,3.07
Fusigobius signipinnis,0.00891,3.07
Fusigobius sp,0.00891,3.07
Galeocerdo cuvier,0.00398,3.15
Gazza minuta,0.032724513,2.876307282
Genicanthus caudovittatus,1.4601,1.4601
Genicanthus lamarck,0.0302,2.89
Genicanthus melanospilos,0.0302,2.89
Genicanthus semicinctus,0.0302,2.89
Genicanthus watanabei,0.044317576,2.80413885
Gerres cinereus,0.013426667,2.8864
Gerres oblongus,0.01202,3.07
Gerres ovatus,0.022926236,3.004744492
Gerres oyena,0.009452287,3.337081989
Gerres subfasciatus,0.01479,3.07
Ginglymostoma cirratum,1.35E-05,2.892
Girella cyanea,0.01549,3.03
Girella freminvillii,0.01549,3.03
Girella stuebeli,0.0227,2.983
Glaucosoma magnificum,0.01995,3.01
Glyptoparus delicatulus,0.00741,3
Gnathanodon speciosus,0.017025751,2.977481237
Gnathodentex aureolineatus,0.018039674,3.062543258
Gnatholepis anjerensis,6.90E-06,3.3
Gnatholepis cauerensis,0.014355,2.95
Gnatholepis pascuensis,0.0175,2.83
Gnatholepis species,0.0175,2.83
Gnatholepis thompsoni,6.02E-07,3.7669
Gobiidae sp,0.014164639,2.902488013
Gobiodon ceramensis,0.01995,3.01
Gobiodon citrinus,1.031349065,1.825174874
Gobiodon heterospilos,0.01995,3.01
Gobiodon histrio,0.01995,3.01
Gobiodon okinawae,0.038822846,2.72458656
Gobiodon prolixus,0.01995,3.01
Gobiodon quinquestrigatus,0.01995,3.01
Gobiodon rivulatus,1.031349065,1.825174874
Gobiodon sp,0.01995,3.01
Gobiodon spilophthalmus,0.00891,3.07
Gobius tetrophthalmus,0.0109,3.09
Gomphosus caeruleus,1.488305,1.488305
Gomphosus varius,0.024366779,2.702688094
Goniistius plessisi,0.0183,3.12
Gorgasia barnesi,0.00102,3.06
Gorgasia galzini,0.00102,3.06
Gorogobius nigricinctus,0.0109,3.09
Gorogobius stevcici,0.0109,3.09
Gracila albomarginata,0.01061,3.04
Gramma brasiliensis,0.0096,3.167
Gramma loreto,0.01201,3.038
Gramma melacara,0.01201,3.038
Grammatorcynus bicarinatus,1.442741818,1.442741818
Grammatorcynus bilineatus,1.442741818,1.442741818
Grammistes sexlineatus,0.95906202,2.032845047
Gunnellichthys curiosus,5.70E-07,3.55
Gunnellichthys monostigma,0.00389,3.12
Gymneleotris seminuda,0.00589,3.1
Gymnocaesio gymnoptera,0.01122,3.04
Gymnocranius audleyi,0.02042,2.99
Gymnocranius euanus,0.02,3
Gymnocranius microdon,0.0166,2.99
Gymnomuraena zebra,6.70E-07,3.21
Gymnosarda unicolor,0.018091246,2.835905973
Gymnothorax annasona,0.00095,3.1
Gymnothorax breedeni,0.00095,3.1
Gymnothorax buroensis,0.000989392,3.101481481
Gymnothorax castaneus,0.00095,3.1
Gymnothorax dovii,0.002954683,2.985
Gymnothorax eurostus,0.0021,3
Gymnothorax favagineus,0.00095,3.1
Gymnothorax fimbriatus,0.00089,3.11
Gymnothorax flavimarginatus,0.004959366,2.87
Gymnothorax funebris,0.001025,3.175
Gymnothorax griseus,0.00095,3.1
Gymnothorax isingteena,0.00095,3.1
Gymnothorax javanicus,0.004959366,2.87
Gymnothorax melatremus,1.551235437,1.551235437
Gymnothorax meleagris,4.00E-07,3.24
Gymnothorax miliaris,2.92E-05,2.574
Gymnothorax moringa,0.000963333,3.119333333
Gymnothorax nubilus,0.00102,3.1
Gymnothorax nudivomer,6.70E-06,2.87
Gymnothorax panamensis,0.00093,3.1
Gymnothorax pictus,0.000989392,3.101481481
Gymnothorax porphyreus,0.001625,3.05
Gymnothorax prionodon,0.00095,3.1
Gymnothorax sp,0.00095,3.1
Gymnothorax sp,0.001,3.07
Gymnothorax thrysoideus,0.00095,3.1
Gymnothorax thyrsoideus,0.00095,3.1
Gymnothorax undulatus,1.034329606,2.135204495
Gymnothorax vicinus,0.001933333,3.072
Gymnothorax zonipectis,1.551235437,1.551235437
Haemulon album,0.01315,3.045
Haemulon aurolineatum,0.011963333,3.090433333
Haemulon bonariense,0.01716,3.03
Haemulon carbonarium,0.02869,2.86
Haemulon chrysargyreum,0.01243,3.039133333
Haemulon flaviguttatum,1.510337802,1.510337802
Haemulon flavolineatum,0.01694,3
Haemulon macrostomum,0.016545,3.045
Haemulon maculicauda,0.01349,3.04
Haemulon melanurum,1.52E-05,3.0423
Haemulon parra,0.01716,3.03
Haemulon plumierii,0.024616667,2.917333333
Haemulon sciurus,0.01847,2.99
Haemulon scudderi,0.01716,3.03
Haemulon scudderii,0.01479,3.03
Haemulon sexfasciatum,0.0263,3.01
Haemulon sp,0.01716,3.03
Haemulon squamipinna,0.0101,3.0813
Haemulon steindachneri,7.37E-06,3.124
Haemulon steindachneri,0.01716,3.03
Haemulon striatum,0.0175,3.099
Haemulon vittatum,0.01716,3.03
Halicampus boothae,0.00049,3.1
Halicampus mataafae,0.00049,3.1
Halichoeres adustus,0.007535,3.247
Halichoeres argus,0.013084627,2.998410768
Halichoeres biocellatus,0.782776654,2.268128318
Halichoeres bivittatus,0.009743333,3.1011
Halichoeres brasiliensis,0.008385,3.235
Halichoeres brownfieldi,0.00977,3.08
Halichoeres chierchiae,0.00977,3.08
Halichoeres chloropterus,0.00776,3.02
Halichoeres chrysus,0.00977,3.08
Halichoeres cosmetus,0.00977,3.08
Halichoeres cyanocephalus,0.00977,3.08
Halichoeres dimidiatus,0.008385,3.235
Halichoeres discolor,0.004595,3.262
Halichoeres dispilus,0.004595,3.262
Halichoeres erdmanni,0.00977,3.08
Halichoeres garnoti,0.0076,3.2525
Halichoeres hartzfeldii,0.00977,3.08
Halichoeres hortulanus,0.015261105,3.019139991
Halichoeres insularis,0.00977,3.08
Halichoeres iridis,0.00977,3.08
Halichoeres leucurus,0.00977,3.08
Halichoeres maculipinna,0.006515,3.4465
Halichoeres malpelo,0.00389,3.11
Halichoeres margaritaceus,0.628341323,2.414502655
Halichoeres marginatus,0.013241658,3.063709987
Halichoeres melanochir,0.00977,3.08
Halichoeres melanotis,0.00977,3.08
Halichoeres melanurus,0.012734335,3.142974705
Halichoeres melasmapomus,0.012561105,3.043806658
Halichoeres miniatus,0.00977,3.08
Halichoeres nebulosus,0.012891658,3.033709987
Halichoeres nicholsi,0.00977,3.08
Halichoeres nigrescens,0.00977,3.08
Halichoeres notospilus,0.00977,3.08
Halichoeres orientalis,0.00977,3.08
Halichoeres ornatissimus,0.016013316,2.987419974
Halichoeres pelicieri,0.00977,3.08
Halichoeres penrosei,0.0105,3.0933
Halichoeres pictus,0.007485,3.2275
Halichoeres podostigma,0.00977,3.08
Halichoeres poeyi,0.00809,3.178333333
Halichoeres prosopeion,0.015261105,3.019139991
Halichoeres radiatus,0.778798325,2.380773325
Halichoeres richmondi,0.012891658,3.033709987
Halichoeres rubrovirens,0.0093,3.07
Halichoeres salmofasciatus,0.007535,3.247
Halichoeres sazimai,0.0105,3.0933
Halichoeres scapularis,0.01,3.13
Halichoeres semicinctus,0.00977,3.08
Halichoeres solorensis,0.00977,3.08
Halichoeres sp,0.00977,3.08
Halichoeres tenuispinis,0.00977,3.08
Halichoeres timorensis,0.00977,3.08
Halichoeres trimaculatus,0.022653357,2.821947793
Halichoeres zeylonicus,0.016013316,2.987419974
Halophryne diemensis,0.00389,3.12
Helcogramma chica,0.0055,3.08
Helcogramma sp,0.0055,3.08
Helcogramma striatum,0.0055,3.08
Hemiemblemaria simulus,0.00457,3.08
Hemiglyphidodon plagiometopon,0.021833022,3.070984518
Hemigymnus fasciatus,0.628208008,2.363496954
Hemigymnus melapterus,0.018127216,2.991308924
Hemiramphus brasiliensis,0.0017,3.1717
Hemiramphus depauperatus,0.00575,3.28
Hemiramphus far,0.0017,3.1717
Hemiscyllium ocellatum,0.00355,3.14
Hemiscyllium trispeculare,0.00355,3.14
Hemitaurichthys multispinosus,0.02188,3.02
Hemitaurichthys polylepis,7.71E-05,2.89
Hemitaurichthys thompsoni,7.71E-05,2.89
Hemitaurichthys zoster,0.02188,3.02
Heniochus acuminatus,0.022362957,3.08526742
Heniochus chrysostomus,0.01720851,3.245293609
Heniochus diphreutes,2.35E-05,3.06
Heniochus intermedius,1.532543754,1.532543754
Heniochus monoceros,0.018486762,3.17029052
Heniochus pleurotaenia,0.02188,3.02
Heniochus singularius,1.030079809,2.04908817
Heniochus varius,1.030079809,2.04908817
Heteroclinus roseus,0.011060445,2.902382038
Heteroconger hassi,0.00102,3.06
Heteroconger klausewitzi,0.00102,3.06
Heteroconger longissimus,6.00E-04,3.2486
Heterodontus quoyi,0.00389,3.12
Heteropriacanthus cruentatus,0.021943202,1.7495
Himantura fai,1.521295,1.521295
Himantura schmardae,0.01259,3.03
Hippocampus bargibanti,0.00427,3
Hippocampus ingens,0.00427,3
Hippocampus pontohi,0.00427,3
Hippocampus reidi,3.00E-04,3.156
Hipposcarus harid,1.532065,1.532065
Hipposcarus longiceps,0.022236967,2.970682336
Holacanthus africanus,4.24E-05,2.9004
Holacanthus bermudensis,0.0302,2.89
Holacanthus ciliaris,4.24E-05,2.9004
Holacanthus clarionensis,0.0302,2.89
Holacanthus limbaughi,0.0302,2.89
Holacanthus passer,0.03466,2.915
Holacanthus tricolor,5.94E-05,2.8577
Holocentrus adscensionis,0.014973333,3.015333333
Holocentrus rufus,0.01324,2.9745
Hologymnosus annulatus,0.010669345,3.177649683
Hologymnosus doliatus,0.007279673,3.143824842
Hologymnosus sp,0.010669345,3.177649683
Hoplolatilus cuniculus,0.00537,3.03
Hoplolatilus starcki,0.01122,3.04
Hoplopagrus guentherii,1.501188162,1.501188162
Hypanus longus,0.00676,3.06
Hypleurochilus fissicornis,1.14E-05,3.0332
Hypleurochilus pseudoaequipinnis,1.14E-05,3.0332
Hypnos monopterygius,0.01,3.04
Hypoatherina barnesi,0.00525,3.11
Hypoplectrodes annulatus,0.00933,2.97
Hypoplectrodes maccullochi,0.00933,2.97
Hypoplectrodes sp,0.00933,2.97
Hypoplectrus aberrans,0.01339,3.035
Hypoplectrus chlorurus,0.01339,3.035
Hypoplectrus gemma,0.01072,3.06
Hypoplectrus guttavarius,0.01339,3.035
Hypoplectrus indigo,0.01339,3.035
Hypoplectrus nigricans,0.01339,3.035
Hypoplectrus providencianus,0.01778,3.03
Hypoplectrus puella,1.01981344,2.030146773
Hypoplectrus sp,0.01339,3.035
Hypoplectrus unicolor,0.01439,3.106
Hyporhamphus affinis,0.00204,3.15
Hyporhamphus dussumieri,0.001022979,4.035145641
Hyporthodus niveatus,0.0259,2.867
Hypsoblennius brevipinnis,0.008755,3.00855
Hypsoblennius invemar,0.0112,2.9792
Inermia vittata,0.005845,3.13
Iniistius aneitensis,0.01122,3.04
Iniistius celebicus,0.01122,3.04
Iniistius pavo,0.01122,3.04
Inimicus filamentosus,0.01122,3.04
Isocirrhitus sexfasciatus,0.00912,3.08
Istiblennius cyanostigma,0.002176338,3.900642826
Istiblennius edentulus,0.002176338,3.900642826
Istiblennius lineatus,0.002176338,3.900642826
Istigobius decoratus,0.01316028,2.8737423
Istigobius diadema,0.00589,3.1
Istigobius goldmanni,0.014455,2.925
Istigobius nigroocellatus,0.00891,3.07
Istigobius ornatus,0.009680108,3.09912714
Istigobius rigilius,1.536105813,1.536105813
Istigobius spence,0.00891,3.07
Itycirrhitus wilhelmi,0.0033,3.85
Jenkinsia lamprotaenia,0.00676,3.25
Johnrandallia nigrirostris,0.03627,2.947
Koumansetta hectori,0.00589,3.1
Koumansetta rainfordi,0.013642981,2.951783788
Kuhlia mugil,0.01445,3.06
Kuhlia sandvicensis,1.50E-05,3.12
Kyphosus analogus,0.01778,3.01
Kyphosus bigibbus,3.20E-05,3.02
Kyphosus cinerascens,0.012852897,3.150588687
Kyphosus elegans,0.02264,2.935
Kyphosus incisor,1.512924371,1.512924371
Kyphosus sandvicensis,0.01778,3.01
Kyphosus sectatrix,1.512924371,1.512924371
Kyphosus sp,0.01998,3.03696
Kyphosus spp,0.01778,3.01
Kyphosus spp,1.45E-05,3.0801
Kyphosus sydneyanus,0.01862,3.02
Kyphosus vaigiensis,0.019982672,3.036956726
Labracinus cyclophthalmus,0.01995,3.01
Labracinus lineatus,0.01175,3.01
Labracoglossa nitida,0.01514,3
Labrichthys unilineatus,0.715639819,2.299884904
Labrisomus cricota,0.008865,3.115
Labrisomus dendriticus,0.00457,3.11
Labrisomus filamentosus,0.00933,3.03
Labrisomus kalisherae,0.006485,3.155
Labrisomus multiporosus,0.00933,3.03
Labrisomus nuchipinnis,0.017423333,2.996666667
Labrisomus xanti,0.00933,3.03
Labroides bicolor,0.006671447,3.193126935
Labroides dimidiatus,0.006543727,3.207966064
Labroides pectoralis,0.008379782,3.165883228
Labroides phthirophagus,1.10E-05,3
Labroides rubrolabiatus,0.007255262,3.160835913
Labropsis alleni,0.00955,3.05
Labropsis australis,0.010073115,3.135883228
Labropsis manabei,0.00955,3.05
Labropsis micronesica,0.00955,3.05
Labropsis polynesica,0.00585,3.23093
Labropsis xanthonota,0.009999782,3.135883228
Lachnolaimus maximus,0.01614,2.828
Lactophrys bicaudalis,0.974500252,1.964700252
Lactophrys trigonus,0.001824736,2.2302
Lactophrys triqueter,0.001824736,2.2302
Lactoria diaphana,0.02099,2.99
Lactoria fornasini,0.0065,3.17
Larabicus quadrilineatus,0.00955,3.05
Leiuranus versicolor,0.00148,2.9
Lepadichthys frenatus,0.0055,3.1
Lepidonectes bimaculata,0.0055,3.08
Lepidonectes bimaculatus,0.0055,3.08
Lepidonectes clarkhubbsi,0.01,3.04
Lepidonectes corallicola,0.0055,3.08
Lepidozygus tapeinosoma,0.02,3.19
Leptojulis chrysotaenia,0.00955,3.05
Leptojulis cyanopleura,0.00955,3.05
Leptoscarus vaigiensis,0.01376188,2.99701335
Lethrinus amboinensis,0.00389,3.12
Lethrinus atkinsoni,0.017798634,3.057374693
Lethrinus atlanticus,0.0165,3.043
Lethrinus borbonicus,1.512014623,1.512014623
Lethrinus erythracanthus,0.01479,3
Lethrinus erythropterus,0.01995,3.1
Lethrinus genivittatus,0.015861437,2.987732433
Lethrinus harak,0.015402787,3.026130017
Lethrinus laticaudis,0.01479,3
Lethrinus lentjan,0.017593395,2.99308998
Lethrinus microdon,0.01479,2.98
Lethrinus miniatus,0.01778,3.04
Lethrinus nebulosus,0.02,3
Lethrinus obsoletus,0.017329694,3.025828472
Lethrinus olivaceus,0.029360671,2.850635264
Lethrinus ornatus,0.01862,3.04
Lethrinus rubrioperculatus,0.012836091,3.049035364
Lethrinus semicinctus,0.01288,3.01
Lethrinus sp,0.01479,3
Lethrinus variegatus,1.011948079,2.046936247
Lethrinus xanthochilus,0.018332597,2.976951315
Limnichthys fasciatus,0.00389,3.12
Liopropoma rubre,0.01201,3.038
Liza vaigiensis,0.014056981,3.022846675
Lotilia graciliosa,0.00589,3.1
Lotilia klausewitzi,0.00589,3.1
Lubbockichthys multisquamatus,0.00389,3.12
Lucayablennius zingaro,0.00468,3.08
Lutjanus alexandrei,0.017945,2.95305
Lutjanus analis,0.017414092,2.954666667
Lutjanus apodus,0.016845,2.99
Lutjanus aratus,0.024,2.91
Lutjanus argentimaculatus,0.021925428,2.912131206
Lutjanus argentiventris,0.024,2.91
Lutjanus aurorubens,0.0168,2.896
Lutjanus bengalensis,0.01479,2.98
Lutjanus biguttatus,0.01479,2.98
Lutjanus bohar,0.015628466,3.058646488
Lutjanus buccanella,0.01479,2.98
Lutjanus carponotatus,0.01479,2.98
Lutjanus chrysurus,0.0235,2.74
Lutjanus colorado,0.01498641,2.985714286
Lutjanus cyanopterus,0.0093,2.88
Lutjanus decussatus,0.02239,3.01
Lutjanus ehrenbergii,0.014952136,3.023420989
Lutjanus erythropterus,0.01514,2.97
Lutjanus fulgens,0.0035,3.5
Lutjanus fulviflamma,0.018349403,2.96992482
Lutjanus fulvus,0.021061453,2.974331519
Lutjanus gibbus,0.013092867,3.137520668
Lutjanus goreensis,0.0202,2.8928
Lutjanus griseus,0.017846667,2.9376
Lutjanus guttatus,0.01047,2.92
Lutjanus inermis,0.01479,2.98
Lutjanus jocu,0.013403096,3.059333333
Lutjanus johnii,0.01288,2.96
Lutjanus jordani,0.024,2.91
Lutjanus kasmira,0.008424814,3.246964089
Lutjanus lemniscatus,1.500350348,1.500350348
Lutjanus lutjanus,0.017027058,2.959547347
Lutjanus mahogoni,0.03009,2.8395
Lutjanus monostigma,0.022184666,2.91252239
Lutjanus novemfasciatus,0.024,2.91
Lutjanus quinquelineatus,0.014045473,3.039791708
Lutjanus rivulatus,0.008426947,3.260164377
Lutjanus rufolineatus,0.02188,3.02
Lutjanus russelli,0.016584476,2.977892129
Lutjanus russellii,0.01318,2.99
Lutjanus sebae,0.012685674,3.095885175
Lutjanus semicinctus,0.008581999,3.234007556
Lutjanus sp,0.01479,2.98
Lutjanus synagris,0.022783741,2.936
Lutjanus viridis,0.024,2.91
Lutjanus vitta,0.01445,2.98
Lutjanus vittus,0.01249992,3.075172594
Luzonichthys microlepis,0.00389,3.12
Luzonichthys waitei,0.00389,3.12
Luzonichthys whitleyi,0.00389,3.12
Lythrypnus dalli,0.00851,3.05
Lythrypnus gilberti,0.00589,3.1
Macolor macularis,0.02,3.02
Macolor niger,0.016736035,3.022152377
Macrodontogobius wilburi,0.00891,3.07
Macropharyngodon bipartitus,0.01,3.06
Macropharyngodon choati,0.01,3.06
Macropharyngodon cyanoguttatus,0.010334673,3.118824842
Macropharyngodon geoffroy,6.50E-05,2.9
Macropharyngodon kuiteri,0.010334673,3.118824842
Macropharyngodon meleagris,0.010669345,3.177649683
Macropharyngodon negrosensis,0.010223115,3.139216561
Macropharyngodon ornatus,0.01,3.06
Macropharyngodon sp,0.010334673,3.118824842
Malacanthus brevirostris,0.0049,3
Malacanthus latovittatus,0.016159445,2.8295
Malacanthus plumieri,0.017656667,2.806
Malacoctenus aurolineatus,0.0341,2.72
Malacoctenus boehlkei,0.009115,3.015
Malacoctenus brunoi,0.0122,2.95
Malacoctenus delalandii,0.0122,2.95
Malacoctenus ebisui,0.00933,3.03
Malacoctenus gilli,0.0089,3
Malacoctenus hubbsi,0.00933,3.03
Malacoctenus macropus,0.021115,2.855
Malacoctenus margaritae,0.00933,3.03
Malacoctenus sp,0.0122,2.95
Malacoctenus tetranemus,0.00933,3.03
Malacoctenus triangulatus,1.017429357,2.01446269
Malacoctenus versicolor,0.0089,3
Malacoctenus zonifer,0.00933,3.03
Manonichthys splendens,0.0049,3.1
Manta birostris,1.525,1.525
Mccoskerichthys sandae,0.00102,3.06
Megalaspis cordyla,0.008334081,3.197237587
Megalops atlanticus,0.00794,2.98
Meiacanthus atrodorsalis,1.0184642,2.508246674
Meiacanthus bundoon,0.003182658,3.760106369
Meiacanthus crinitus,0.01122,3.04
Meiacanthus ditrema,0.0055,3.05
Meiacanthus grammistes,0.0055,3.05
Meiacanthus kamoharai,0.0055,3.05
Meiacanthus lineatus,0.0055,3.05
Meiacanthus luteus,0.0055,3.05
Meiacanthus mossambicus,0.01122,3.04
Meiacanthus nigrolineatus,1.527263642,1.527263642
Meiacanthus oualanensis,0.003182658,3.760106369
Meiacanthus phaeus,0.0055,3.05
Meiacanthus smithi,0.0055,3.05
Meiacanthus sp,0.0055,3.05
Meiacanthus tongaensis,0.003182658,3.760106369
Melichthys indicus,0.0257,2.94
Melichthys niger,0.0058,3.554
Melichthys sp,0.02159,3.426
Melichthys vidua,0.02159,3.426
Microcanthus strigatus,0.037729056,2.904157268
Micrognathus crinitus,0.00049,3.1
Microgobius carri,0.0094,3.045
Microgobius microlepis,0.00589,3.1
Microspathodon bairdii,0.02239,2.99
Microspathodon chrysurus,1.98E-05,3.0825
Microspathodon dorsalis,0.023145,3.036
Microspathodon frontatus,1.98E-05,3.0825
Mimoblennius atrocinctus,0.00741,3
Mobula thurstoni,0.01,3.04
Mola mola,0.00389,2.93
Monacanthus chinensis,0.0257,2.79
Monacanthus ciliatus,0.0256,2.7
Monacanthus sp,0.0256,2.7
Monacanthus tuckeri,0.027555,2.88
Monodactylus argenteus,0.0302,2.97
Monotaxis grandoculis,0.022959421,3.02223458
Monotaxis heterodon,0.02,3.02
Mugil cephalus,0.011433422,3.029248908
Mugil curema,0.01114,2.9695
Mugil galapagensis,0.01175,2.97
Mugil sp,0.0108,2.969
Mulloidichthys dentatus,0.009565,3.076
Mulloidichthys flavolineatus,0.011973899,3.101092515
Mulloidichthys martinicus,0.000558727,2.3772
Mulloidichthys mimicus,0.01023,3.09
Mulloidichthys vanicolensis,0.0148346,3.2
Muraena argus,0.00112,3.07
Muraena augusti,0.0011,3.085
Muraena clepsydra,0.00112,3.07
Muraena lentiginosa,0.00112,3.07
Muraena melanotis,0.001,3.07
Muraena pavonina,0.001,3.07
Muraena robusta,0.001,3.07
Muraena sp,0.001,3.07
Mycteroperca acutirostris,0.013,3.033
Mycteroperca bonaci,0.008225,3.1065
Mycteroperca fusca,1.024504021,2.031170688
Mycteroperca interstitialis,0.00872,3.197333333
Mycteroperca marginata,9.00E-06,3.1149
Mycteroperca microlepis,0.0263,2.95
Mycteroperca olfax,0.0263,2.95
Mycteroperca phenax,0.013,3.033
Mycteroperca rosacea,1.530256032,1.530256032
Mycteroperca sp,0.013,3.033
Mycteroperca tigris,0.01096,3.06
Mycteroperca venenosa,0.01208,3.04
Mycteroperca xenarcha,1.530256032,1.530256032
Myrichthys breviceps,2.00E-04,3.15
Myrichthys maculosus,0.00148,2.9
Myrichthys ocellatus,2.00E-04,3.15
Myrichthys pardalis,2.00E-04,3.15
Myrichthys tigrinus,0.00148,2.9
Myripristis adusta,0.021554555,3.065206614
Myripristis amaena,0.015755816,3.261142509
Myripristis berndti,0.0556,2.72
Myripristis botche,0.01738,3.09
Myripristis bowditchae,0.027619109,3.030413227
Myripristis earlei,0.01549,3.1
Myripristis gildi,0.019901572,3.089482645
Myripristis hexagona,0.019901572,3.089482645
Myripristis jacobus,0.111,2.72
Myripristis kochiensis,0.01549,3.1
Myripristis kuntee,0.009911928,3.467646855
Myripristis leiognathus,0.02124,3.09668
Myripristis murdjan,0.021379555,3.070206614
Myripristis pralinia,0.02,3.1
Myripristis randalli,0.01549,3.1
Myripristis sp,0.019901572,3.089482645
Myripristis spp,0.019901572,3.089482645
Myripristis tiki,0.0099,3.47
Myripristis violacea,0.036397227,2.940259801
Myripristis vittata,0.01549,3.1
Nannosalarias nativitatis,0.00741,3
Narcine brasiliensis,0.0245,2.25
Naso annulatus,0.041140808,2.805123178
Naso brachycentron,0.01,3.25
Naso brevirostris,0.010649453,3.242973288
Naso caeruleacauda,1.509458279,1.509458279
Naso caesius,0.01,3.25
Naso elegans,0.02344,2.97
Naso fageni,0.01995,3
Naso hexacanthus,0.020165194,2.955825192
Naso lituratus,0.008480656,3.249644164
Naso lopezi,0.008480656,3.249644164
Naso mcdadei,0.0263,3.01
Naso sp,0.0263,3.01
Naso thynnoides,0.0195,3.09
Naso tonganus,0.02512,3
Naso tuberosus,0.01,3.25
Naso unicornis,0.017880286,3.035454104
Naso vlamingii,0.0263,3.01
Nebrius ferrugineus,0.00417,3.07
Nectamia luxuria,0.01549,3.06
Nectamia similis,0.01549,3.06
Negaprion acutidens,0.015346974,2.587631503
Negaprion brevirostris,0.0053,3.16
Nemanthias carberryi,0.01023,2.98
Nemateleotris magnifica,0.018889383,2.842616401
Nematistius pectoralis,0.01072,3.02
Nemipterus zysron,0.005946574,3.357259402
Neocirrhites armatus,0.009273273,3.268401098
Neoglyphidodon carlsoni,0.019958209,3.101193482
Neoglyphidodon crossi,0.02239,2.99
Neoglyphidodon melas,0.019958209,3.101193482
Neoglyphidodon nigroris,0.018011004,3.091100023
Neoglyphidodon oxyodon,0.02239,2.99
Neoglyphidodon polyacanthus,0.022284,3.088103702
Neoglyphidodon thoracotaeniatus,0.02239,2.99
Neomyxus chaptalli,0.012718591,3.046374966
Neomyxus leuciscus,7.00E-05,2.89
Neoniphon argenteus,0.025348947,2.886631847
Neoniphon marianus,0.016995,2.97525
Neoniphon opercularis,0.028791445,2.867153318
Neoniphon sammara,0.027615397,2.888353581
Neoniphon sp,0.027615397,2.888353581
Neopomacentrus anabatoides,0.020311631,2.961344462
Neopomacentrus azysron,0.03,2.94
Neopomacentrus bankieri,0.01479,2.99
Neopomacentrus cyanomos,1.007262291,1.976214178
Neopomacentrus filamentosus,0.01479,2.99
Neopomacentrus metallicus,0.020311631,2.961344462
Neopomacentrus miryae,1.497976805,1.497976805
Neopomacentrus nemurus,0.022701893,2.941575126
Neopomacentrus sp,0.022701893,2.941575126
Neopomacentrus taeniurus,0.025833262,2.932688924
Neopomacentrus violascens,0.020486631,2.956344462
Neosynchiropus morrisoni,0.01047,3.01
Neosynchiropus ocellatus,0.01047,3.01
Neotrygon kuhlii,0.01622,3.11
Neotrygon ningalooensis,0.01259,3.03
Nes longus,0.0035,3.766
Nexilosus latifrons,0.01995,3.03
Nicholsina denticulata,0.01047,3.07
Nicholsina usta,0.0179,3.0348
Norfolkia squamiceps,0.0055,3.08
Notocirrhitus splendens,0.00912,3.08
Notolabrus gymnogenis,0.01995,2.99
Notolabrus inscriptus,0.00955,3.05
Notolabrus tetricus,0.01995,2.99
Novaculichthys taeniourus,0.013,2.91
Ocyurus chrysurus,0.01532,2.975
Odontoscion dentex,1.03E-05,3.0073
Odontoscion eurymesops,0.00525,3.1
Odontoscion xanthops,0.00871,3.08
Odonus niger,0.03236,2.96
Ogcocephalus darwini,0.0195,2.96
Ogcocephalus vespertilio,0.0302,2.61
Ogilbyina novaehollandiae,0.0049,3.1
Ogilbyina queenslandiae,0.01175,3.01
Omobranchus rotundiceps,6.90E-06,3.25
Ophioblennius atlanticus,0.000135519,2.3791
Ophioblennius macclurei,1.014094718,1.796294718
Ophioblennius steindachneri,0.005865,3.44532
Ophioblennius trinitatis,0.000135519,2.3791
Ophioscion simulus,0.00871,3.08
Opistognathus aurifrons,9.53E-06,2.9895
Opistognathus darwiniensis,0.00389,3.12
Opistognathus macrognathus,0.0093,2.99
Opistognathus panamaensis,0.00389,3.12
Opistognathus panamensis,0.00389,3.12
Opistognathus randalli,0.00389,3.12
Opistognathus sp,0.00389,3.12
Oplegnathus insignis,0.01995,3.01
Oplegnathus robinsoni,0.01995,3.01
Oplopomus oplopomus,0.026387532,2.622565603
Opua nephodes,0.00891,3.08
Orectolobus halei,0.00389,3.12
Orectolobus ornatus,0.00389,3.12
Orectolobus wardi,0.00389,3.12
Orthopristis forbesi,0.0138,2.99
Orthopristis ruber,0.0265,2.748
Ostorhinchus angustatus,0.00493,3.78006
Ostorhinchus aureus,0.01148,3.15
Ostorhinchus bandanensis,0.01318,3.14
Ostorhinchus cavitensis,0.01318,3.09
Ostorhinchus chrysopomus,0.01096,3.11
Ostorhinchus cladophilos,0.01096,3.11
Ostorhinchus compressus,0.00933,3.07
Ostorhinchus cookii,0.01479,3.08
Ostorhinchus cyanosoma,0.01318,3.14
Ostorhinchus dispar,0.00646,3.19
Ostorhinchus doederleini,0.01318,3.14
Ostorhinchus exostigma,0.01318,3.14
Ostorhinchus hartzfeldii,0.00646,3.19
Ostorhinchus kallopterus,0.01318,3.14
Ostorhinchus luteus,0.01096,3.11
Ostorhinchus monospilus,0.01318,3.09
Ostorhinchus multilineatus,0.00646,3.19
Ostorhinchus neotes,0.00646,3.19
Ostorhinchus nigrofasciatus,0.01,3.29
Ostorhinchus pallidofasciatus,0.01096,3.11
Ostorhinchus parvulus,0.00646,3.19
Ostorhinchus properuptus,0.00646,3.19
Ostorhinchus rubrimacula,0.00646,3.19
Ostorhinchus rueppellii,0.01318,3.09
Ostorhinchus sealei,0.00646,3.19
Ostorhinchus taeniophorus,0.01318,3.09
Ostorhinchus wassinki,0.00646,3.19
Ostracion cubicus,0.104174054,2.59983153
Ostracion cyanurus,0.01122,3.04
Ostracion immaculatus,0.03548,2.81
Ostracion meleagris,0.1141,2.5537
Ostracion solorensis,0.098100721,2.616498196
Ostracion whitleyi,0.03548,2.81
Oxycercichthys veliferus,0.0049,3.1
Oxycheilinus bimaculatus,0.06784618,2.317282291
Oxycheilinus celebicus,0.014024673,3.093824842
Oxycheilinus digramma,0.010669345,3.177649683
Oxycheilinus digrammus,0.01995,2.95
Oxycheilinus lineatus,0.01698,2.95
Oxycheilinus mentalis,0.01698,2.95
Oxycheilinus nigromarginatus,0.01698,2.95
Oxycheilinus orientalis,0.013824673,3.063824842
Oxycheilinus unifasciatus,0.015508278,3.057916947
Oxycirrhites typus,0.006581637,3.194200549
Oxymonacanthus longirostris,0.68617464,2.196307638
Oxyurichthys papuensis,0.00813,3
Pagrus pagrus,0.017045,2.964
Parablennius marmoreus,0.011933333,2.992633333
Parablennius pilicornis,0.01245,2.9765
Parablennius salensis,0.0149,2.943
Parablennius serratolineatus,0.01,3.04
Parablennius sp,0.0149,2.943
Paracaesio sordida,0.01778,3.05
Paracaesio xanthura,0.02089,3.06
Paracanthurus hepatus,0.03,2.95
Paracentropyge multifasciatus,0.0302,2.89
Parachaetodon ocellatus,0.02188,3.02
Paracheilinus cyaneus,0.00955,3.05
Paracheilinus filamentosus,0.00955,3.05
Paracheilinus nursalim,0.00955,3.05
Paracheilinus octotaenia,0.00955,3.05
Paracheilinus sp,0.00955,3.05
Paracirrhites arcatus,0.009273273,3.268401098
Paracirrhites bicolor,0.01,3.04
Paracirrhites forsteri,0.009273273,3.268401098
Paracirrhites hemistictus,0.009415818,3.221700275
Paracirrhites nisus,0.01585,3.01
Paracirrhites xanthus,0.00912,3.08
Paraclinus mexicanus,0.00457,3.11
Paraclinus spectator,0.0092,2.9111
Paraconger californiensis,0.00115,3.07
Paragobiodon echinocephalus,0.01995,3.01
Paragobiodon xanthosoma,0.01995,3.01
Paralabrax albomaculatus,0.01072,3.06
Paraluteres prionurus,0.017052407,2.971378403
Paramonacanthus japonicus,0.020946675,2.864402076
Paranthias colonus,0.01148,3.05
Paranthias furcifer,1.53074,1.53074
Parapercis australis,0.00646,3.09
Parapercis bimacula,0.00646,3.09
Parapercis clathrata,0.009923928,2.990894144
Parapercis cylindrica,0.012376914,3.000237019
Parapercis hexophtalma,0.008193544,3.075754428
Parapercis lineopunctata,0.00646,3.09
Parapercis millepunctata,0.011027261,2.991787477
Parapercis multiplicata,0.00646,3.09
Parapercis pacifica,0.00646,3.09
Parapercis polyophtalma,0.006820633,3.157263284
Parapercis punctulata,0.00646,3.09
Parapercis queenslandica,0.00646,3.09
Parapercis schauinslandii,1.550653263,1.550653263
Parapercis schauislandi,0.013311784,2.942682432
Parapercis signata,0.00646,3.09
Parapercis snyderi,0.00646,3.09
Parapercis sp,0.00646,3.09
Parapercis stricticeps,0.00646,3.09
Parapercis tetracantha,0.00646,3.09
Parapercis xanthogramma,0.00646,3.09
Parapercis xanthozona,0.009798254,2.974911312
Paraplotosus butleri,0.00457,3.07
Paraplotosus muelleri,0.00457,3.07
Parapriacanthus dispar,0.01585,2.99
Parapriacanthus ransonneti,0.01585,2.99
Parapristipoma humile,0.0193,2.945
Parapristipoma octolineatum,0.01609,2.9775
Parapsettus panamensis,0.02455,2.96
Parascorpaena aurita,0.0123,3.02
Pareques acuminatus,5.47E-06,3.2017
Pareques fuscovittatus,0.00871,3.08
Pareques perissa,0.00525,3.1
Pareques viola,0.00871,3.08
Parioglossus dotui,0.00389,3.12
Parioglossus interruptus,0.00389,3.12
Parma alboscapularis,0.02239,2.99
Parma microlepis,0.02239,2.99
Parma oligolepis,0.02239,2.99
Parma polylepis,0.021649384,3.090400143
Parupeneus barberinoides,0.012458031,3.109959922
Parupeneus barberinus,0.01306709,3.122492248
Parupeneus bifasciatus,0.014446061,3.129919843
Parupeneus chrysopleuron,0.0138,3.08
Parupeneus ciliatus,0.011633172,3.219917119
Parupeneus crassilabris,0.013233031,3.109959922
Parupeneus cyclostomus,0.014446061,3.129919843
Parupeneus forsskali,0.01202,3.09
Parupeneus heptacanthus,0.014600046,3.084010847
Parupeneus indicus,0.013224892,3.097103663
Parupeneus insularis,0.017110097,3.21
Parupeneus macronemus,0.00912,3.15
Parupeneus multifasciatus,0.01135854,3.210819176
Parupeneus orientalis,0.0142,3.11
Parupeneus pleurostigma,0.014446061,3.129919843
Parupeneus porphyreus,2.00E-05,3.1
Parupeneus rubescens,0.013233031,3.109959922
Parupeneus spilurus,0.016027204,3.030852453
Parupeneus trifasciatus,0.013233031,3.109959922
Pastinachus atrus,0.01259,3.03
Pastinachus sephen,0.01259,3.03
Pempheris adusta,0.01585,2.99
Pempheris affinis,0.01585,2.99
Pempheris analis,0.01585,2.99
Pempheris klunzingeri,0.01585,2.99
Pempheris mangula,0.01585,2.99
Pempheris molucca,0.01585,2.99
Pempheris oualensis,0.02511985,3
Pempheris schomburgkii,0.0439,2.62
Pempheris schwenkii,0.029875,2.805
Pempheris sp,0.01585,2.99
Pempheris tominagai,0.01585,2.99
Pempheris vanicolensis,0.01288,2.98
Pentapodus aureofasciatus,0.015785567,2.991934492
Pentapodus caninus,0.01445,2.98
Pentapodus emeryii,0.01445,2.98
Pentapodus paradiseus,0.01445,2.98
Pentapodus porosus,0.01445,2.98
Pentapodus sp,0.01445,2.98
Pentapodus trivittatus,0.01445,2.98
Pentapodus vitta,0.01445,2.98
Pervagor alternans,0.017052407,2.971378403
Pervagor aspricaudus,0.012224814,3.032756806
Pervagor janthinosoma,0.016802407,2.971378403
Pervagor marginalis,0.02188,2.91
Pervagor melanocephalus,0.017052407,2.971378403
Pervagor sp,0.017052407,2.971378403
Pervagor spilosoma,9.10E-05,2.79
Petroscirtes breviceps,0.0055,3.05
Petroscirtes fallax,0.0055,3.05
Petroscirtes lupus,0.007618321,3.032940817
Petroscirtes mitratus,0.0055,3.05
Petroscirtes variabilis,0.0055,3.05
Pherallodus indicus,0.0055,3.1
Pholidichthys leucotaenia,0.00389,3.12
Phyllogobius platycephalops,0.00589,3.1
Pictichromis coralensis,0.0049,3.1
Pictichromis paccagnellae,0.0049,3.1
Pictichromis porphyrea,0.0049,3.1
Pinguipes brasilianus,0.009665,3.0165
Plagiotremus azaleus,0.0018,3.581
Plagiotremus ewaensis,5.70E-07,3.55
Plagiotremus goslinei,5.70E-07,3.55
Plagiotremus laudandus,0.003652467,3.315279499
Plagiotremus phenax,0.0055,3.05
Plagiotremus rhinorhynchos,0.003683963,3.466043715
Plagiotremus tapeinosoma,0.005657362,2.908320997
Platax batavianus,0.02188,2.96
Platax boersii,0.02188,2.96
Platax orbicularis,0.035922945,2.965744661
Platax pinnatus,0.033092945,2.955744661
Platax teira,0.02188,2.96
Platybelone argalus,5.00E-04,3.25
Plectorhinchus albovittatus,0.020415368,2.942414487
Plectorhinchus caeruleonothus,1.500518053,1.500518053
Plectorhinchus chaetodonoides,0.01755386,3.005163448
Plectorhinchus chrysotaenia,0.0138,3
Plectorhinchus diagrammus,0.01995,2.96
Plectorhinchus flavomaculatus,0.01738,3.01
Plectorhinchus gaterinus,0.019663154,2.969262198
Plectorhinchus gibbosus,0.021281928,2.945981239
Plectorhinchus lessonii,0.019806577,2.964631099
Plectorhinchus lineatus,0.012553626,3.078590252
Plectorhinchus multivittatus,0.01995,2.96
Plectorhinchus orientalis,0.019663154,2.969262198
Plectorhinchus paulayi,0.019663154,2.969262198
Plectorhinchus picus,0.011507819,3.088917582
Plectorhinchus plagiodesmus,0.019663154,2.969262198
Plectorhinchus playfairi,0.019663154,2.969262198
Plectorhinchus polytaenia,0.0138,3
Plectorhinchus schotaf,0.0138,3
Plectorhinchus sordidus,0.019663154,2.969262198
Plectorhinchus sp,0.019663154,2.969262198
Plectorhinchus vittatus,0.0138,3
Plectranthias nanus,0.00933,2.97
Plectroglyphidodon dickii,0.035552922,2.938600095
Plectroglyphidodon flaviventris,0.041795,2.8125
Plectroglyphidodon imparipennis,3.80E-05,3.1
Plectroglyphidodon johnstonianus,0.020908767,3.190800285
Plectroglyphidodon lacrymatus,0.020908767,3.190800285
Plectroglyphidodon leucozonus,0.0297,2.936
Plectroglyphidodon phoenixensis,0.02239,2.99
Plectroglyphidodon sp,0.02239,2.99
Plectropomus areolatus,0.01122,3.05
Plectropomus laevis,0.005908347,3.237744328
Plectropomus leopardus,0.011616701,3.054772431
Plectropomus maculatus,0.771929432,2.296377297
Plectropomus oligacanthus,1.532982163,1.532982163
Plectropomus pessuliferus,0.01122,3.05
Plectropomus punctatus,0.01122,3.05
Plesiops insularis,0.01096,2.98
Pleurosicya elongata,0.00589,3.1
Pleurosicya labiata,0.00589,3.1
Pleurosicya micheli,0.00589,3.1
Pleurosicya mossambica,0.00589,3.1
Plotosus canius,0.0049,3.02
Plotosus lineatus,0.006078325,3.467896665
Pogonoperca punctata,0.01122,3.06
Pomacanthus arcuatus,3.71E-05,2.968
Pomacanthus imperator,0.056434494,2.784110977
Pomacanthus navarchus,0.0309,2.9
Pomacanthus paru,1.52E-05,3.1264
Pomacanthus rhomboides,0.056434494,2.784110977
Pomacanthus semicirculatus,1.002006995,1.88713681
Pomacanthus sexstriatus,0.03548,2.88
Pomacanthus xanthometopon,0.0309,2.9
Pomacanthus zonipectus,0.0309,2.9
Pomacentrus adelus,0.017611574,3.291498389
Pomacentrus alexanderae,0.02399,3.01
Pomacentrus alleni,0.01479,2.99
Pomacentrus amboinensis,0.034822422,2.856878985
Pomacentrus aurifrons,0.02344,2.98
Pomacentrus auriventris,0.01479,2.99
Pomacentrus australis,0.01479,2.99
Pomacentrus baenschi,0.02344,2.98
Pomacentrus bankanensis,0.02800791,3.023852146
Pomacentrus brachialis,0.02800791,3.023852146
Pomacentrus burroughi,0.01479,2.99
Pomacentrus caeruleus,0.01413,2.94
Pomacentrus callainus,0.02344,2.98
Pomacentrus chrysurus,0.026421734,3.082794615
Pomacentrus coelestis,0.02800791,3.023852146
Pomacentrus cuneatus,0.02344,2.98
Pomacentrus fuscidorsalis,0.01479,2.99
Pomacentrus grammorhynchus,0.025723955,3.001926073
Pomacentrus imitator,0.015069256,3.279479015
Pomacentrus indicus,0.02344,2.98
Pomacentrus lepidogenys,0.021497812,3.210056465
Pomacentrus limosus,0.01,3.04
Pomacentrus littoralis,0.02344,2.98
Pomacentrus milleri,0.01479,2.99
Pomacentrus moluccensis,0.030454215,3.012111701
Pomacentrus nagasakiensis,0.02800791,3.023852146
Pomacentrus nigromanus,0.026421734,3.082794615
Pomacentrus nigromarginatus,0.01479,2.99
Pomacentrus opisthostigma,0.02344,2.98
Pomacentrus pavo,0.022799124,2.955764887
Pomacentrus philippinus,0.023144033,3.0576084
Pomacentrus reidi,0.02344,2.98
Pomacentrus simsiang,0.02291,2.94
Pomacentrus smithi,0.021398955,3.006926073
Pomacentrus sp,0.02344,2.98
Pomacentrus spilotoceps,0.02344,2.98
Pomacentrus sulfureus,1.503029533,1.503029533
Pomacentrus trichourus,1.503029533,1.503029533
Pomacentrus trilineatus,0.02344,2.98
Pomacentrus tripunctatus,0.02344,2.98
Pomacentrus vaiuli,0.047199162,2.775249217
Pomacentrus wardi,0.025723955,3.001926073
Pomachromis fuscidorsalis,0.017849384,3.090400143
Pomachromis richardsoni,0.017849384,3.090400143
Pomadasys incisus,0.05015,2.695
Porichthys porosissimus,2.13E-06,3.314
Premnas biaculeatus,0.02754,3.01
Priacanthus arenatus,1.19E-05,3.0387
Priacanthus blochii,0.02884,2.92
Priacanthus hamrur,0.024292995,2.835422928
Priacanthus meeki,2.80E-05,3.01
Priolepis eugenius,4.58E-05,2.72
Prionurus biafraensis,0.0267,2.984
Prionurus laticlavius,0.043475,2.8395
Prionurus maculatus,1.517388243,1.517388243
Prionurus microlepidotus,0.01122,3.04
Prionurus punctatus,0.01995,3.01
Pristiapogon exostigma,0.00871,3.17
Pristiapogon fraenatus,0.0123,3.06
Pristiapogon kallopterus,0.01318,3.13
Pristicon rhodopterus,0.01549,3.06
Pristicon trimaculatus,0.01778,2.96
Pristotis jerdoni,0.019718715,3.071687032
Pristotis obtusirostris,0.019718715,3.071687032
Prognathodes aculeatus,0.02188,3.02
Prognathodes aya,0.02188,3.02
Prognathodes brasiliensis,3.30E-05,2.9838
Prognathodes falcifer,0.02188,3.02
Prognathodes guyanensis,3.30E-05,2.9838
Prognathodes marcellae,3.30E-05,2.9838
Protemblemaria bicirrus,0.00468,3.08
Psammoperca waigiensis,0.01,3.04
Pseudanthias bicolor,1.489532887,1.489532887
Pseudanthias cooperi,0.00933,2.97
Pseudanthias dispar,0.01,3.14
Pseudanthias evansi,0.00933,2.97
Pseudanthias hiva,0.00933,2.97
Pseudanthias huchti,0.00933,2.97
Pseudanthias huchtii,0.00933,2.97
Pseudanthias hypselosoma,0.011842731,3.079371747
Pseudanthias ignitus,0.00933,2.97
Pseudanthias lori,0.00933,2.97
Pseudanthias mooreanus,0.01369,3.14874
Pseudanthias olivaceus,0.00933,2.97
Pseudanthias pascalus,0.014034763,3.139904735
Pseudanthias pictilis,0.00933,2.97
Pseudanthias pleurotaenia,0.00933,2.97
Pseudanthias regalis,0.00933,2.97
Pseudanthias sp,0.00933,2.97
Pseudanthias squamipinnis,0.014034763,3.139904735
Pseudanthias taeniatus,1.489532887,1.489532887
Pseudanthias tuka,0.00933,2.97
Pseudanthias ventralis,0.01369,3.14874
Pseudobalistes flavimarginatus,0.049126467,2.850140333
Pseudobalistes fuscus,0.07,2.76
Pseudobalistes naufragium,0.0257,2.94
Pseudocaranx dentex,0.0186,2.8563
Pseudocheilinops ataenia,0.01698,2.95
Pseudocheilinus citrinus,0.0049,3.51
Pseudocheilinus evanidus,0.010669345,3.177649683
Pseudocheilinus hexataenia,0.012423115,3.102549894
Pseudocheilinus ocellatus,0.01698,2.95
Pseudocheilinus octotaenia,0.010669345,3.177649683
Pseudocheilinus tetrataenia,1.60E-05,3.16
Pseudochromis ammeri,0.0049,3.1
Pseudochromis bitaeniatus,0.0049,3.1
Pseudochromis cyanotaenia,0.0049,3.1
Pseudochromis dutoiti,0.0049,3.1
Pseudochromis elongatus,0.0049,3.1
Pseudochromis flammicauda,0.0049,3.1
Pseudochromis fridmani,0.0049,3.1
Pseudochromis fuscus,0.007231708,3.133571397
Pseudochromis marshallensis,0.007231708,3.133571397
Pseudochromis perspicillatus,0.0049,3.1
Pseudochromis purpurascens,0.009969617,3.142416049
Pseudochromis salvati,0.021780153,2.752485494
Pseudochromis springeri,0.01175,3.01
Pseudochromis wilsoni,0.01175,3.01
Pseudocoris aurantiofasciata,0.01,3.06
Pseudocoris bleekeri,0.01,3.06
Pseudocoris heteroptera,0.01,3.06
Pseudocoris yamashiroi,0.006945,3.145
Pseudodax molluccanus,0.010334673,3.178824842
Pseudodax moluccanus,0.01122,3.04
Pseudojuloides atavai,0.01035,3.119
Pseudojuloides cerasinus,1.50E-05,3.12
Pseudojuloides elongatus,0.00389,3.11
Pseudolabrus fuentesi,0.006316667,3.169
Pseudolabrus guentheri,0.00955,3.05
Pseudolabrus luculentus,0.00955,3.05
Pseudolabrus semifasciatus,0.012325,3.11
Pseudopataecus carnatobarbatus,0.01122,3.04
Pseudupeneus grandisquamis,0.00977,3.14
Pseudupeneus maculatus,0.01284,3.1438
Pseudupeneus praysensis,0.0049,3.3734
Psilogobius mainlandi,4.58E-05,2.72
Pteragogus cryptus,0.013824673,3.063824842
Pteragogus enneacanthus,0.01698,2.95
Pteragogus flagellifer,0.01698,2.95
Pteragogus sp,0.01698,2.95
Pterapogon mirifica,0.00851,3.14
Ptereleotris calliura,0.00389,3.12
Ptereleotris evides,0.026387532,2.622565603
Ptereleotris hanae,0.026387532,2.622565603
Ptereleotris helenae,0.0091,3
Ptereleotris heteroptera,0.015138766,2.871282802
Ptereleotris microlepis,0.015138766,2.871282802
Ptereleotris monoptera,0.00389,3.12
Ptereleotris randalli,9.53E-06,2.9895
Ptereleotris sp,0.015138766,2.871282802
Ptereleotris zebra,0.03,2.62
Pterocaesio chrysozona,1.572751791,1.572751791
Pterocaesio digramma,0.009195503,3.250659543
Pterocaesio marri,0.01,3.23
Pterocaesio pisang,0.009457702,3.171893301
Pterocaesio randalli,0.01047,3.12
Pterocaesio tessellata,0.01288,3.16
Pterocaesio tile,0.009145403,3.233786602
Pterocaesio trilineata,0.010653989,3.177841546
Pterois antennata,0.023643638,2.893294004
Pterois lunulata,0.035807276,2.696588007
Pterois miles,0.01148,3.09
Pterois radiata,0.023643638,2.893294004
Pterois sp,0.023643638,2.893294004
Pterois volitans,0.023643638,2.893294004
Pygoplites diacanthus,0.672164328,2.002124965
Quassiremus nothochir,0.00148,2.9
Rachycentron canadum,0.00457,3.14
Rastrelliger kanagurta,0.013300623,2.952952987
Remora remora,1.576375,1.576375
Rhabdamia cypselura,0.01096,3.11
Rhabdamia cypselurus,0.01096,3.11
Rhabdamia gracilis,0.01047,3.1
Rhabdosargus sarba,0.02138,2.94
Rhinecanthus aculeatus,0.005696442,3.393028006
Rhinecanthus assasi,0.0257,2.94
Rhinecanthus cinereus,0.0257,2.94
Rhinecanthus lunula,0.0289,2.905
Rhinecanthus rectangulus,0.005696442,3.393028006
Rhinecanthus verrucosus,0.0257,2.94
Rhinesomus triqueter,0.05012,2.77
Rhinomuraena quaesita,0.00112,3.07
Rhinoptera steindachneri,0.01,3.04
Rhynchostracion nasus,0.03548,2.81
Rypticus bicolor,0.01454,3.046
Rypticus bistrispinus,2.54E-05,2.9266
Rypticus courtenayi,0.01698,3.01
Rypticus nigripinnis,0.01698,3.01
Rypticus saponaceus,2.54E-05,2.9266
Rypticus sp,2.54E-05,2.9266
Salarias alboguttatus,0.00741,3
Salarias ceramensis,0.00741,3
Salarias fasciatus,0.011066514,2.994837817
Salarias guttatus,0.00741,3
Salarias segmentatus,0.01023,3.01
Salarias sp,0.00741,3
Sarda australis,1.534157382,1.534157382
Sarda orientalis,0.00933,3.05
Sardinops neopilchardus,0.00871,3.06
Sargocentron bullisi,2.54E-05,2.9266
Sargocentron caudimaculatum,0.021915122,3.047386866
Sargocentron cornutum,0.01585,2.98
Sargocentron coruscum,0.0162,3.07
Sargocentron diadema,0.025047756,2.955222469
Sargocentron hastatum,0.0076,3.2582
Sargocentron hormion,0.01585,2.98
Sargocentron ittodai,0.01585,2.98
Sargocentron melanospilos,0.018882561,3.013693433
Sargocentron microstoma,0.01585,3.14
Sargocentron punctatissimum,0.01318,2.99
Sargocentron rubrum,0.023968243,2.959200926
Sargocentron sp,0.018882561,3.013693433
Sargocentron spiniferum,0.015405854,3.118811109
Sargocentron suborbitalis,0.021772261,3.13
Sargocentron tiere,0.00077604,2.46
Sargocentron tiereoides,0.01585,2.98
Sargocentron vexillarium,0.01469,3.02
Sargocentron violaceum,0.018882561,3.013693433
Sargocentron wilhelmi,0.0141,3.06
Sargocentron xantherythrum,1.50E-05,3.15
Saurida flamma,8.44E-06,3.11
Saurida gracilis,0.01,3.16
Saurida nebulosa,0.006188454,3.181874854
Saurida sp,0.007973385,3.059076893
Saurida undosquamis,0.006291799,3.13409868
Scaevius milii,0.01445,2.98
Scarideo NA,0.01622,3.13
Scartella caboverdiana,0.0081,3.27
Scartella cristata,0.009165,3.12
Scarus altipinnis,0.018396276,3.029320796
Scarus bleekeri,0.023373877,2.956463124
Scarus caudofasciatus,0.015391939,3.033231562
Scarus chameleon,0.023373877,2.956463124
Scarus coelestinus,0.01585,3.06
Scarus coeruleus,0.01264,3.0805
Scarus compressus,0.01413,3.05
Scarus dimidiatus,0.017296939,3.043231562
Scarus dubius,8.60E-06,3.31
Scarus falcipinnis,0.01413,3.05
Scarus ferrugineus,1.537204675,1.537204675
Scarus festivus,0.00741,3.11
Scarus flavipectoralis,0.023141939,2.983231562
Scarus forsteni,0.023373877,2.956463124
Scarus frenatus,0.023373877,2.956463124
Scarus ghoban,0.015391939,3.033231562
Scarus ghobban,0.0165,3.04116
Scarus globiceps,1.032594409,2.010290825
Scarus guacamaia,0.024345,2.955
Scarus hoefleri,9.63E-06,3.1109
Scarus hypselopterus,0.00741,3.11
Scarus iseri,0.01588,2.97
Scarus koputea,0.01413,3.05
Scarus longipinnis,0.023373877,2.956463124
Scarus niger,0.013346043,3.159957025
Scarus oviceps,1.032594409,2.010290825
Scarus perrico,0.00741,3.11
Scarus prasiognathos,0.00741,3.11
Scarus psittacus,0.010450903,3.318708889
Scarus quoyi,0.01318,3.1
Scarus rivulatus,0.016118788,3.07702383
Scarus rubroviolaceus,0.0233,2.919
Scarus russelii,0.01413,3.05
Scarus schlegeli,0.023058664,2.969191667
Scarus sp,0.015391939,3.033231562
Scarus spinus,0.015391939,3.033231562
Scarus taeniopterus,1.030703117,2.024803117
Scarus tricolor,0.01738,3.08
Scarus trispinosus,1.34E-05,3.0626
Scarus vetula,0.015915,3.025
Scarus xanthopleura,0.01413,3.05
Scarus zelindae,1.34E-05,3.0626
Scobinichthys granulatus,0.02188,2.91
Scolopsis affinis,0.01778,2.99
Scolopsis aurata,0.01778,2.99
Scolopsis bilineata,0.013978769,3.106888493
Scolopsis ciliata,0.0195,3.04
Scolopsis ciliatus,0.015738012,3.054293114
Scolopsis frenata,0.01778,2.99
Scolopsis frenatus,1.510671885,1.510671885
Scolopsis ghanam,0.01778,2.99
Scolopsis lineata,0.01905,3
Scolopsis margaritifer,0.01995,3.01
Scolopsis margaritifera,0.01778,2.99
Scolopsis monogramma,0.01862,3.03
Scolopsis taeniatus,0.018472737,2.981167962
Scolopsis taenioptera,0.018472737,2.981167962
Scolopsis temporalis,0.01549,2.97
Scolopsis trilineata,0.016759006,3.022146557
Scolopsis vosmeri,1.510671885,1.510671885
Scolopsis xenochrous,0.01778,2.99
Scomberoides commersonnianus,0.01096,2.91
Scomberoides lysan,9.10E-06,3
Scomberoides tol,0.011970653,2.808739878
Scomberomorus cavalla,0.00676,3.01
Scomberomorus commerson,0.00676,3.01
Scomberomorus maculatus,0.006,3.002
Scomberomorus queenslandicus,0.00813,3.04
Scomberomorus regalis,0.014875,2.91
Scomberomorus sierra,0.00617,2.96
Scorpaena brasiliensis,0.0348,2.85
Scorpaena cardinalis,0.0182,3.03
Scorpaena cookii,0.0182,3.03
Scorpaena histrio,0.01318,3.02
Scorpaena isthmensis,0.0348,2.85
Scorpaena mystes,0.01318,3.02
Scorpaena orgila,0.01314,3.14
Scorpaena plumieri,0.02478,2.929666667
Scorpaena sp,0.0348,2.85
Scorpaenodes caribbaeus,0.0145,2.97265
Scorpaenodes evides,0.0182,3.03
Scorpaenodes kelloggi,1.90E-06,3.73
Scorpaenodes parvipinnis,0.01549,3.04
Scorpaenodes scaber,0.01479,3.04
Scorpaenodes xyris,0.00955,2.98
Scorpaenopsis cirrosa,0.0123,3.02
Scorpaenopsis diabolus,1.10E-05,3.33
Scorpaenopsis oxycephala,0.0123,3.02
Scorpaenopsis papuensis,0.0123,3.02
Scorpaenopsis possi,0.0123,3.02
Scorpaenopsis venosa,0.0123,3.02
Scorpis violacea,0.01148,2.97
Scuticaria tigrina,0.0047,2.614
Sebastapistes coniorta,2.11E-05,3.2
Sebastapistes cyanostigma,0.0123,3.02
Sebastapistes mauritiana,0.0123,3.02
Sebastapistes strongia,0.0123,3.02
Sebastapistes tinkhami,0.0123,3.02
Sebastiscus marmoratus,0.01698,3.13
Sectator ocyurus,0.0275,2.86
Selar crumenophthalmus,0.0138,2.98
Selaroides leptolepis,0.0138,2.96
Semicossyphus darwini,0.00891,3.03
Seriola dumerili,2.80E-05,2.96
Seriola dumerilli,0.0363,2.771
Seriola lalandi,0.026,2.85
Seriola rivoliana,0.0359,2.801
Serranocirrhitus latus,0.01,3.03
Serranus atrobranchus,0.0079,3.4496
Serranus baldwini,1.18E-05,3.0358
Serranus flaviventris,0.011695,3.3248
Serranus psittacinus,0.01072,3.06
Serranus sp,0.01072,3.06
Serranus sp,0.0079,3.4496
Serranus tabacarius,0.01176,3.048
Serranus tico,0.01261,3.054
Serranus tigrinus,0.01225,3.044
Serranus tortugarum,0.01176,3.048
Siganus argenteus,0.010902526,3.154186078
Siganus canaliculatus,0.01585,2.97
Siganus corallinus,0.006780112,3.495394841
Siganus doliatus,0.012244936,3.191039998
Siganus fuscescens,0.014003538,3.05995175
Siganus guttatus,0.02138,3
Siganus javus,0.01622,3.08
Siganus lineatus,0.019641868,2.99416047
Siganus luridus,0.01318,2.97
Siganus niger,0.01447752,3.121692957
Siganus puelloides,0.01622,3.08
Siganus puellus,0.015101173,2.999197112
Siganus punctatissimus,0.01622,3.08
Siganus punctatus,0.009492753,3.276164267
Siganus rivulatus,0.01349,2.97
Siganus sp,0.01622,3.08
Siganus spinus,0.017718907,3.061254662
Siganus stellatus,0.0166,2.99
Siganus sutor,0.01622,3.08
Siganus trispilos,0.01622,3.08
Siganus uspi,0.01447752,3.121692957
Siganus vermiculatus,0.01622,3.08
Siganus virgatus,0.01995,3.12
Siganus vulpinus,1.024619563,2.060358042
Signigobius biocellatus,0.00891,3.07
Similiparma hermani,1.98E-05,3.0825
Siphamia majimai,0.014256584,3.14288498
Siphamia tubifer,0.01549,3.06
Siphamia versicolor,0.014256584,3.14288498
Solenostomus paradoxus,0.01,3.04
Sparisoma amplum,3.70E-05,2.9051
Sparisoma atomarium,1.031225022,2.036491688
Sparisoma aurofrenatum,0.01566,3.06
Sparisoma axillare,0.012435,3.09
Sparisoma chrysopterum,0.01531,3.045
Sparisoma cretense,0.010015,3.1045
Sparisoma frondosum,0.012815,3.05615
Sparisoma radians,0.013216667,3.0376
Sparisoma rocha,0.0154,3.0423
Sparisoma rubripinne,0.012255,3.052
Sparisoma sp,0.0179,3.0348
Sparisoma sp,0.01531,3.045
Sparisoma sp,0.0144,3.1
Sparisoma tuiupiranga,1.14E-05,3.0275
Sparisoma viride,0.0254,2.9725
Sphaeramia nematoptera,0.014873292,3.10144249
Sphaeramia orbicularis,0.014256584,3.14288498
Sphoeroides annulatus,0.02692,2.85
Sphoeroides greeleyi,0.017699834,3.086
Sphoeroides lobatus,0.0263,2.85
Sphoeroides marmoratus,0.02520947,2.965
Sphoeroides spengleri,0.027899646,2.846666667
Sphoeroides testudineus,0.017099604,3.089
Sphyraena barracuda,0.00610019,3.006712707
Sphyraena ensis,0.00676,2.9
Sphyraena flavicauda,0.006166776,2.991501855
Sphyraena forsteri,0.006128034,2.987031715
Sphyraena guachancho,0.0132,2.88
Sphyraena helleri,0.00708,2.91
Sphyraena idiastes,0.00708,2.91
Sphyraena japonica,0.00741,2.91
Sphyraena jello,0.00759,2.91
Sphyraena obtusata,0.015642604,2.74415
Sphyraena picudilla,0.0178,2.72
Sphyraena pinguis,0.005756524,3.012756009
Sphyraena qenie,0.00754,2.93069
Sphyraena sp,0.0132,2.88
Sphyraena waitei,0.008912547,2.855494829
Sphyrna lewini,0.0028,3.129
Sphyrna sp,0.002,3.1
Spicara melanurus,0.0302,2.83
Spicara nigricauda,0.0302,2.83
Spratelloides gracilis,0.00513,3.11
Squamicreedia obtusa,0.00389,3.12
Stanulus talboti,0.00741,3
Starksia sp,1.83E-05,2.8771
Stegastes acapulcoensis,0.01995,2.99
Stegastes adustus,0.028925,2.9235
Stegastes albifasciatus,0.039542536,2.989098757
Stegastes apicalis,0.04,2.99
Stegastes arcifrons,0.027425,2.95045
Stegastes aureus,0.01995,2.99
Stegastes beebei,0.027425,2.95045
Stegastes diencaeus,0.028925,2.9235
Stegastes emeryi,0.03841,3.01
Stegastes fasciolatus,0.047839166,3.1
Stegastes flavilatus,0.01995,2.99
Stegastes fuscus,0.017045,2.965
Stegastes gascoynei,0.029746268,2.989549379
Stegastes imbricatus,0.0193,2.96
Stegastes insularis,0.01995,2.99
Stegastes leucorus,0.0193,2.96
Stegastes leucostictus,0.02536,2.9135
Stegastes lividus,1.022875453,1.914664063
Stegastes marginatus,1.501738897,1.501738897
Stegastes nigricans,0.038408298,3.009999217
Stegastes obreptus,0.01995,2.99
Stegastes partitus,0.016495,3.081
Stegastes pictus,1.28E-05,3.1519
Stegastes planifrons,0.02989,2.9085
Stegastes punctatus,0.044569283,2.850257198
Stegastes rectifraenum,0.01585,2.96
Stegastes redemptus,0.0193,2.96
Stegastes rocasensis,0.0193,2.96
Stegastes sanctipauli,0.0193,2.96
Stegastes sp,0.0193,2.96
Stegastes variabilis,0.021793333,2.982
Stephanolepis hispidus,5.63E-05,2.772
Stephanolepis setifer,0.02188,2.91
Stethojulis albovittata,0.01023,3.06
Stethojulis balteata,1.60E-05,3.16
Stethojulis bandanensis,0.025231976,2.683
Stethojulis interrupta,0.019609087,2.829039393
Stethojulis marquesensis,0.01,3.05
Stethojulis notialis,0.013701957,2.933128822
Stethojulis sp,0.013701957,2.933128822
Stethojulis strigiventer,0.013701957,2.933128822
Stethojulis trilineata,0.014492014,2.991177608
Strongylura incisa,0.0012,3.09
Strongylura timucu,5.00E-04,3.25
Stygnobrotula latebricola,0.01122,3.04
Suezichthys arquatus,0.00447,3.14
Suezichthys gracilis,0.010669345,3.177649683
Sufflamen albicaudatum,0.0257,2.94
Sufflamen bursa,0.032440877,2.929115407
Sufflamen chrysopterum,0.026195439,2.939557704
Sufflamen fraenatum,0.026885881,2.952913867
Sufflamen verres,0.02835,2.9435
Symphorichthys spilurus,0.01259,3.03
Symphorus nematophorus,0.01259,3.03
Synanceia verrucosa,0.01122,3.04
Synchiropus bartelsi,0.01,3.04
Synchiropus moyeri,0.01047,3.01
Synchiropus splendidus,0.011212031,3.200726532
Synchiropus stellatus,0.01047,3.01
Synodus binotatus,6.60E-06,3.16
Synodus capricornis,0.0031,3.48
Synodus dermatogenys,0.005133034,3.297766689
Synodus doaki,0.00407,3.19
Synodus foetens,0.00407,3.19
Synodus hoshinonis,0.001768622,3.662091494
Synodus intermedius,0.80404912,2.41082412
Synodus jaculum,0.00407,3.19
Synodus lacertinus,0.00407,3.19
Synodus rubromarmoratus,0.00407,3.19
Synodus sageneus,0.00407,3.19
Synodus saurus,0.003935,3.261
Synodus similis,0.00407,3.19
Synodus sp,0.00407,3.19
Synodus synodus,0.003235,3.33
Synodus ulae,5.27E-06,3.21
Synodus variegatus,0.003142821,3.483798595
Taeniamia biguttata,0.01549,3.06
Taeniamia fucata,0.01259,3.06
Taeniamia leai,0.01318,3.18
Taeniamia melasma,0.01122,3.04
Taeniamia zosterophora,0.01413,3.01
Taenianotus triacanthus,6.88E-05,2.92
Taeniura grabata,0.043245,2.92
Taeniura lymma,0.010981931,3.191243605
Taeniura meyeni,0.034,2.989
Takifugu alboplumbeus,0.02692,2.88
Thalassoma amblycephalum,0.012305946,3.097020357
Thalassoma ballieui,1.20E-05,3.18
Thalassoma bifasciatum,0.00961,3.025
Thalassoma duperrey,1.50E-05,3.12
Thalassoma grammaticum,0.0211,2.83174
Thalassoma hardwicke,0.015866747,2.999217572
Thalassoma hebraicum,1.519924139,1.519924139
Thalassoma heiseri,0.00848,3.0777
Thalassoma jansenii,1.017384741,2.045622878
Thalassoma lucasanum,0.00891,2.995
Thalassoma lunare,0.021100959,2.831738121
Thalassoma lutescens,0.00848,3.08
Thalassoma newtoni,0.0092,3.111
Thalassoma nigrofasciatum,0.00977,3.04
Thalassoma noronhanum,1.30E-05,2.9162
Thalassoma pavo,0.009485,3.0755
Thalassoma purpureum,0.015233246,3.23
Thalassoma quinquevittatum,0.012305946,3.097020357
Thalassoma robertsoni,0.01,3.04
Thalassoma rueppellii,0.00977,3.04
Thalassoma septemfasciatum,0.01,3.04
Thalassoma trilobatum,0.012305946,3.097020357
Thalassoma virens,0.01,3.04
Thamnaconus analis,0.02188,2.91
Thorogobius angolensis,0.0109,3.09
Threpterius maculosus,0.01023,3.05
Thunnus albacares,0.01413,3.03
Tigrigobius dilepis,0.00661,3.08
Trachinotus baillonii,0.0123,2.97
Trachinotus blochii,0.03311,2.83
Trachinotus falcatus,0.01072,2.91
Trachinotus goodei,0.0122,2.832
Trachinotus rhodopus,1.472293632,1.472293632
Trachinotus stilbe,0.0188,2.985
Trachypoma macracanthus,0.00933,2.97
Tragulichthys jaculiferus,0.0309,2.89
Triaenodon obesus,0.0018,3.3439
Trimma benjamini,0.00891,3.07
Trimma caesiura,0.00891,3.07
Trimma hayashii,0.00891,3.07
Trimma lantana,0.00891,3.07
Trimma macrophthalmum,0.00891,3.07
Trimma okinawae,0.00891,3.07
Trimma sp,0.00891,3.07
Trimma striata,0.00891,3.07
Trimma striatum,0.00891,3.07
Trimma taylori,0.00891,3.07
Trimma tevegae,0.00891,3.07
Trimma woutsi,0.00891,3.07
Trinorfolkia clarkei,0.0055,3.08
Tylosurus crocodilus,0.000569373,3.284805802
Tylosurus pacificus,0.000569373,3.284805802
Ucla xenogrammus,0.0055,3.08
Ulua mentalis,0.02951,2.9
Umbrina ronchus,0.0119,2.985
Upeneus tragula,0.011281792,3.049001135
Uraspis helvola,0.0138,2.96
Urobatis concentricus,0.00977,3.08
Urobatis halleri,1.546861593,1.546861593
Urobatis jamaicensis,0.00871,3.04
Urobatis tumbesensis,0.01318,3.13
Valenciennea alleni,0.01,3.04
Valenciennea decora,0.00589,3.1
Valenciennea helsdingenii,0.00891,3.07
Valenciennea immaculata,0.00589,3.1
Valenciennea longipinnis,0.005709104,3.12318467
Valenciennea muralis,0.009653915,2.96447404
Valenciennea parva,0.00891,3.07
Valenciennea puellaris,1.032019342,1.981536092
Valenciennea randalli,0.00891,3.07
Valenciennea sexguttata,1.032019342,1.981536092
Valenciennea strigata,0.009653915,2.96447404
Variola albimarginata,0.01698,3.11
Variola louti,0.01,3.08
Variola sp,0.01698,3.11
Virididentex acromegalus,0.0302,2.83
Wetmorella albofasciata,0.010669345,3.177649683
Wheelerigobius wirtzi,0.0109,3.09
Xanthichthys auromarginatus,0.00019824,2.71
Xanthichthys mento,0.0261725,3.0755
Xenocys jessiae,0.00389,3.12
Xyrichtys martinicensis,0.01,3
Xyrichtys pavo,1.00E-05,3
Xyrichtys splendens,0.01,3
Xyrichtys umbrilatus,1.00E-05,3
Zabidius novemaculeatus,0.02188,2.96
Zanclus cornutus,0.0147,3.36991
Zapteryx xyster,0.00708,3.05
Zebrasoma desjardinii,0.02239,2.98
Zebrasoma flavescens,0.00054,2.49
Zebrasoma gemmatum,0.02291,2.94
Zebrasoma rostratum,0.03011,2.918385
Zebrasoma scopas,0.027681008,2.990913205
Zebrasoma veliferum,0.03425216,2.865805779
Zebrasoma xanthurum,0.02239,2.98
Zoramia fragilis,0.01549,3.06
Zoramia leptacantha,0.01549,3.06
Zoramia viridiventer,0.01549,3.06
Acanthurus tennenti,0.042561181,2.868263525
Plectorhinchus chubbi,0.01905,2.96
Callechelys catostoma,0.00126,2.93
Chrysiptera annulata,0.01514,2.99
Parapercis hexophtalma,0.00776,3.13
Priacanthus cruentatus,0.024292995,2.835422928
Zebrasoma sp,0.027681008,2.990913205
Apogon nigripinnis,0.01096,3.11
Rhabdosargus thorpei,0.02291,2.95
Gnathodentex aurolineatus,0.01514,3.01
Pomacanthus annularis,0.0389,2.88
