"r.squared","adj.r.squared","sigma","statistic","p.value","df","logLik","AIC","BIC","deviance","df.residual","nobs","Response","Predictor"
0.00405632362610107,-0.00404077943384928,2.64214445858607e-11,0.50095986133168,0.480417685632678,1,2868.24641229382,-5730.49282458764,-5722.00788337573,8.58654062824558e-20,123,125,"FRic","sedimnt"
0.0257808528122151,0.0178603719407697,2.61316901547982e-11,3.25496055487731,0.0736547963202593,1,2869.62481421338,-5733.24962842676,-5724.76468721486,8.39924233326043e-20,123,125,"FRic","DESIG"
0.0110315930974594,0.00299119954540628,2.63287583607898e-11,1.37202153427458,0.24372894778883,1,2868.68568226473,-5731.37136452945,-5722.88642331755,8.52640325689659e-20,123,125,"FRic","crypto5BROF"
0.0274895229621577,0.0195829337179476,2.61087640841056e-11,3.47678652742559,0.0646189986810345,1,2869.73452838269,-5733.46905676538,-5724.98411555347,8.38451101259361e-20,123,125,"FRic","crypto5BRIF"
0.00195318765703653,-0.0061610140693289,2.64493269787166e-11,0.240712237987629,0.624566308687829,1,2868.11457009341,-5730.22914018683,-5721.74419897492,8.60467284081291e-20,123,125,"FRic","crypto5LR"
0.000500949314934219,-0.00762505922722068,2.64685629322656e-11,0.0616476480839839,0.80432452299596,1,2868.02369366945,-5730.04738733889,-5721.56244612698,8.61719333150146e-20,123,125,"FRic","crypto5BRin"
0.000171615186643423,-0.00795707086874975,2.64729232581466e-11,0.0211122911469267,0.88471130510015,1,2868.00310336209,-5730.00620672417,-5721.52126551227,8.62003268973016e-20,123,125,"FRic","crypto5BRout"
0.00854169183503575,0.000481055183288115,2.63618811571801e-11,1.05967955188549,0.305308296262782,1,2868.52852531495,-5731.0570506299,-5722.572109418,8.54786997118706e-20,123,125,"FRic","transi15BRIF"
0.0021835326732778,-0.00592879632937837,2.64462746057483e-11,0.269162243365971,0.604826463381367,1,2868.12899649599,-5730.25799299198,-5721.77305178007,8.60268691842855e-20,123,125,"FRic","transi15BRin"
0.0208179756737298,0.0128571462076628,2.61981657637199e-11,2.61505107758755,0.108415939261439,1,2869.30723429885,-5732.61446859771,-5724.1295273858,8.44202983941514e-20,123,125,"FRic","transi15BRout"
0.000365758417605567,-0.00776134923753569,2.64703529228515e-11,0.0450047462302506,0.832346448664988,1,2868.01524057517,-5730.03048115034,-5721.54553993843,8.61835888148186e-20,123,125,"FRic","pare15BRout"
0.00379577459075892,-0.00430344675403149,2.64249004197019e-11,0.468659199343942,0.494892584579163,1,2868.230063794,-5730.46012758801,-5721.9751863761,8.58878695495128e-20,123,125,"FRic","resid15BRout"
0.0270145134375534,0.0191040623272897,2.61151395411787e-11,3.41504081891134,0.0670069878404862,1,2869.70400856005,-5733.4080171201,-5724.92307590819,8.38860631303938e-20,123,125,"FRic","resid15BRIF"
0.00814098282578457,7.70883772137632e-05,2.63672078441803e-11,1.00955969571593,0.316980909808246,1,2868.50327034128,-5731.00654068256,-5722.52159947065,8.55132468882788e-20,123,125,"FRic","pare15LR"
0.0160323687311948,0.00803263189161096,2.62621075575791e-11,2.00411201676841,0.159400270659641,1,2869.00251883763,-5732.00503767527,-5723.52009646336,8.48328900839998e-20,123,125,"FRic","pare15BRin"
0.0259538836618046,0.0180348095452338,2.61293694298621e-11,3.27738865424885,0.0726817671776556,1,2869.63591581061,-5733.27183162123,-5724.78689040932,8.39775054566723e-20,123,125,"FRic","pare15BRIF"
0.0397729843665233,0.0319662606621862,2.59433544905757e-11,5.09470885263,0.0257632313396541,1,2870.52897323356,-5735.05794646712,-5726.57300525521,8.27860899935117e-20,123,125,"FRic","sst_sd_6_year_mean"
0.0347890260417295,0.0269417823510119,2.60105954914943e-11,4.43327968556408,0.0372785862747616,1,2870.20541247212,-5734.41082494425,-5725.92588373234,8.32157825721236e-20,123,125,"FRic","sst_q90_6_year_mean"
0.0368104600688379,0.028979650801105,2.59833443195379e-11,4.70072234047584,0.0320753101872315,1,2870.33644300448,-5734.67288600897,-5726.18794479706,8.30415043894026e-20,123,125,"FRic","sst_mean_6_year_mean"
0.0029896835820185,-0.0051160913482089,0.056930368032092,0.368833776875494,0.544760186112372,1,181.881566144739,-357.763132289477,-349.27819107757,0.398651216925141,123,125,"FEve","sedimnt"
0.0191225171799676,0.011147903498504,0.0564678884032675,2.39792395516491,0.124065578636517,1,182.90116337564,-359.802326751281,-351.317385539374,0.392200557749036,123,125,"FEve","DESIG"
0.0179478880402582,0.00996372452839045,0.0565016892512566,2.24793593136965,0.136355069469445,1,182.826362598078,-359.652725196156,-351.167783984249,0.392670229254205,123,125,"FEve","crypto5BROF"
0.000104549884496726,-0.00802468141725532,0.0570126806545581,0.0128609804071133,0.909893367326952,1,181.700965753285,-357.40193150657,-348.916990294663,0.399804827916491,123,125,"FEve","crypto5BRIF"
0.00877324631129431,0.000714492216264184,0.0567650040226342,1.08866038196957,0.29881457074262,1,182.245178407653,-358.490356815305,-350.005415603398,0.39633867884783,123,125,"FEve","crypto5LR"
0.036666842012292,0.0288348651180831,0.0559606074106083,4.6816841402333,0.0324189866513634,1,184.029179079113,-362.058358158226,-353.57341694632,0.385185518557,123,125,"FEve","crypto5BRin"
0.0164817560984596,0.00848567281470725,0.0565438499651894,2.06122866828435,0.15362654696666,1,182.733124253205,-359.466248506409,-350.981307294502,0.39325645717296,123,125,"FEve","crypto5BRout"
0.0452986722735188,0.0375368728611084,0.0557093291292972,5.83610447354389,0.0171707491846831,1,184.591726872192,-363.183453744385,-354.698512532478,0.381734110300472,123,125,"FEve","transi15BRIF"
0.101765187853403,0.0944624658034302,0.054036735790696,13.9352404702008,0.000287864690290766,1,188.402166131479,-370.804332262958,-362.319391051051,0.359156164234359,123,125,"FEve","transi15BRin"
0.0509548782861934,0.0432390642885202,0.0555440567373335,6.60395368545163,0.011368495809564,1,184.963114475936,-363.926228951871,-355.441287739964,0.379472495377335,123,125,"FEve","transi15BRout"
0.0173832779353118,0.00939452409738761,0.0565179291433991,2.1759686539332,0.142736401880865,1,182.790439869607,-359.580879739213,-351.095938527306,0.392895986702968,123,125,"FEve","pare15BRout"
0.0431242925408731,0.0353448152444575,0.0557727334314344,5.54334062530683,0.0201350998709252,1,184.449541870594,-362.899083741188,-354.414142529281,0.382603528712902,123,125,"FEve","resid15BRout"
0.00453984209947108,-0.00355332991598023,0.0568860929511329,0.560947189903246,0.455308764999587,1,181.978817198782,-357.957634397564,-349.472693185657,0.398031391263127,123,125,"FEve","resid15BRIF"
0.0404263715533397,0.0326249599399523,0.055851303988149,5.18193034244812,0.0245517762258541,1,184.273570432212,-362.547140864425,-354.062199652518,0.383682283332726,123,125,"FEve","pare15LR"
0.0224080261393323,0.0144601239128229,0.0563732377589669,2.81936358811668,0.0956719481130124,1,183.110862334074,-360.221724668148,-351.736783456241,0.390886858057768,123,125,"FEve","pare15BRin"
0.000402823130368055,-0.00772398318564504,0.0570041764525962,0.0495672118547137,0.824187356532442,1,181.719612561734,-357.439225123468,-348.954283911561,0.399685564363763,123,125,"FEve","pare15BRIF"
0.0100980134174335,0.0020500297866809,0.0567270583392528,1.25472588920875,0.264834220351227,1,182.32876505681,-358.657530113621,-350.172588901714,0.395808975182474,123,125,"FEve","sst_sd_6_year_mean"
0.028235370225333,0.0203348447800106,0.056204968544108,3.57385979207873,0.0610485909369945,1,183.484534436549,-360.969068873098,-352.484127661191,0.388556814152433,123,125,"FEve","sst_q90_6_year_mean"
0.0233676936419877,0.0154275935902966,0.0563455611570859,2.94299737910867,0.0887684906452507,1,183.172246510235,-360.344493020469,-351.859551808562,0.390503138239149,123,125,"FEve","sst_mean_6_year_mean"
0.00163279695853238,-0.00648400957026007,0.0413910837681047,0.201162483390533,0.654573272525406,1,221.726993378289,-437.453986756579,-428.969045544672,0.210726283306286,123,125,"FDiv","sedimnt"
0.0306100034552153,0.0227287839711113,0.0407859809421057,3.8839171421319,0.0509965789812095,1,223.567877342244,-441.135754684487,-432.65081347258,0.204610037693407,123,125,"FDiv","DESIG"
0.0116922404373644,0.00365721800189589,0.0411820297185489,1.4551596503019,0.230016968117843,1,222.359930927179,-438.719861854358,-430.234920642451,0.208603027323952,123,125,"FDiv","crypto5BROF"
0.0163975542664755,0.00840078641498365,0.0410838793389033,2.05052273255826,0.154690243045688,1,222.65820279745,-439.3164055949,-430.831464382993,0.207609872408628,123,125,"FDiv","crypto5BRIF"
0.0166857757369373,0.00869135114943276,0.0410778595675292,2.08717657591235,0.151083062742381,1,222.676519630398,-439.353039260795,-430.868098048888,0.207549037237907,123,125,"FDiv","crypto5LR"
0.0185028124922698,0.0105231605613127,0.0410398887480492,2.3187493204419,0.130389624760724,1,222.792118337635,-439.58423667527,-431.099295463363,0.207165513619628,123,125,"FDiv","crypto5BRin"
0.0109378986719002,0.00289674337654988,0.0411977431434345,1.36023970065903,0.245752349050717,1,222.31224499491,-438.624489989819,-430.139548777913,0.208762246933825,123,125,"FDiv","crypto5BRout"
0.0120050263587351,0.00397254689823712,0.0411755124275918,1.49456048008253,0.223847632564168,1,222.379714455198,-438.759428910397,-430.27448769849,0.208537007311996,123,125,"FDiv","transi15BRIF"
8.80400797989558e-05,-0.00804132544800762,0.0414230932568436,0.0108298832790597,0.917285894696261,1,221.630362911493,-437.260725822987,-428.77578461108,0.211052336560715,123,125,"FDiv","transi15BRin"
0.00161256811107485,-0.00650440287989196,0.0413915030976238,0.198666240506394,0.656583135154466,1,221.725727020427,-437.451454040853,-428.966512828946,0.210730553027714,123,125,"FDiv","transi15BRout"
0.042272969705889,0.0344865710856117,0.0405398854773515,5.42907854676253,0.0214334405996123,1,224.324390081525,-442.648780163051,-434.163838951144,0.202148324685564,123,125,"FDiv","pare15BRout"
0.0171718555741305,0.00918138285522108,0.0410677053426715,2.14904126178832,0.145210774593327,1,222.70742277447,-439.41484554894,-430.929904337034,0.207446439919836,123,125,"FDiv","resid15BRout"
0.0232333936863662,0.0152922017651173,0.04094086807639,2.925680920039,0.0897015570278835,1,223.094081638685,-440.188163277371,-431.703222065464,0.20616702549835,123,125,"FDiv","resid15BRIF"
0.00206017917925839,-0.00605315269733286,0.0413822234475635,0.253925170397926,0.615226085731158,1,221.753754180996,-437.507508361992,-429.022567150085,0.210636075348081,123,125,"FDiv","pare15LR"
0.0407769776026551,0.0329784164449531,0.0405715352491319,5.22878217892579,0.0239259159881576,1,224.226839782495,-442.45367956499,-433.968738353083,0.202464085114001,123,125,"FDiv","pare15BRin"
0.00743420202412174,-0.000635438609828398,0.0412706489737699,0.921255649581829,0.339028459797667,1,222.091233503547,-438.182467007095,-429.697525795188,0.209501775406085,123,125,"FDiv","pare15BRIF"
0.0356214637839962,0.0277809878798011,0.0406804185886093,4.54327826770521,0.0350376995203785,1,223.891821978271,-441.783643956541,-433.298702744634,0.203552264154969,123,125,"FDiv","sst_sd_6_year_mean"
0.0271533629820543,0.019244040729876,0.0408586333410832,3.43308340668198,0.0662994803647053,1,223.345411908387,-440.690823816774,-432.205882604867,0.205339633975633,123,125,"FDiv","sst_q90_6_year_mean"
0.0302972712741471,0.0224135092519857,0.0407925593369043,3.84299667962844,0.0522148500076672,1,223.547717644637,-441.095435289274,-432.610494077367,0.204676046362347,123,125,"FDiv","sst_mean_6_year_mean"
4.53178730954694e-05,-0.00808439498972491,0.0409667040057762,0.00557435100847433,0.940605270682144,1,223.015224673492,-440.030449346984,-431.545508135077,0.206427312962917,123,125,"FDis","sedimnt"
0.00546898628758137,-0.00261663171008042,0.0408554530025965,0.676384450658292,0.412426017290297,1,223.355141988691,-440.710283977382,-432.225342765475,0.205307668925826,123,125,"FDis","DESIG"
0.000419199298922643,-0.00770747387750892,0.0409590445978211,0.051583137382512,0.820708102019249,1,223.038597691463,-440.077195382925,-431.592254171018,0.206350130127054,123,125,"FDis","crypto5BROF"
0.00951532547907908,0.00146260454801472,0.0407722562439744,1.18162861479187,0.27915028857301,1,223.609947581665,-441.21989516333,-432.734953951423,0.20447235614459,123,125,"FDis","crypto5BRIF"
0.0103941854821205,0.00234860975433293,0.040754163557433,1.29191319972557,0.257905256429806,1,223.66542863579,-441.33085727158,-432.845916059673,0.204290927213718,123,125,"FDis","crypto5LR"
0.00034068251265718,-0.00778662901163019,0.0409606532268569,0.0419182298647096,0.838114134362922,1,223.033688527126,-440.067377054252,-431.582435842345,0.206366338870812,123,125,"FDis","crypto5BRin"
0.00886973924802096,0.000811769648411453,0.0407855415174476,1.10074121506374,0.296160598852156,1,223.56922408877,-441.13844817754,-432.653506965633,0.204605628815187,123,125,"FDis","crypto5BRout"
0.0139345268453291,0.00591773438065712,0.040681198683514,1.73816734145669,0.189820956366461,1,223.889424979136,-441.778849958272,-433.293908746365,0.203560070938288,123,125,"FDis","transi15BRIF"
8.75358758837763e-05,-0.00804183375114165,0.0409658391912449,0.0107678553073502,0.91752224836426,1,223.017863473954,-440.035726947908,-431.550785736001,0.206418597619082,123,125,"FDis","transi15BRin"
0.000838171907678036,-0.0072850949873815,0.0409504597408722,0.103181628586868,0.748589628639926,1,223.064799952878,-440.129599905756,-431.644658693849,0.206263638817622,123,125,"FDis","transi15BRout"
0.018944625851379,0.0109685658989512,0.0405777185436915,2.37518598962041,0.125845724125563,1,224.20779064069,-442.415581281379,-433.930640069472,0.202525802791958,123,125,"FDis","pare15BRout"
0.00477921437647522,-0.00331201152290306,0.0408696185031554,0.590666289127148,0.443634714918786,1,223.311809200968,-440.623618401936,-432.138677190029,0.205450063140996,123,125,"FDis","resid15BRout"
0.0155485633622739,0.00754489314570705,0.0406478906359108,1.94267916362793,0.165891036545764,1,223.991811621309,-441.983623242617,-433.49868203071,0.203226874617322,123,125,"FDis","resid15BRIF"
0.00276111327432251,-0.00534651995108937,0.0409110350677479,0.340557249884993,0.560576326557827,1,223.185200503419,-440.370401006838,-431.885459794931,0.205866673208683,123,125,"FDis","pare15LR"
0.0134520087351417,0.00543129335900472,0.0406911508696933,1.67715822146783,0.197728054926169,1,223.85884891035,-441.7176978207,-433.232756608793,0.203659680369317,123,125,"FDis","pare15BRin"
0.00451533343674177,-0.00357803783613009,0.040875036395698,0.557905140454461,0.456530944576303,1,223.295239638845,-440.590479277689,-432.105538065782,0.205504537843005,123,125,"FDis","pare15BRIF"
0.0137614918343053,0.00574329258092576,0.0406847679002994,1.71628209769231,0.192613693286816,1,223.878458425989,-441.756916851978,-433.271975640071,0.203595791709452,123,125,"FDis","sst_sd_6_year_mean"
0.0105491571120415,0.00250484131620454,0.0407509723946794,1.31138028140327,0.254368222242721,1,223.675216861765,-441.350433723529,-432.865492511622,0.204258935386767,123,125,"FDis","sst_q90_6_year_mean"
0.01124252839444,0.00320384976350052,0.0407366914902547,1.39855427870563,0.239246758141177,1,223.7190299492,-441.438059898401,-432.953118686494,0.20411579812938,123,125,"FDis","sst_mean_6_year_mean"
0.00436647320730735,-0.0037281083113323,0.0122884433322049,0.539431618206879,0.46406625866443,1,373.527772815089,-741.055545630177,-732.57060441827,0.0185737182620437,123,125,"RaoQ","sedimnt"
0.0027524907417141,-0.00535521258558891,0.01229839945576,0.339490806532712,0.561189915677262,1,373.426538547384,-740.853077094767,-732.36813588286,0.0186038273883327,123,125,"RaoQ","DESIG"
0.00846645932498166,0.000405211026810903,0.0122631155277973,1.05026653587915,0.307456995133439,1,373.785677145491,-741.571354290983,-733.086413079076,0.0184972323011166,123,125,"RaoQ","crypto5BROF"
0.0126225351223223,0.00459507605827614,0.0122373877258415,1.57241974348481,0.212233937459324,1,374.048200440892,-742.096400881783,-733.611459669876,0.0184196999773667,123,125,"RaoQ","crypto5BRIF"
0.000121903182730493,-0.00800718703529602,0.0123146094284443,0.0149959195261689,0.90273630009184,1,373.261890097612,-740.523780195223,-732.038838983316,0.018652901461141,123,125,"RaoQ","crypto5LR"
0.000372690530049911,-0.00775436076645364,0.0123130649692151,0.045858026048174,0.830788683059552,1,373.277568184043,-740.555136368085,-732.070195156178,0.0186482229791419,123,125,"RaoQ","crypto5BRin"
0.0244202605501216,0.0164887179529681,0.0121640585258812,3.0788790769258,0.0818053118363551,1,374.799481942239,-743.598963884477,-735.114022672571,0.0181996113379908,123,125,"RaoQ","crypto5BRout"
0.0113532512613489,0.00331547281631928,0.0122452508433582,1.41248621606004,0.236933722685426,1,373.967907647236,-741.935815294471,-733.450874082565,0.0184433786906622,123,125,"RaoQ","transi15BRIF"
0.000216191760242871,-0.00791213188398276,0.0123140287804712,0.026597336634898,0.87071766295829,1,373.267784130082,-740.535568260163,-732.050627048257,0.0186511424911717,123,125,"RaoQ","transi15BRin"
0.00313359454559413,-0.00497101037679926,0.012296049279578,0.386643713740544,0.535219750986835,1,373.450427842631,-740.900855685262,-732.415914473355,0.0185967178299547,123,125,"RaoQ","transi15BRout"
0.0281739151883484,0.020272890108579,0.0121406346693986,3.56585568377544,0.0613347807575812,1,375.040421660616,-744.080843321231,-735.595902109325,0.0181295862516239,123,125,"RaoQ","pare15BRout"
0.015489487516701,0.00748533700870679,0.0122196085512901,1.93518194107302,0.16670387014599,1,374.229939619753,-742.459879239506,-733.974938027599,0.0183662164770517,123,125,"RaoQ","resid15BRout"
0.0158823768427881,0.00788142055695717,0.0122171700639487,1.9850598197761,0.161381400510421,1,374.254886518318,-742.509773036637,-734.02483182473,0.0183588870576875,123,125,"RaoQ","resid15BRIF"
0.000503717079193549,-0.00762226896081297,0.0123122579728137,0.0619884253693774,0.803795576826319,1,373.28576093347,-740.57152186694,-732.086580655033,0.0186457786558612,123,125,"RaoQ","pare15LR"
0.00775297356075645,-0.000314075434684424,0.0122675268686969,0.961066874037575,0.328842549812173,1,373.740719691097,-741.481439382194,-732.996498170288,0.0185105425033266,123,125,"RaoQ","pare15BRin"
0.00798708768225203,-7.80579463475206e-05,0.012266079562418,0.990321570131263,0.321617496720185,1,373.755467892556,-741.510935785112,-733.025994573205,0.0185061750632828,123,125,"RaoQ","pare15BRIF"
0.00161718560971531,-0.00649974784061214,0.0123053979512708,0.199236031638285,0.656123035161575,1,373.355426600884,-740.710853201767,-732.22591198986,0.0186250067049143,123,125,"RaoQ","sst_sd_6_year_mean"
0.000712528314788546,-0.00741176007289601,0.0123109717888949,0.0877034739274697,0.767616697729125,1,373.298819577,-740.597639153999,-732.112697942092,0.0186418832455967,123,125,"RaoQ","sst_q90_6_year_mean"
0.000875948834774776,-0.00724701093079605,0.0123099650977631,0.107836165640937,0.743179589959926,1,373.30904147815,-740.618082956299,-732.133141744392,0.0186388346071019,123,125,"RaoQ","sst_mean_6_year_mean"
