Filename,Frame,Time (mins),Period,Period time (mins),Length (mm),Precision (mm),RMS (mm),Range (mm),Direction (deg),Horz. Dir. (deg),Vert. Dir. (deg),Mid X (mm),Mid Y (mm),Mid Z (mm),OpCode,TapeReader,Family,Genus,Species,Code,Number,Stage,Activity,Comment
GX010031_C2_L.MP4,16439,9.1419,KAD_OnoBack_Transect 1,0.1418,142.617,5.206,3.138,3910.636,2.18,7.454,3.321,-53.228,138.9,-3907.806,KAD_OnoBack,Peter,Acanthuridae,Acanthurus,sp,,1,AD,Passing,
GX010031_C2_L.MP4,16439,9.1419,KAD_OnoBack_Transect 1,0.1418,111.187,5.361,3.501,2457.883,11.167,24.093,10.886,473.579,-48.264,-2411.344,KAD_OnoBack,Peter,Labridae,Thalassoma,lutescens,37384168,1,AD,Passing,
GX010031_C2_L.MP4,16452,9.1491,KAD_OnoBack_Transect 1,0.149,,10.748,0.617,4430.377,22.052,,,1636.294,-293.814,-4106.635,KAD_OnoBack,Peter,Acanthuridae,Ctenochaetus,striatus,37437022,1,AD,Passing,
GX010031_C2_L.MP4,16462,9.1547,KAD_OnoBack_Transect 1,0.1546,,1.71,6.025,1671.127,27.927,,,640.512,-447.992,-1477.062,KAD_OnoBack,Peter,Labridae,Thalassoma,hardwicke,37384165,1,AD,Passing,
GX010031_C2_L.MP4,16522,9.1881,KAD_OnoBack_Transect 1,0.188,,9.561,1.281,4516.491,30.128,,,2245.861,-304.006,-3906.709,KAD_OnoBack,Peter,Scaridae,Chlorurus,sp,,1,AD,Passing,
GX010031_C2_L.MP4,16529,9.192,KAD_OnoBack_Transect 1,0.1919,54.586,5.331,2.867,2201.235,16.717,35.739,3.213,368.098,-515.201,-2108.2,KAD_OnoBack,Peter,Pomacanthidae,Centropyge,flavissima,37365026,1,AD,Passing,
GX010031_C2_L.MP4,16529,9.192,KAD_OnoBack_Transect 1,0.1919,,4.763,1.688,2734.36,15.779,,,570.764,-473.344,-2631.9,KAD_OnoBack,Peter,Pomacentridae,Pomacentrus,coelestis,37372111,1,AD,Passing,
GX010031_C2_L.MP4,16537,9.1964,KAD_OnoBack_Transect 1,0.1963,125.698,2.685,2.137,2292.819,14.549,5.039,4.681,406.21,-408.33,-2219.297,KAD_OnoBack,Peter,Scaridae,Chlorurus,sp,,1,AD,Passing,
GX010031_C2_L.MP4,16571,9.2153,KAD_OnoBack_Transect 1,0.2152,73.998,3.617,3.101,1905.417,26.557,44.404,24.873,790.341,-317.961,-1704.37,KAD_OnoBack,Peter,Pomacentridae,Stegastes,lacrymatus,temp_code_006,1,AD,Passing,
GX010031_C2_L.MP4,16618,9.2415,KAD_OnoBack_Transect 1,0.2414,64.226,1.45,2.916,1661.055,1.183,8.233,41.274,30.969,14.71,-1660.701,KAD_OnoBack,Peter,Pomacentridae,Pomacentrus,callainus,temp_code_004,1,AD,Passing,
GX010031_C2_L.MP4,16644,9.2559,KAD_OnoBack_Transect 1,0.2558,69.627,4.803,4.657,1649.656,13.664,87.646,11.857,371.212,118.603,-1602.966,KAD_OnoBack,Peter,Pomacentridae,Pomacentrus,callainus,temp_code_004,1,AD,Passing,
GX010031_C2_L.MP4,16711,9.2932,KAD_OnoBack_Transect 1,0.2931,197.759,17.553,9.328,3670.84,25.934,88.769,1.239,-1549.379,-420.337,-3301.183,KAD_OnoBack,Peter,Acanthuridae,Acanthurus,sp,,1,AD,Passing,
GX010031_C2_L.MP4,16762,9.3215,KAD_OnoBack_Transect 1,0.3214,,17.783,7.969,5498.125,19.187,,,-1259.545,-1289.223,-5194.308,KAD_OnoBack,Peter,Acanthuridae,Acanthurus,sp,,1,AD,Passing,
GX010031_C2_L.MP4,16762,9.3215,KAD_OnoBack_Transect 1,0.3214,151.757,3.891,2.65,2727.329,17.982,13.961,4.924,210.52,-815.234,-2594.108,KAD_OnoBack,Peter,Scaridae,Chlorurus,spilurus,temp_code_002,1,AD,Passing,
GX010031_C2_L.MP4,16803,9.3443,KAD_OnoBack_Transect 1,0.3442,,13.708,3.436,5071.778,20.088,,,-1728.728,-208.817,-4763.488,KAD_OnoBack,Peter,Acanthuridae,Acanthurus,sp,,1,AD,Passing,
GX010031_C2_L.MP4,16871,9.3822,KAD_OnoBack_Transect 1,0.382,,3.732,2.444,2434.818,20.838,,,661.926,-555.793,-2276.244,KAD_OnoBack,Peter,Pomacentridae,Pomacentrus,coelestis,37372111,1,AD,Passing,
GX010031_C2_L.MP4,16903,9.3999,KAD_OnoBack_Transect 1,0.3998,,7.545,3.532,3815.034,23.657,,,-1528.506,-80.101,-3494.53,KAD_OnoBack,Peter,Scaridae,Chlorurus,spilurus,temp_code_002,1,AD,Passing,
GX010031_C2_L.MP4,16910,9.4038,KAD_OnoBack_Transect 1,0.4037,181.259,4.692,7.276,1811.231,24.25,82.876,9.087,679.663,-302.398,-1651.416,KAD_OnoBack,Peter,Scaridae,Chlorurus,spilurus,temp_code_002,1,AD,Passing,
GX010031_C2_L.MP4,16912,9.405,KAD_OnoBack_Transect 1,0.4048,,9.562,2.928,4007.685,6.5,,,448.266,74.968,-3981.83,KAD_OnoBack,Peter,Acanthuridae,Acanthurus,sp,,1,AD,Passing,
GX010031_C2_L.MP4,17038,9.475,KAD_OnoBack_Transect 1,0.4749,90.462,2.568,4.09,1380.941,16.41,47.852,5.447,-339.661,-191.912,-1324.688,KAD_OnoBack,Peter,Pomacentridae,Stegastes,lacrymatus,temp_code_006,1,AD,Passing,
GX010031_C2_L.MP4,17094,9.5062,KAD_OnoBack_Transect 1,0.5061,116.892,2.139,2.538,1755.354,14.226,14.323,0.026,-283.979,-324.715,-1701.524,KAD_OnoBack,Peter,Acanthuridae,Ctenochaetus,striatus,37437022,1,AD,Passing,
GX010031_C2_L.MP4,17191,9.5601,KAD_OnoBack_Transect 1,0.56,,5.029,1.802,3191.022,29.974,,,1557.607,-336.458,-2764.648,KAD_OnoBack,Peter,Acanthuridae,Acanthurus,sp,,1,AD,Passing,
GX010031_C2_L.MP4,17202,9.5662,KAD_OnoBack_Transect 1,0.5661,,15.984,1.306,5544.813,24.368,,,2252.717,-392.88,-5051.323,KAD_OnoBack,Peter,Chaetodontidae,Chaetodon,lunulatus,37365059,1,AD,Passing,
GX010031_C2_L.MP4,17202,9.5662,KAD_OnoBack_Transect 1,0.5661,,15.276,3.199,5476.014,24.998,,,2301.247,-237.205,-4963.338,KAD_OnoBack,Peter,Chaetodontidae,Chaetodon,lunulatus,37365059,1,AD,Passing,
GX010031_C2_L.MP4,17243,9.589,KAD_OnoBack_Transect 1,0.5889,123.615,6.426,4.587,2671.372,8.461,27.144,20.768,-386.638,70.794,-2642.296,KAD_OnoBack,Peter,Acanthuridae,Acanthurus,sp,,1,AD,Passing,
GX010031_C2_L.MP4,17391,9.6713,KAD_OnoBack_Transect 1,0.6712,,2.657,4.927,2043.583,22.555,,,-494.222,-606.085,-1888.024,KAD_OnoBack,Peter,Pomacentridae,Stegastes,lacrymatus,temp_code_006,1,AD,Passing,
GX010031_C2_L.MP4,17402,9.6774,KAD_OnoBack_Transect 1,0.6773,,11.872,9.396,4672.726,24.782,,,1811.233,-740.278,-4243.324,KAD_OnoBack,Peter,Acanthuridae,Acanthurus,sp,,1,AD,Passing,
GX010031_C2_L.MP4,17497,9.7303,KAD_OnoBack_Transect 1,0.7302,,13.625,5.439,5299.669,25.398,,,-2266.35,-168.111,-4787.681,KAD_OnoBack,Peter,Acanthuridae,Acanthurus,sp,,1,AD,Passing,
GX010031_C2_L.MP4,17529,9.7481,KAD_OnoBack_Transect 1,0.748,,25.022,7.317,6566.2,8.443,,,793.858,-539.157,-6495.697,KAD_OnoBack,Peter,Scaridae,Scarus,sp,,1,AD,Passing,
GX010031_C2_L.MP4,17563,9.767,KAD_OnoBack_Transect 1,0.7669,,10.327,3.428,4194.102,4.443,,,231.238,-223.138,-4181.773,KAD_OnoBack,Peter,Acanthuridae,Acanthurus,sp,,1,AD,Passing,
GX010031_C2_L.MP4,17719,9.8537,KAD_OnoBack_Transect 1,0.8536,,10.954,0.945,4257.233,16.98,,,-26.529,-1237.981,-4073.172,KAD_OnoBack,Peter,Scaridae,Scarus,sp,,1,AD,Passing,
GX010031_C2_L.MP4,17736,9.8632,KAD_OnoBack_Transect 1,0.8631,129.868,10.484,2.889,2693.021,19.312,59.016,6.454,-474.082,-753.957,-2541.488,KAD_OnoBack,Peter,Acanthuridae,Acanthurus,sp,,1,AD,Passing,
GX010031_C2_L.MP4,17736,9.8632,KAD_OnoBack_Transect 1,0.8631,154.488,11.144,5.559,2704.956,20.132,70.12,5.997,-653.423,-663.183,-2539.688,KAD_OnoBack,Peter,Acanthuridae,Acanthurus,sp,,1,AD,Passing,
GX010031_C2_L.MP4,17743,9.8671,KAD_OnoBack_Transect 1,0.867,,7.656,7.718,3554.486,21.815,,,-518.736,-1210.698,-3301.438,KAD_OnoBack,Peter,Scaridae,Scarus,sp,,1,AD,Passing,
GX010031_C2_L.MP4,17814,9.9066,KAD_OnoBack_Transect 1,0.9065,88.894,7.923,3.395,2360.205,14.025,56.388,25.382,-150.866,-551.721,-2289.849,KAD_OnoBack,Peter,Labridae,Thalassoma,hardwicke,37384165,1,AD,Passing,
GX010031_C2_L.MP4,17857,9.9305,KAD_OnoBack_Transect 1,0.9304,,6.168,11.126,3229.75,15.469,,,-844.645,-165.5,-3112.952,KAD_OnoBack,Peter,Acanthuridae,Acanthurus,sp,,1,AD,Passing,
GX010031_C2_L.MP4,17874,9.9399,KAD_OnoBack_Transect 1,0.9398,,3.222,2.013,2370.745,23.311,,,-919.807,-181.873,-2177.455,KAD_OnoBack,Peter,Acanthuridae,Ctenochaetus,sp,,1,AD,Passing,
GX010031_C2_L.MP4,17877,9.9416,KAD_OnoBack_Transect 1,0.9415,222.147,17.142,3.249,3616.751,10.442,43.608,11.309,-619.37,214.642,-3556.853,KAD_OnoBack,Peter,Scaridae,Chlorurus,spilurus,temp_code_002,1,AD,Passing,
GX010031_C2_L.MP4,17877,9.9416,KAD_OnoBack_Transect 1,0.9415,118.686,9.146,3.348,3992.901,17.536,6.24,0.347,-1186.045,201.56,-3807.352,KAD_OnoBack,Peter,Scaridae,Chlorurus,spilurus,temp_code_002,1,AD,Passing,
GX010031_C2_L.MP4,17919,9.965,KAD_OnoBack_Transect 1,0.9649,,3.516,13.928,2560.539,27.529,,,-1114.387,-395.62,-2271.12,KAD_OnoBack,Peter,Pomacanthidae,Centropyge,flavissima,37365026,1,AD,Passing,
GX010031_C2_L.MP4,17940,9.9766,KAD_OnoBack_Transect 1,0.9765,129.538,3.037,2.885,2646.476,13.123,3.214,16.664,396.599,-451.396,-2577.361,KAD_OnoBack,Peter,Acanthuridae,Acanthurus,sp,,1,AD,Passing,
GX010031_C2_L.MP4,17953,9.9839,KAD_OnoBack_Transect 1,0.9838,119.084,11.048,1.541,2557.522,11.479,65.566,6.532,-485.999,-151.136,-2506.368,KAD_OnoBack,Peter,Acanthuridae,Acanthurus,sp,,1,AD,Passing,
GX010031_C2_L.MP4,17970,9.9933,KAD_OnoBack_Transect 1,0.9932,65.568,4.332,2.785,2454.679,23.323,12.04,13.769,-965.264,-112.779,-2254.107,KAD_OnoBack,Peter,Pomacentridae,Stegastes,lacrymatus,temp_code_006,1,AD,Passing,
GX010031_C2_L.MP4,18119,10.0762,KAD_OnoBack_Transect 1,1.0761,,8.84,1.229,4323.734,29.453,,,2124.882,74.94,-3764.828,KAD_OnoBack,Peter,Labridae,Thalassoma,hardwicke,37384165,1,AD,Passing,
GX010031_C2_L.MP4,18206,10.1246,KAD_OnoBack_Transect 1,1.1245,158.519,12.187,5.327,3099.175,16.969,56.387,28.578,-820.18,-381.353,-2964.247,KAD_OnoBack,Peter,Labridae,Halichoeres,hortulanus,37384112,1,AD,Passing,
GX010031_C2_L.MP4,18213,10.1285,KAD_OnoBack_Transect 1,1.1283,189.47,13.467,9.391,5453.857,7.193,11.617,21.204,-631.241,260.426,-5410.939,KAD_OnoBack,Peter,Scaridae,Chlorurus,spilurus,temp_code_002,1,AD,Passing,
GX010031_C2_L.MP4,18213,10.1285,KAD_OnoBack_Transect 1,1.1283,,13.727,4.343,4914.628,2.131,,,72.007,173.987,-4911.019,KAD_OnoBack,Peter,Mullidae,Mulloidichthys,flavolineatus,37355019,1,AD,Passing,
GX010031_C2_L.MP4,18289,10.1707,KAD_OnoBack_Transect 1,1.1706,150.829,5.383,14.383,1986.362,25.171,81.416,16.322,-646.776,-543.552,-1797.739,KAD_OnoBack,Peter,Labridae,Halichoeres,hortulanus,37384112,1,AD,Passing,
GX010031_C2_L.MP4,18289,10.1707,KAD_OnoBack_Transect 1,1.1706,102.365,9.718,1.569,2898.235,24.41,53.117,5.573,-1193.595,99.401,-2639.17,KAD_OnoBack,Peter,Labridae,Labroides,bicolor,37384130,1,AD,Passing,
GX010031_C2_L.MP4,18377,10.2197,KAD_OnoBack_Transect 1,1.2196,100.92,9.843,3.338,2979.96,22.033,46.796,16.648,-1101.913,-188.336,-2762.332,KAD_OnoBack,Peter,Chaetodontidae,Chaetodon,lunulatus,37365059,1,AD,Passing,
GX010031_C2_L.MP4,18389,10.2263,KAD_OnoBack_Transect 1,1.2262,195.335,6.784,4.877,3910.883,9.203,11.348,12.961,143.212,-608.873,-3860.541,KAD_OnoBack,Peter,Scaridae,Chlorurus,spilurus,temp_code_002,1,AD,Passing,
GX010031_C2_L.MP4,18389,10.2263,KAD_OnoBack_Transect 1,1.2262,,8.214,2.94,3682.703,7.685,,,71.755,-482.753,-3650.219,KAD_OnoBack,Peter,Scaridae,Chlorurus,spilurus,temp_code_002,1,AD,Passing,
GX010031_C2_L.MP4,18400,10.2324,KAD_OnoBack_Transect 1,1.2323,86.559,5.997,6.763,2671.865,22.37,25.019,11.091,-967.946,-311.69,-2470.788,KAD_OnoBack,Peter,Chaetodontidae,Chaetodon,lunulatus,37365059,1,AD,Passing,
GX010031_C2_L.MP4,18471,10.2719,KAD_OnoBack_Transect 1,1.2718,50.484,3.931,12.24,1662.546,24.747,77.226,3.066,-487.104,-497.093,-1509.863,KAD_OnoBack,Peter,Pomacentridae,Pomacentrus,coelestis,37372111,1,AD,Passing,
GX010031_C2_L.MP4,18471,10.2719,KAD_OnoBack_Transect 1,1.2718,,2.712,8.117,2118.222,23.633,,,-742.412,-409.773,-1941.075,KAD_OnoBack,Peter,Pomacentridae,Pomacentrus,coelestis,37372111,1,AD,Passing,
GX010031_C2_L.MP4,18555,10.3186,KAD_OnoBack_Transect 1,1.3185,,19.028,0.325,5883.759,19.009,,,1916.216,-19.264,-5562.946,KAD_OnoBack,Peter,Scaridae,Chlorurus,spilurus,temp_code_002,1,AD,Passing,
GX010031_C2_L.MP4,18555,10.3186,KAD_OnoBack_Transect 1,1.3185,,11.729,1.209,4533.679,17.811,,,1377.529,-154.154,-4316.584,KAD_OnoBack,Peter,Mullidae,Mulloidichthys,flavolineatus,37355019,1,AD,Passing,
GX010031_C2_L.MP4,18555,10.3186,KAD_OnoBack_Transect 1,1.3185,,11.534,3.691,4437.548,15.621,,,1165.79,-257.045,-4273.955,KAD_OnoBack,Peter,Nemipteridae,Scolopsis,bilineata,37347031,1,AD,Passing,
GX010031_C2_L.MP4,18687,10.392,KAD_OnoBack_Transect 1,1.3919,73.745,3.711,2.85,1882.155,15.078,33.019,8.902,-268.35,-409.535,-1817.354,KAD_OnoBack,Peter,Pomacentridae,Stegastes,lacrymatus,temp_code_006,1,AD,Passing,
GX010031_C2_L.MP4,18711,10.4054,KAD_OnoBack_Transect 1,1.4053,,11.483,2.426,4371.542,10.466,,,-409.702,-674.933,-4299.65,KAD_OnoBack,Peter,Scaridae,Chlorurus,spilurus,temp_code_002,1,AD,Passing,
GX010031_C2_L.MP4,18729,10.4154,KAD_OnoBack_Transect 1,1.4153,133.075,6.622,3.056,2536.327,18.393,33.788,3.567,-695.994,-395.029,-2406.761,KAD_OnoBack,Peter,Acanthuridae,Ctenochaetus,striatus,37437022,1,AD,Passing,
GX010031_C2_L.MP4,18819,10.4655,KAD_OnoBack_Transect 1,1.4654,219.033,11.474,6.977,3799.706,13.085,21.925,7.356,-841.787,-177.243,-3701.047,KAD_OnoBack,Peter,Scaridae,Chlorurus,spilurus,temp_code_002,1,AD,Passing,
GX010031_C2_L.MP4,18828,10.4705,KAD_OnoBack_Transect 1,1.4704,178.589,5.769,6.025,2337.139,24.471,40.403,0.678,709.177,-659.052,-2127.19,KAD_OnoBack,Peter,Labridae,Cheilinus,trilobatus,37384044,1,AD,Passing,
GX010031_C2_L.MP4,18830,10.4716,KAD_OnoBack_Transect 1,1.4715,,2.727,9.612,2190.781,29.243,,,873.088,-616.598,-1912.341,KAD_OnoBack,Peter,Pomacentridae,Pomacentrus,coelestis,37372111,1,AD,Passing,
GX010031_C2_L.MP4,18902,10.5116,KAD_OnoBack_Transect 1,1.5115,,4.353,2.387,2609.018,11.252,,,-152.647,-482.505,-2559.465,KAD_OnoBack,Peter,Pomacanthidae,Centropyge,flavissima,37365026,1,AD,Passing,
GX010031_C2_L.MP4,18902,10.5116,KAD_OnoBack_Transect 1,1.5115,,4.181,1.575,2551.543,12.599,,,-190.346,-519.934,-2490.745,KAD_OnoBack,Peter,Pomacentridae,Pomacentrus,coelestis,37372111,1,AD,Passing,
GX010031_C2_L.MP4,18921,10.5222,KAD_OnoBack_Transect 1,1.5221,73.75,2.171,4.826,2351.767,13.491,1.548,0.731,-235.604,-495.502,-2286.871,KAD_OnoBack,Peter,Pomacanthidae,Centropyge,flavissima,37365026,1,AD,Passing,
GX010031_C2_L.MP4,18929,10.5266,KAD_OnoBack_Transect 1,1.5265,58.087,2.374,2.93,2379.55,11.055,6.084,12.366,-175.221,-421.299,-2335.393,KAD_OnoBack,Peter,Pomacanthidae,Centropyge,flavissima,37365026,1,AD,Passing,
GX010031_C2_L.MP4,19097,10.6201,KAD_OnoBack_Transect 1,1.62,,20.961,3.023,6131.619,17.353,,,1828.351,49.141,-5852.476,KAD_OnoBack,Peter,Scaridae,Chlorurus,spilurus,temp_code_002,1,AD,Passing,
GX010031_C2_L.MP4,19181,10.6668,KAD_OnoBack_Transect 1,1.6667,,12.809,4.477,5014.747,26.74,,,2186.543,-551.547,-4479.12,KAD_OnoBack,Peter,Scaridae,Scarus,sp,,1,AD,Passing,
GX010031_C2_L.MP4,19273,10.7179,KAD_OnoBack_Transect 1,1.7178,,10.446,2.959,4229.952,8.846,,,-649.235,45.205,-4179.587,KAD_OnoBack,Peter,Scaridae,Chlorurus,spilurus,temp_code_002,1,AD,Passing,
GX010031_C2_L.MP4,19318,10.743,KAD_OnoBack_Transect 1,1.7429,,4.383,3.298,2916.347,26.67,,,-1300.057,-149.522,-2606.257,KAD_OnoBack,Peter,Labridae,Thalassoma,hardwicke,37384165,1,AD,Passing,
GX010031_C2_L.MP4,19344,10.7574,KAD_OnoBack_Transect 1,1.7573,77.295,5.226,3.116,2913.273,11.457,13.651,10.342,511.12,-271.358,-2855.22,KAD_OnoBack,Peter,Labridae,Thalassoma,hardwicke,37384165,1,AD,Passing,
GX010031_C2_L.MP4,19440,10.8108,KAD_OnoBack_Transect 1,1.8107,247.232,9.415,8.696,4052.281,23.838,7.585,20.996,-1435.469,-788.441,-3706.585,KAD_OnoBack,Peter,Scaridae,Scarus,schlegeli,37386029,1,AD,Passing,
GX010031_C2_L.MP4,19528,10.8597,KAD_OnoBack_Transect 1,1.8596,161.12,5.982,5.335,2219.328,23.297,50.888,3.032,-691.404,-540.739,-2038.376,KAD_OnoBack,Peter,Acanthuridae,Acanthurus,nigrofuscus,37437014,1,AD,Passing,
GX010031_C2_L.MP4,19578,10.8875,KAD_OnoBack_Transect 1,1.8874,140.037,8.649,5.655,3027.265,25.217,36.196,6.477,-1169.637,-543.478,-2738.779,KAD_OnoBack,Peter,Mullidae,Parupeneus,multifasciatus,37355026,1,AD,Passing,
GX010031_C2_L.MP4,19698,10.9543,KAD_OnoBack_Transect 1,1.9542,68.532,1.848,5.453,1749.246,21.089,4.675,7.409,-389.434,-494.462,-1632.087,KAD_OnoBack,Peter,Labridae,Thalassoma,hardwicke,37384165,1,AD,Passing,
GX010031_C2_L.MP4,19698,10.9543,KAD_OnoBack_Transect 1,1.9542,88.165,5.954,6.197,2521.491,25.152,32.568,4.03,933.055,-527.164,-2282.417,KAD_OnoBack,Peter,Labridae,Thalassoma,hardwicke,37384165,1,AD,Passing,
GX010031_C2_L.MP4,19698,10.9543,KAD_OnoBack_Transect 1,1.9542,,4.942,0.371,2816.547,18.431,,,743.82,-486.284,-2672.676,KAD_OnoBack,Peter,Labridae,Thalassoma,hardwicke,37384165,1,AD,Passing,
GX010031_C2_L.MP4,19709,10.9604,KAD_OnoBack_Transect 1,1.9603,118.47,7.398,3.208,3770.932,12.594,7.351,0.531,808.519,149.318,-3680.208,KAD_OnoBack,Peter,Acanthuridae,Ctenochaetus,striatus,37437022,1,AD,Passing,
GX010031_C2_L.MP4,19732,10.9732,KAD_OnoBack_Transect 1,1.9731,,6.795,1.04,3746.335,31.116,,,1837.284,-606.378,-3208.07,KAD_OnoBack,Peter,Scaridae,Chlorurus,spilurus,temp_code_002,1,AD,Passing,
GX010031_C2_L.MP4,27484,15.2842,KAD_OnoBack_Transect 2,0.124,88.134,1.29,6.127,1163.967,16.789,20.135,2.08,-274.068,-194.742,-1114.353,KAD_OnoBack,Peter,Labridae,Thalassoma,hardwicke,37384165,1,AD,Passing,
GX010031_C2_L.MP4,27536,15.3131,KAD_OnoBack_Transect 2,0.1529,,9.145,0.327,3902.249,9.541,,,-501.449,-403.842,-3848.767,KAD_OnoBack,Peter,Acanthuridae,Acanthurus,sp,,1,AD,Passing,
GX010031_C2_L.MP4,27536,15.3131,KAD_OnoBack_Transect 2,0.1529,155.092,8.621,2.387,3383.188,21.436,16.877,5.097,1218.714,-208.68,-3149.151,KAD_OnoBack,Peter,Acanthuridae,Ctenochaetus,striatus,37437022,1,AD,Passing,
GX010031_C2_L.MP4,27536,15.3131,KAD_OnoBack_Transect 2,0.1529,132.339,8.139,4.25,3577.857,18.212,10.842,14.193,1095.289,-225.227,-3398.628,KAD_OnoBack,Peter,Acanthuridae,Ctenochaetus,striatus,37437022,1,AD,Passing,
GX010031_C2_L.MP4,27538,15.3142,KAD_OnoBack_Transect 2,0.154,45.47,1.253,1.152,1292.003,17.497,2.224,20.049,318.656,-222.147,-1232.226,KAD_OnoBack,Peter,Labridae,Thalassoma,hardwicke,37384165,1,AD,Passing,
GX010031_C2_L.MP4,27554,15.3231,KAD_OnoBack_Transect 2,0.1629,,3.397,15.364,2476.502,27.713,,,-1001.355,-566.202,-2193.118,KAD_OnoBack,Peter,Pomacentridae,Pomacentrus,coelestis,37372111,1,AD,Passing,
GX010031_C2_L.MP4,27581,15.3381,KAD_OnoBack_Transect 2,0.178,,5.839,2.198,3186.634,23.415,,,1152.067,-522.053,-2924.866,KAD_OnoBack,Peter,Pomacentridae,Plectroglyphidodon,dickii,37372098,1,AD,Passing,
GX010031_C2_L.MP4,27623,15.3615,KAD_OnoBack_Transect 2,0.2013,79.797,4.086,3.227,2429.297,21.556,7.761,10.266,-892.366,18.194,-2259.388,KAD_OnoBack,Peter,Chaetodontidae,Chaetodon,trifascialis,37365058,1,AD,Passing,
GX010031_C2_L.MP4,27623,15.3615,KAD_OnoBack_Transect 2,0.2013,207.679,13,6.564,4282.041,18.08,20.006,21.205,-1299.717,276.916,-4070.618,KAD_OnoBack,Peter,Scaridae,Chlorurus,spilurus,temp_code_002,1,AD,Passing,
GX010031_C2_L.MP4,27641,15.3715,KAD_OnoBack_Transect 2,0.2113,150.54,11.08,1.205,2936.065,19.459,52.103,6.993,-976.358,-58.47,-2768.354,KAD_OnoBack,Peter,Acanthuridae,Ctenochaetus,striatus,37437022,1,AD,Passing,
GX010031_C2_L.MP4,27697,15.4026,KAD_OnoBack_Transect 2,0.2425,67.663,4.882,2.298,2701.17,17.262,16.108,14.829,-638.52,484.56,-2579.499,KAD_OnoBack,Peter,Pomacentridae,Chromis,viridis,37372053,1,AD,Passing,
GX010031_C2_L.MP4,27729,15.4204,KAD_OnoBack_Transect 2,0.2603,201.694,8.555,3.852,2514.466,19.696,57.335,16.586,-600.627,-597.848,-2367.353,KAD_OnoBack,Peter,Scaridae,Chlorurus,spilurus,temp_code_002,1,AD,Passing,
GX010031_C2_L.MP4,27750,15.4321,KAD_OnoBack_Transect 2,0.2719,111.08,4.55,1.554,2300.296,16.956,26.687,1.038,150.725,-653.708,-2200.297,KAD_OnoBack,Peter,Labridae,Halichoeres,hortulanus,37384112,1,AD,Passing,
GX010031_C2_L.MP4,28071,15.6106,KAD_OnoBack_Transect 2,0.4505,61.646,2.832,1.523,1614.722,19.593,34.204,8.03,-534.835,-84.511,-1521.229,KAD_OnoBack,Peter,Pomacentridae,Pomacentrus,spilotoceps,temp_code_012,1,AD,Passing,
GX010031_C2_L.MP4,28154,15.6568,KAD_OnoBack_Transect 2,0.4966,120.791,7.692,3.115,2300.267,20.728,70.153,2.18,-813.149,-40.187,-2151.372,KAD_OnoBack,Peter,Labridae,Thalassoma,hardwicke,37384165,1,AD,Passing,
GX010031_C2_L.MP4,28218,15.6923,KAD_OnoBack_Transect 2,0.5322,,10.9,2.699,4724.655,30.717,,,2252.624,871.045,-4060.705,KAD_OnoBack,Peter,Acanthuridae,Ctenochaetus,striatus,37437022,1,AD,Passing,
GX010031_C2_L.MP4,28269,15.7207,KAD_OnoBack_Transect 2,0.5606,,16.909,5.318,5395.857,20.102,,,1641.619,868.867,-5066.106,KAD_OnoBack,Peter,Scaridae,Chlorurus,spilurus,temp_code_002,1,AD,Passing,
GX010031_C2_L.MP4,28281,15.7274,KAD_OnoBack_Transect 2,0.5672,,19.255,1.689,5692.328,18.468,,,1494.94,1014.942,-5397.93,KAD_OnoBack,Peter,Scaridae,Scarus,frenatus,37386016,1,AD,Passing,
GX010031_C2_L.MP4,28319,15.7485,KAD_OnoBack_Transect 2,0.5884,,7.328,4.565,3554.051,21.026,,,1202.875,427.251,-3316.901,KAD_OnoBack,Peter,Acanthuridae,Acanthurus,sp,,1,AD,Passing,
GX010031_C2_L.MP4,28319,15.7485,KAD_OnoBack_Transect 2,0.5884,259.757,21.501,6.444,3843.368,18.302,82.16,30.186,1086.56,525.414,-3648.945,KAD_OnoBack,Peter,Scaridae,Chlorurus,spilurus,temp_code_002,1,AD,Passing,
GX010031_C2_L.MP4,28364,15.7735,KAD_OnoBack_Transect 2,0.6134,,4.365,7.294,2840.161,24.964,,,-1163.563,-284.943,-2575.159,KAD_OnoBack,Peter,Pomacentridae,Pomacentrus,sp,,1,AD,Passing,
GX010031_C2_L.MP4,28364,15.7735,KAD_OnoBack_Transect 2,0.6134,,6.393,1.771,3402.556,21.166,,,-1210.317,-207.212,-3173.26,KAD_OnoBack,Peter,Labridae,Stethojulis,sp,,1,AD,Passing,
GX010031_C2_L.MP4,28443,15.8175,KAD_OnoBack_Transect 2,0.6573,,10.117,8.051,4547.163,26.152,,,-1984.552,-274.567,-4082.016,KAD_OnoBack,Peter,Chaetodontidae,Chaetodon,lunulatus,37365059,1,AD,Passing,
GX010031_C2_L.MP4,28443,15.8175,KAD_OnoBack_Transect 2,0.6573,,10.935,0.206,4458.513,19.87,,,-1462.251,-392.686,-4193.562,KAD_OnoBack,Peter,Chaetodontidae,Chaetodon,lunulatus,37365059,1,AD,Passing,
GX010031_C2_L.MP4,28459,15.8264,KAD_OnoBack_Transect 2,0.6662,183.39,2.914,1.729,2783.069,6.254,1.239,3.181,301.956,-26.941,-2766.509,KAD_OnoBack,Peter,Scaridae,Chlorurus,spilurus,temp_code_002,1,AD,Passing,
GX010031_C2_L.MP4,28459,15.8264,KAD_OnoBack_Transect 2,0.6662,85.649,7.612,2.948,2534.275,5.275,35.371,4.902,-168.81,-160.561,-2523.544,KAD_OnoBack,Peter,Labridae,Thalassoma,hardwicke,37384165,1,AD,Passing,
GX010031_C2_L.MP4,28486,15.8414,KAD_OnoBack_Transect 2,0.6812,61.283,1.589,1.644,1741.701,9.058,4.842,0.151,-172.284,-213.302,-1719.984,KAD_OnoBack,Peter,Pomacentridae,Stegastes,lacrymatus,temp_code_006,1,AD,Passing,
GX010031_C2_L.MP4,28486,15.8414,KAD_OnoBack_Transect 2,0.6812,79.448,5.068,1.587,1974.551,16.402,51.311,22.146,-448.109,-331.77,-1894.196,KAD_OnoBack,Peter,Labridae,Thalassoma,sp,,1,AD,Passing,
GX010031_C2_L.MP4,28498,15.8481,KAD_OnoBack_Transect 2,0.6879,170.017,14.239,3.102,3715.869,22.875,40.18,4.01,-1439.691,-116.926,-3423.639,KAD_OnoBack,Peter,Nemipteridae,Scolopsis,bilineata,37347031,1,AD,Passing,
GX010031_C2_L.MP4,28583,15.8953,KAD_OnoBack_Transect 2,0.7352,,3.762,4.671,2480.887,20.83,,,812.32,-341.21,-2319.162,KAD_OnoBack,Peter,Pomacentridae,Pomacentrus,maafu,temp_code_005,1,AD,Passing,
GX010031_C2_L.MP4,28594,15.9014,KAD_OnoBack_Transect 2,0.7413,116.697,9.75,1.563,2525.617,13.261,55.578,5.382,-393.674,-425.037,-2458.273,KAD_OnoBack,Peter,Chaetodontidae,Chaetodon,rafflesii,37365052,1,AD,Passing,
GX010031_C2_L.MP4,28696,15.9582,KAD_OnoBack_Transect 2,0.798,97.205,4.334,6.349,2090.183,12.151,40.956,42.333,-274.268,-344.006,-2043.355,KAD_OnoBack,Peter,Labridae,Thalassoma,hardwicke,37384165,1,AD,Passing,
GX010031_C2_L.MP4,28709,15.9654,KAD_OnoBack_Transect 2,0.8052,42.24,2.934,7.783,2110.527,25.386,7.729,13.707,702.354,-570.435,-1906.732,KAD_OnoBack,Peter,Pomacentridae,Chrysiptera,sp,,1,AD,Passing,
GX010031_C2_L.MP4,28731,15.9776,KAD_OnoBack_Transect 2,0.8175,135.706,13.055,7.248,3106.71,11.983,45.531,3.361,-595.407,-248.06,-3039.013,KAD_OnoBack,Peter,Labridae,Oxycheilinus,sp,,1,AD,Passing,
GX010031_C2_L.MP4,28732,15.9782,KAD_OnoBack_Transect 2,0.818,53.764,2.498,0.274,1683.161,16.354,24.618,0.47,-273.221,-387.253,-1615.059,KAD_OnoBack,Peter,Pomacentridae,Pomacentrus,vaiuli,37372126,1,AD,Passing,
GX010031_C2_L.MP4,28768,15.9982,KAD_OnoBack_Transect 2,0.8381,,12.513,3.046,5228.055,28.24,,,-2470.321,-124.902,-4605.916,KAD_OnoBack,Peter,Mullidae,Mulloidichthys,flavolineatus,37355019,1,AD,Passing,
GX010031_C2_L.MP4,28783,16.0065,KAD_OnoBack_Transect 2,0.8464,,6.199,1.02,3499.177,26.167,,,-1524.96,-232.171,-3140.833,KAD_OnoBack,Peter,Labridae,Stethojulis,trilineata,37384157,1,AD,Passing,
GX010031_C2_L.MP4,28978,16.115,KAD_OnoBack_Transect 2,0.9548,194.691,14.286,14.302,3140.67,16.97,58.379,1.422,-911.196,-100.177,-3003.913,KAD_OnoBack,Peter,Acanthuridae,Acanthurus,sp,,1,AD,Passing,
GX010031_C2_L.MP4,29054,16.1573,KAD_OnoBack_Transect 2,0.9971,,3.732,2.252,2485.804,20.467,,,851.653,-171.012,-2329.091,KAD_OnoBack,Peter,Pomacentridae,Pomacentrus,coelestis,37372111,1,AD,Passing,
GX010031_C2_L.MP4,29054,16.1573,KAD_OnoBack_Transect 2,0.9971,55.874,3.117,2.123,2022.748,6.622,20.304,21.188,-224.551,-63.149,-2009.253,KAD_OnoBack,Peter,Labridae,Thalassoma,hardwicke,37384165,1,AD,Passing,
GX010031_C2_L.MP4,29141,16.2056,KAD_OnoBack_Transect 2,1.0455,50.335,1.675,1.935,1441.567,14.435,14.3,11.791,-328.113,-146.559,-1396.058,KAD_OnoBack,Peter,Pomacentridae,Pomacentrus,maafu,temp_code_005,1,AD,Passing,
GX010031_C2_L.MP4,29141,16.2056,KAD_OnoBack_Transect 2,1.0455,65.321,1.376,2.313,1670.12,6.534,4.228,11.536,-30.828,-187.528,-1659.273,KAD_OnoBack,Peter,Pomacentridae,Pomacentrus,maafu,temp_code_005,1,AD,Passing,
GX010031_C2_L.MP4,29175,16.2245,KAD_OnoBack_Transect 2,1.0644,,2.335,2.249,1892.985,21.626,,,510.791,-473.019,-1760.323,KAD_OnoBack,Peter,Pomacentridae,Pomacentrus,coelestis,37372111,1,AD,Passing,
GX010031_C2_L.MP4,29255,16.269,KAD_OnoBack_Transect 2,1.1089,77.868,4.877,3.875,3370.26,10.616,3.858,16.411,-603.056,-147.717,-3312.575,KAD_OnoBack,Peter,Pomacanthidae,Centropyge,flavissima,37365026,1,AD,Passing,
GX010031_C2_L.MP4,29291,16.2891,KAD_OnoBack_Transect 2,1.1289,71.187,2.685,3.552,1773.387,20.471,18.102,4.981,585.149,-205.621,-1661.391,KAD_OnoBack,Peter,Pomacentridae,Pomacentrus,vaiuli,37372126,1,AD,Passing,
GX010031_C2_L.MP4,29319,16.3046,KAD_OnoBack_Transect 2,1.1445,74.376,4.595,7.691,1793.755,19.581,65.761,17.486,-512.972,-313.447,-1690.02,KAD_OnoBack,Peter,Pomacentridae,Pomacentrus,philippinus,37372123,1,AD,Passing,
GX010031_C2_L.MP4,29361,16.328,KAD_OnoBack_Transect 2,1.1678,75.209,3.19,2.282,1922.496,6.519,26.77,31.704,196.262,-95.497,-1910.066,KAD_OnoBack,Peter,Labridae,Thalassoma,hardwicke,37384165,1,AD,Passing,
GX010031_C2_L.MP4,29400,16.3497,KAD_OnoBack_Transect 2,1.1895,77.402,2.951,4.7,1478.22,9.235,63.614,39.937,-151.146,-182.838,-1459.061,KAD_OnoBack,Peter,Pomacentridae,Stegastes,lacrymatus,temp_code_006,1,AD,Passing,
GX010031_C2_L.MP4,29443,16.3736,KAD_OnoBack_Transect 2,1.2134,44.731,3.243,14.298,1353.299,9.862,73.115,4.953,214.817,-87.062,-1333.301,KAD_OnoBack,Peter,Pomacentridae,Pomacentrus,philippinus,37372123,1,AD,Passing,
GX010031_C2_L.MP4,29451,16.378,KAD_OnoBack_Transect 2,1.2179,105.903,5.459,2.966,1894.809,7.524,53.273,15.339,-221.107,-112.526,-1878.497,KAD_OnoBack,Peter,Pomacentridae,Pomacentrus,sp,,1,AD,Passing,
GX010031_C2_L.MP4,29481,16.3947,KAD_OnoBack_Transect 2,1.2346,315.028,29.393,7.513,4660.422,23.747,81.56,9.292,-1858.277,262.821,-4265.825,KAD_OnoBack,Peter,Scaridae,Chlorurus,spilurus,temp_code_002,1,AD,Passing,
GX010031_C2_L.MP4,29481,16.3947,KAD_OnoBack_Transect 2,1.2346,,2.771,1.284,2107.303,18.152,,,-653.108,-64.122,-2002.515,KAD_OnoBack,Peter,Pomacentridae,Stegastes,lacrymatus,temp_code_006,1,AD,Passing,
GX010031_C2_L.MP4,29507,16.4092,KAD_OnoBack_Transect 2,1.249,,13.782,0.697,5321.612,25.564,,,-2277.017,303.186,-4800.294,KAD_OnoBack,Peter,Scaridae,Chlorurus,sp,,1,AD,Passing,
GX010031_C2_L.MP4,29507,16.4092,KAD_OnoBack_Transect 2,1.249,,14.759,1.692,5408.726,23.058,,,-2113.334,152.563,-4976.43,KAD_OnoBack,Peter,Scaridae,Chlorurus,spilurus,temp_code_002,1,AD,Passing,
GX010031_C2_L.MP4,29591,16.4559,KAD_OnoBack_Transect 2,1.2957,96.902,9.093,5.884,2916.779,28.105,59.745,15.712,-1331.322,-340.071,-2572.845,KAD_OnoBack,Peter,Labridae,Thalassoma,hardwicke,37384165,1,AD,Passing,
GX010031_C2_L.MP4,29720,16.5276,KAD_OnoBack_Transect 2,1.3675,,8.498,3.571,4149.718,26.339,,,-1817.658,297.709,-3718.555,KAD_OnoBack,Peter,Scaridae,Scarus,frenatus,37386016,1,AD,Passing,
GX010031_C2_L.MP4,29720,16.5276,KAD_OnoBack_Transect 2,1.3675,92.133,8.475,5.435,3526.497,26.193,9.79,1.708,-1553.361,-100.312,-3164.362,KAD_OnoBack,Peter,Labridae,Stethojulis,trilineata,37384157,1,AD,Passing,
GX010031_C2_L.MP4,29769,16.5549,KAD_OnoBack_Transect 2,1.3947,,10.73,0.614,4725.229,28.606,,,2252.344,218.119,-4148.151,KAD_OnoBack,Peter,Pomacanthidae,Centropyge,flavissima,37365026,1,AD,Passing,
GX010031_C2_L.MP4,29856,16.6033,KAD_OnoBack_Transect 2,1.4431,181.086,9.976,6.306,3092.156,22.745,41.766,19.528,1194.862,39.035,-2851.703,KAD_OnoBack,Peter,Scaridae,Chlorurus,spilurus,temp_code_002,1,AD,Passing,
GX010031_C2_L.MP4,29938,16.6489,KAD_OnoBack_Transect 2,1.4887,128.826,3.411,3.106,2560.676,11.257,6.797,9.027,457.211,-202.084,-2511.411,KAD_OnoBack,Peter,Acanthuridae,Acanthurus,sp,,1,AD,Passing,
GX010031_C2_L.MP4,29974,16.6689,KAD_OnoBack_Transect 2,1.5087,47.096,4.701,3.474,2505.855,26.719,13.369,12.021,1099.744,244.915,-2238.279,KAD_OnoBack,Peter,Pomacentridae,Pomacentrus,callainus,temp_code_004,1,AD,Passing,
GX010031_C2_L.MP4,29987,16.6761,KAD_OnoBack_Transect 2,1.516,,2.974,1.756,2268.006,22.962,,,-879.596,98.344,-2088.179,KAD_OnoBack,Peter,Pomacentridae,Pomacentrus,maafu,temp_code_005,1,AD,Passing,
GX010031_C2_L.MP4,30048,16.71,KAD_OnoBack_Transect 2,1.5499,,1.447,3.777,1429.303,16.033,,,-339.128,-200.357,-1373.957,KAD_OnoBack,Peter,Pomacentridae,Pomacentrus,maafu,temp_code_005,1,AD,Passing,
GX010031_C2_L.MP4,30130,16.7556,KAD_OnoBack_Transect 2,1.5955,,9.285,0.494,4346.12,28.199,,,2033.246,293.834,-3829.925,KAD_OnoBack,Peter,Chaetodontidae,Chaetodon,trifascialis,37365058,1,AD,Passing,
GX010031_C2_L.MP4,30147,16.7651,KAD_OnoBack_Transect 2,1.6049,,3.414,1.047,2538.078,27.712,,,1180.211,-10.311,-2246.961,KAD_OnoBack,Peter,Labridae,Thalassoma,hardwicke,37384165,1,AD,Passing,
GX010031_C2_L.MP4,30239,16.8162,KAD_OnoBack_Transect 2,1.6561,,10.688,0.889,4378.533,21.226,,,1551.476,330.418,-4081.09,KAD_OnoBack,Peter,Acanthuridae,Acanthurus,sp,,1,AD,Passing,
GX010031_C2_L.MP4,30239,16.8162,KAD_OnoBack_Transect 2,1.6561,,6.779,1.496,3517.811,23.669,,,1392.564,238.79,-3221.606,KAD_OnoBack,Peter,Pomacentridae,Pomacentrus,sp,,1,AD,Passing,
GX010031_C2_L.MP4,30239,16.8162,KAD_OnoBack_Transect 2,1.6561,,9.268,1.405,4291.612,27.122,,,1935.639,289.526,-3819.347,KAD_OnoBack,Peter,Pomacentridae,Pomacentrus,sp,,1,AD,Passing,
GX010031_C2_L.MP4,30299,16.8496,KAD_OnoBack_Transect 2,1.6895,190.705,8.147,4.667,4147.26,15.68,7.634,34.556,-1119.959,45.445,-3992.918,KAD_OnoBack,Peter,Scaridae,Scarus,frenatus,37386016,1,AD,Passing,
GX010031_C2_L.MP4,30398,16.9047,KAD_OnoBack_Transect 2,1.7445,,8.475,4.07,3750.002,13.39,,,-715.721,496.34,-3647.452,KAD_OnoBack,Peter,Acanthuridae,Ctenochaetus,striatus,37437022,1,AD,Passing,
GX010031_C2_L.MP4,30416,16.9147,KAD_OnoBack_Transect 2,1.7545,104.098,9.619,1.57,2508.277,17.982,62.879,0.237,712.335,-303.607,-2385.76,KAD_OnoBack,Peter,Chaetodontidae,Chaetodon,trifascialis,37365058,1,AD,Passing,
GX010031_C2_L.MP4,30440,16.928,KAD_OnoBack_Transect 2,1.7679,,4.614,2.301,2887.59,24.232,,,-1108.448,422.728,-2632.645,KAD_OnoBack,Peter,Labridae,Thalassoma,hardwicke,37384165,1,AD,Passing,
GX010031_C2_L.MP4,30478,16.9492,KAD_OnoBack_Transect 2,1.789,96.981,8.156,1.507,2519.803,24.807,70.45,10.021,-1030.711,235.204,-2287.296,KAD_OnoBack,Peter,Pomacentridae,Stegastes,lacrymatus,temp_code_006,1,AD,Passing,
GX010031_C2_L.MP4,30514,16.9692,KAD_OnoBack_Transect 2,1.809,84.567,3.088,2.423,1485.484,20.234,59.122,13.311,57.947,-510.49,-1393.81,KAD_OnoBack,Peter,Cirrhitidae,Paracirrhites,arcatus,37374009,1,AD,Passing,
GX010031_C2_L.MP4,30546,16.987,KAD_OnoBack_Transect 2,1.8268,,1.748,6.257,1624.027,21.347,,,-501.31,-311.49,-1512.986,KAD_OnoBack,Peter,Pomacentridae,Pomacentrus,coelestis,37372111,1,AD,Passing,
GX010031_C2_L.MP4,30575,17.0031,KAD_OnoBack_Transect 2,1.843,66.008,2.915,1.556,2052.57,4.808,16.317,1.775,-171.403,14.763,-2045.347,KAD_OnoBack,Peter,Pomacanthidae,Centropyge,flavissima,37365026,1,AD,Passing,
GX010031_C2_L.MP4,30575,17.0031,KAD_OnoBack_Transect 2,1.843,,5.306,1.544,2920.387,5.431,,,225.388,-156.459,-2907.47,KAD_OnoBack,Peter,Pomacentridae,Pomacentrus,coelestis,37372111,1,AD,Passing,
GX010031_C2_L.MP4,30640,17.0392,KAD_OnoBack_Transect 2,1.8791,,1.221,0.348,1306.313,18.89,,,-385.919,-171.469,-1236.171,KAD_OnoBack,Peter,Pomacentridae,Stegastes,nigricans,37372135,1,AD,Passing,
GX010031_C2_L.MP4,30926,17.1983,KAD_OnoBack_Transect 2,2.0381,,8.386,1.983,3816.369,19.586,,,1244.939,-290.341,-3595.901,KAD_OnoBack,Peter,Acanthuridae,Acanthurus,sp,,1,AD,Passing,
GX010031_C2_L.MP4,30926,17.1983,KAD_OnoBack_Transect 2,2.0381,,7.625,2.616,4018.021,30.383,,,2007.853,-309.491,-3466.588,KAD_OnoBack,Peter,Mullidae,Mulloidichthys,flavolineatus,37355019,1,AD,Passing,
GX010031_C2_L.MP4,30926,17.1983,KAD_OnoBack_Transect 2,2.0381,151.915,9.04,4.771,2685.222,25.843,69.344,2.659,-1156.385,-181.37,-2416.671,KAD_OnoBack,Peter,Labridae,Thalassoma,hardwicke,37384165,1,AD,Passing,
GX010031_C2_L.MP4,30951,17.2122,KAD_OnoBack_Transect 2,2.0521,,19.255,2.44,5816.254,4.727,,,269.062,403.725,-5795.983,KAD_OnoBack,Peter,Acanthuridae,Acanthurus,sp,,1,AD,Passing,
GX010031_C2_L.MP4,30951,17.2122,KAD_OnoBack_Transect 2,2.0521,151.369,14.806,2.573,4644.036,6.494,18.268,1.566,506.931,-137.368,-4614.241,KAD_OnoBack,Peter,Acanthuridae,Ctenochaetus,striatus,37437022,1,AD,Passing,
GX010031_C2_L.MP4,30980,17.2283,KAD_OnoBack_Transect 2,2.0682,,10.62,4.357,4248.607,14.863,,,-966.226,509.046,-4105.842,KAD_OnoBack,Peter,Scaridae,Chlorurus,sp,,1,AD,Passing,
GX010031_C2_L.MP4,31242,17.374,KAD_OnoBack_Transect 2,2.2139,245.285,11.387,5.655,2926.74,26.753,82.228,3.651,1187.749,-570.03,-2613.451,KAD_OnoBack,Peter,Labridae,Halichoeres,hortulanus,37384112,1,AD,Passing,
GX010031_C2_L.MP4,31417,17.4713,KAD_OnoBack_Transect 2,2.3112,232.156,22.458,5.09,4846.092,26.492,38.402,7.662,2158.52,-117.672,-4337.229,KAD_OnoBack,Peter,Scaridae,Chlorurus,spilurus,temp_code_002,1,AD,Passing,
GX010031_C2_L.MP4,31417,17.4713,KAD_OnoBack_Transect 2,2.3112,98.27,8.034,4.981,3723.14,6.844,17.413,30.866,-373.007,240.289,-3696.606,KAD_OnoBack,Peter,Labridae,Thalassoma,hardwicke,37384165,1,AD,Passing,
GX010031_C2_L.MP4,38173,21.2284,KAD_OnoBack_Transect 3,0.198,,3.014,16.069,2306.093,28.267,,,-881.955,-641.643,-2031.875,KAD_OnoBack,Peter,Pomacentridae,Pomacentrus,coelestis,37372111,1,AD,Passing,
GX010031_C2_L.MP4,38214,21.2512,KAD_OnoBack_Transect 3,0.2208,114.885,5.601,3.11,2035.557,16.733,50.944,9.251,-571.863,-128.241,-1949.364,KAD_OnoBack,Peter,Scaridae,Scarus,frenatus,37386016,1,AD,Passing,
GX010031_C2_L.MP4,38230,21.2601,KAD_OnoBack_Transect 3,0.2297,63.199,1.764,2.399,1868.154,5.611,7.421,25.39,135.73,-122.214,-1859.204,KAD_OnoBack,Peter,Pomacentridae,Chrysiptera,sp,,1,AD,Passing,
GX010031_C2_L.MP4,38230,21.2601,KAD_OnoBack_Transect 3,0.2297,52.244,2.172,1.841,2079.83,9.37,0.756,8.693,326.032,-91.389,-2052.083,KAD_OnoBack,Peter,Labridae,Thalassoma,hardwicke,37384165,1,AD,Passing,
GX010031_C2_L.MP4,38240,21.2657,KAD_OnoBack_Transect 3,0.2352,78.6,3.458,1.185,1919.464,15.646,24.347,0.514,509.797,-89.906,-1848.341,KAD_OnoBack,Peter,Labridae,Thalassoma,hardwicke,37384165,1,AD,Passing,
GX010031_C2_L.MP4,38246,21.269,KAD_OnoBack_Transect 3,0.2386,,3.564,9.539,2484.422,23.883,,,979.62,-225.589,-2271.961,KAD_OnoBack,Peter,Pomacentridae,Pomacentrus,sp,,1,AD,Passing,
GX010031_C2_L.MP4,38269,21.2818,KAD_OnoBack_Transect 3,0.2514,,1.268,5.239,1341.464,20.326,,,-255.856,-387.902,-1258.41,KAD_OnoBack,Peter,Pomacentridae,Pomacentrus,coelestis,37372111,1,AD,Passing,
GX010031_C2_L.MP4,38290,21.2935,KAD_OnoBack_Transect 3,0.263,124.814,1.356,2.199,1115.206,11.289,32.979,13.505,2.799,-218.298,-1093.628,KAD_OnoBack,Peter,Acanthuridae,Ctenochaetus,striatus,37437022,1,AD,Passing,
GX010031_C2_L.MP4,38290,21.2935,KAD_OnoBack_Transect 3,0.263,65.217,5.955,3.508,2161.428,20.835,56.731,17.093,-764.898,-77.023,-2020.092,KAD_OnoBack,Peter,Pomacentridae,Pomacentrus,maafu,temp_code_005,1,AD,Passing,
GX010031_C2_L.MP4,38319,21.3096,KAD_OnoBack_Transect 3,0.2792,71.014,1.05,3.697,1176.169,11.971,0.573,26.483,-232.742,-73.11,-1150.591,KAD_OnoBack,Peter,Pomacentridae,Pomacentrus,spilotoceps,temp_code_012,1,AD,Passing,
GX010031_C2_L.MP4,38342,21.3224,KAD_OnoBack_Transect 3,0.292,,0.902,3.737,1093.044,17.395,,,279.66,-167.759,-1043.261,KAD_OnoBack,Peter,Pomacentridae,Pomacentrus,callainus,temp_code_004,1,AD,Passing,
GX010031_C2_L.MP4,38367,21.3363,KAD_OnoBack_Transect 3,0.3059,,5.75,7.765,3275.739,24.658,,,-1306.175,-398.396,-2977.525,KAD_OnoBack,Peter,Pomacentridae,Pomacentrus,coelestis,37372111,1,AD,Passing,
GX010031_C2_L.MP4,38477,21.3975,KAD_OnoBack_Transect 3,0.367,,5.149,0.6,3169.119,26.887,,,-1395.923,-321.155,-2826.938,KAD_OnoBack,Peter,Pomacanthidae,Centropyge,flavissima,37365026,1,AD,Passing,
GX010031_C2_L.MP4,38505,21.4131,KAD_OnoBack_Transect 3,0.3826,,5.598,2.031,3027.638,3.851,,,-198.531,-40.334,-3020.852,KAD_OnoBack,Peter,Pomacentridae,Chromis,viridis,37372053,1,AD,Passing,
GX010031_C2_L.MP4,38505,21.4131,KAD_OnoBack_Transect 3,0.3826,,7.237,3.009,3547.334,18.492,,,-1065.607,365.156,-3363.736,KAD_OnoBack,Peter,Pomacentridae,Chromis,viridis,37372053,1,AD,Passing,
GX010031_C2_L.MP4,38523,21.4231,KAD_OnoBack_Transect 3,0.3926,135.866,4.801,1.951,1847.15,12.991,48.084,2.652,-44.648,-412.828,-1799.873,KAD_OnoBack,Peter,Acanthuridae,Ctenochaetus,striatus,37437022,1,AD,Passing,
GX010031_C2_L.MP4,38542,21.4336,KAD_OnoBack_Transect 3,0.4032,59.524,2.172,2.245,1823.853,19.114,7.714,27.61,-499.53,-327.343,-1723.298,KAD_OnoBack,Peter,Pomacentridae,Pomacentrus,moluccensis,37372118,1,AD,Passing,
GX010031_C2_L.MP4,38618,21.4759,KAD_OnoBack_Transect 3,0.4454,72.692,3.451,11.45,2271.652,27.45,8.078,20.181,886.469,-557.477,-2015.886,KAD_OnoBack,Peter,Chaetodontidae,Chaetodon,citrinellus,37365036,1,AD,Passing,
GX010031_C2_L.MP4,38618,21.4759,KAD_OnoBack_Transect 3,0.4454,,3.762,0.886,2578.058,27.595,,,1009.224,-635.635,-2285.567,KAD_OnoBack,Peter,Chaetodontidae,Chaetodon,citrinellus,37365036,1,AD,Passing,
GX010031_C2_L.MP4,38684,21.5126,KAD_OnoBack_Transect 3,0.4821,64.826,4.285,0.843,2360.052,27.056,13.337,10.439,1072.927,35.026,-2101.772,KAD_OnoBack,Peter,Pomacentridae,Chromis,viridis,37372053,1,AD,Passing,
GX010031_C2_L.MP4,38751,21.5499,KAD_OnoBack_Transect 3,0.5194,,4.224,1.137,2812.835,26.808,,,1255.487,184.835,-2510.305,KAD_OnoBack,Peter,Pomacentridae,Chromis,viridis,37372053,1,AD,Passing,
GX010031_C2_L.MP4,38865,21.6133,KAD_OnoBack_Transect 3,0.5828,,1.745,2.963,1616.667,22.301,,,280.915,-543.544,-1496.415,KAD_OnoBack,Peter,Pomacentridae,Pomacentrus,coelestis,37372111,1,AD,Passing,
GX010031_C2_L.MP4,38897,21.6311,KAD_OnoBack_Transect 3,0.6006,,3.286,2.964,2240.928,13.875,,,-148.767,-513.711,-2176.173,KAD_OnoBack,Peter,Pomacentridae,Pomacentrus,coelestis,37372111,1,AD,Passing,
GX010031_C2_L.MP4,38969,21.6711,KAD_OnoBack_Transect 3,0.6406,,4.252,6.094,2838.751,29.359,,,1270.831,-564.462,-2474.85,KAD_OnoBack,Peter,Pomacentridae,Pomacentrus,coelestis,37372111,1,AD,Passing,
GX010031_C2_L.MP4,39005,21.6911,KAD_OnoBack_Transect 3,0.6607,,17.148,12.83,5617.283,18.402,,,-1741.881,338.778,-5329.629,KAD_OnoBack,Peter,Acanthuridae,Ctenochaetus,striatus,37437022,1,AD,Passing,
GX010031_C2_L.MP4,39011,21.6945,KAD_OnoBack_Transect 3,0.664,,10.892,0.824,4896.61,28.898,,,-2363.056,129.72,-4286.715,KAD_OnoBack,Peter,Pomacentridae,Pomacentrus,sp,,1,AD,Passing,
GX010031_C2_L.MP4,39021,21.7,KAD_OnoBack_Transect 3,0.6696,202.896,3.141,8.916,2252.269,22.171,6.931,2.008,637.231,-562.418,-2085.747,KAD_OnoBack,Peter,Acanthuridae,Ctenochaetus,striatus,37437022,1,AD,Passing,
GX010031_C2_L.MP4,39032,21.7061,KAD_OnoBack_Transect 3,0.6757,,7.052,4.266,3713.144,25.072,,,-1557.396,-220.11,-3363.556,KAD_OnoBack,Peter,Pomacentridae,Pomacentrus,sp,,1,AD,Passing,
GX010031_C2_L.MP4,39032,21.7061,KAD_OnoBack_Transect 3,0.6757,,10.518,3.551,4503.745,22.336,,,-1711.026,47.83,-4165.791,KAD_OnoBack,Peter,Labridae,Stethojulis,trilineata,37384157,1,AD,Passing,
GX010031_C2_L.MP4,39036,21.7084,KAD_OnoBack_Transect 3,0.6779,,6.883,3.385,3793.793,28.062,,,-1779.484,-132.263,-3347.956,KAD_OnoBack,Peter,Labridae,Thalassoma,hardwicke,37384165,1,AD,Passing,
GX010031_C2_L.MP4,39058,21.7206,KAD_OnoBack_Transect 3,0.6901,55.621,4.476,3.168,1938.356,24.802,51.279,4.431,792.042,183.903,-1759.567,KAD_OnoBack,Peter,Pomacentridae,Pomacentrus,callainus,temp_code_004,1,AD,Passing,
GX010031_C2_L.MP4,39122,21.7562,KAD_OnoBack_Transect 3,0.7257,,3.478,1.884,2319.237,5.781,,,-58.165,-223.427,-2307.717,KAD_OnoBack,Peter,Pomacentridae,Pomacentrus,coelestis,37372111,1,AD,Passing,
GX010031_C2_L.MP4,39122,21.7562,KAD_OnoBack_Transect 3,0.7257,73.004,3.278,1.481,1590.256,9.547,41.21,2.694,-45.209,-259.86,-1568.229,KAD_OnoBack,Peter,Labridae,Thalassoma,hardwicke,37384165,1,AD,Passing,
GX010031_C2_L.MP4,39176,21.7862,KAD_OnoBack_Transect 3,0.7558,,11.543,5.804,4696.767,23.512,,,-1795.93,539.498,-4306.182,KAD_OnoBack,Peter,Acanthuridae,Acanthurus,sp,,1,AD,Passing,
GX010031_C2_L.MP4,39181,21.789,KAD_OnoBack_Transect 3,0.7585,,5.107,9.093,2972.001,23.213,,,-988.259,-625.594,-2732.172,KAD_OnoBack,Peter,Labridae,Stethojulis,trilineata,37384157,1,AD,Passing,
GX010031_C2_L.MP4,39194,21.7962,KAD_OnoBack_Transect 3,0.7658,26.371,2.183,0.565,1869.093,15.638,13.749,12.677,235.113,-445.623,-1799.903,KAD_OnoBack,Peter,Pomacentridae,Pomacentrus,coelestis,37372111,1,AD,Passing,
GX010031_C2_L.MP4,39194,21.7962,KAD_OnoBack_Transect 3,0.7658,72.875,3.206,2.001,1554.774,18.535,56.954,27.195,11.173,-494.101,-1474.131,KAD_OnoBack,Peter,Pomacentridae,Pomacentrus,spilotoceps,temp_code_012,1,AD,Passing,
GX010031_C2_L.MP4,39194,21.7962,KAD_OnoBack_Transect 3,0.7658,,1.384,4.616,1429.601,22.984,,,253.867,-495.528,-1316.725,KAD_OnoBack,Peter,Pomacentridae,Pomacentrus,coelestis,37372111,1,AD,Passing,
GX010031_C2_L.MP4,39280,21.844,KAD_OnoBack_Transect 3,0.8136,318.413,19.625,8.867,3220.723,12.516,79.256,3.528,75.691,-693.852,-3144.185,KAD_OnoBack,Peter,Lutjanidae,Lutjanus,gibbus,37346028,1,AD,Passing,
GX010031_C2_L.MP4,39319,21.8657,KAD_OnoBack_Transect 3,0.8353,,9.9,2.931,4113.296,10.252,,,-727.058,-80.592,-4047.727,KAD_OnoBack,Peter,Scaridae,Chlorurus,sp,,1,AD,Passing,
GX010031_C2_L.MP4,39393,21.9069,KAD_OnoBack_Transect 3,0.8764,134.413,6.386,11.223,2127.151,25.703,82.034,1.884,-611.811,-690.507,-1916.679,KAD_OnoBack,Peter,Labridae,Stethojulis,trilineata,37384157,1,AD,Passing,
GX010031_C2_L.MP4,39429,21.9269,KAD_OnoBack_Transect 3,0.8965,93.769,3.38,2.424,2384.271,7.709,14.397,24.346,-285.369,-144.44,-2362.721,KAD_OnoBack,Peter,Scaridae,Chlorurus,sp,,1,AD,Passing,
GX010031_C2_L.MP4,39429,21.9269,KAD_OnoBack_Transect 3,0.8965,,6.129,0.618,3177.348,5.812,,,-315.254,-60.448,-3161.091,KAD_OnoBack,Peter,Scaridae,Chlorurus,sp,,1,AD,Passing,
GX010031_C2_L.MP4,39480,21.9553,KAD_OnoBack_Transect 3,0.9248,86.354,6.879,0.636,2664.101,15.473,29.734,2.188,-550.868,-449.076,-2567.549,KAD_OnoBack,Peter,Scaridae,Chlorurus,spilurus,temp_code_002,1,AD,Passing,
GX010031_C2_L.MP4,39480,21.9553,KAD_OnoBack_Transect 3,0.9248,84.464,2.213,4.444,1978.129,19.468,3.123,10.517,-432.687,-497.402,-1865.039,KAD_OnoBack,Peter,Scaridae,Chlorurus,sp,,1,AD,Passing,
GX010031_C2_L.MP4,39506,21.9697,KAD_OnoBack_Transect 3,0.9393,281.537,26.973,6.425,4660.256,27.298,81.296,10.752,2137.287,-4.791,-4141.252,KAD_OnoBack,Peter,Labridae,Hemigymnus,melapterus,37384125,1,AD,Passing,
GX010031_C2_L.MP4,39524,21.9797,KAD_OnoBack_Transect 3,0.9493,103.162,1.741,2.357,2123.168,20.035,2.793,0.9,-169.986,-707.245,-1994.681,KAD_OnoBack,Peter,Mullidae,Mulloidichthys,flavolineatus,37355019,1,AD,Passing,
GX010031_C2_L.MP4,39589,22.0159,KAD_OnoBack_Transect 3,0.9854,150.007,11.378,3.583,2907.003,8.905,42.067,3.168,437.576,-104.999,-2871.963,KAD_OnoBack,Peter,Scaridae,Scarus,dimidiatus,37386013,1,AD,Passing,
GX010031_C2_L.MP4,39596,22.0198,KAD_OnoBack_Transect 3,0.9893,198.213,19.102,13.826,3220.773,4.957,66.22,9.167,150.143,-234.334,-3208.726,KAD_OnoBack,Peter,Scaridae,Scarus,frenatus,37386016,1,AD,Passing,
GX010031_C2_L.MP4,39649,22.0492,KAD_OnoBack_Transect 3,1.0188,,6.214,0.618,3608.562,28.388,,,-1714.413,69.692,-3174.532,KAD_OnoBack,Peter,Pomacanthidae,Centropyge,flavissima,37365026,1,AD,Passing,
GX010031_C2_L.MP4,39694,22.0743,KAD_OnoBack_Transect 3,1.0438,,2.393,2.181,1911.949,18.138,,,581.88,127.387,-1816.793,KAD_OnoBack,Peter,Pomacentridae,Pomacentrus,maafu,temp_code_005,1,AD,Passing,
GX010031_C2_L.MP4,39701,22.0782,KAD_OnoBack_Transect 3,1.0477,,4.168,2.852,2688.183,22.584,,,-954.988,-389.082,-2482.527,KAD_OnoBack,Peter,Pomacentridae,Pomacentrus,vaiuli,37372126,1,AD,Passing,
GX010031_C2_L.MP4,39736,22.0976,KAD_OnoBack_Transect 3,1.0672,60.045,2.697,1.956,1633.245,12.577,26.861,1.735,355.029,-20.985,-1594.053,KAD_OnoBack,Peter,Labridae,Thalassoma,hardwicke,37384165,1,AD,Passing,
GX010031_C2_L.MP4,39824,22.1466,KAD_OnoBack_Transect 3,1.1161,,4.633,2.745,2708.865,11.476,,,-407.471,-349.514,-2655.138,KAD_OnoBack,Peter,Pomacentridae,Pomacentrus,coelestis,37372111,1,AD,Passing,
GX010031_C2_L.MP4,39859,22.166,KAD_OnoBack_Transect 3,1.1356,67.325,2.112,1.09,2229.937,7.394,5.216,40.326,-166.251,-233.92,-2211.394,KAD_OnoBack,Peter,Pomacentridae,Chromis,viridis,37372053,1,AD,Passing,
GX010031_C2_L.MP4,39859,22.166,KAD_OnoBack_Transect 3,1.1356,205.235,16.394,1.124,3278.508,9.358,55.417,21.14,413.402,-336.554,-3234.879,KAD_OnoBack,Peter,Scaridae,Scarus,frenatus,37386016,1,AD,Passing,
GX010031_C2_L.MP4,39895,22.1861,KAD_OnoBack_Transect 3,1.1556,70.204,2.583,1.84,1333.698,7.46,48.269,4.536,-173.138,3.315,-1322.408,KAD_OnoBack,Peter,Pomacentridae,Chromis,viridis,37372053,1,AD,Passing,
GX010031_C2_L.MP4,39916,22.1977,KAD_OnoBack_Transect 3,1.1673,,10.99,1.152,4788.617,29.234,,,2307.737,383.928,-4178.253,KAD_OnoBack,Peter,Acanthuridae,Acanthurus,sp,,1,AD,Passing,
GX010031_C2_L.MP4,39916,22.1977,KAD_OnoBack_Transect 3,1.1673,,10.237,6.628,4428.052,25.675,,,1872.086,424.593,-3990.32,KAD_OnoBack,Peter,Acanthuridae,Acanthurus,sp,,1,AD,Passing,
GX010031_C2_L.MP4,39922,22.2011,KAD_OnoBack_Transect 3,1.1706,140.462,9.705,3.271,3001.321,17.748,37.176,9.609,-848.754,341.514,-2858.481,KAD_OnoBack,Peter,Acanthuridae,Ctenochaetus,striatus,37437022,1,AD,Passing,
GX010031_C2_L.MP4,39922,22.2011,KAD_OnoBack_Transect 3,1.1706,,2.99,0.021,2194.144,18.904,,,-662.002,261.546,-2075.48,KAD_OnoBack,Peter,Pomacentridae,Pomacentrus,spilotoceps,temp_code_012,1,AD,Passing,
GX010031_C2_L.MP4,39941,22.2116,KAD_OnoBack_Transect 3,1.1812,,16.532,0.914,5278.034,11.083,,,916.51,441.593,-5179.058,KAD_OnoBack,Peter,Acanthuridae,Acanthurus,sp,,1,AD,Passing,
GX010031_C2_L.MP4,39952,22.2178,KAD_OnoBack_Transect 3,1.1873,,17.026,2.862,5432.413,5.696,,,440.571,317.456,-5405.204,KAD_OnoBack,Peter,Scaridae,Chlorurus,sp,,1,AD,Passing,
GX010031_C2_L.MP4,39959,22.2216,KAD_OnoBack_Transect 3,1.1912,,17.5,0.045,5567.612,4.542,,,-390.835,210.91,-5549.871,KAD_OnoBack,Peter,Mullidae,Mulloidichthys,flavolineatus,37355019,1,AD,Passing,
GX010031_C2_L.MP4,39959,22.2216,KAD_OnoBack_Transect 3,1.1912,,18.55,2.491,5744.203,3.232,,,124.647,305.92,-5734.696,KAD_OnoBack,Peter,Mullidae,Mulloidichthys,flavolineatus,37355019,1,AD,Passing,
GX010031_C2_L.MP4,40142,22.3234,KAD_OnoBack_Transect 3,1.293,126.696,11.727,8.204,3221.444,26.346,56.844,2.048,-1424.581,-120.368,-2886.829,KAD_OnoBack,Peter,Mullidae,Mulloidichthys,flavolineatus,37355019,1,AD,Passing,
GX010031_C2_L.MP4,40142,22.3234,KAD_OnoBack_Transect 3,1.293,127.747,12.461,5.199,3278.601,26.442,61.851,6.025,-1457.881,-77.387,-2935.612,KAD_OnoBack,Peter,Mullidae,Mulloidichthys,flavolineatus,37355019,1,AD,Passing,
GX010031_C2_L.MP4,40142,22.3234,KAD_OnoBack_Transect 3,1.293,,4.575,7.711,3047.197,28.494,,,-1445.482,-151.388,-2678.26,KAD_OnoBack,Peter,Mullidae,Mulloidichthys,flavolineatus,37355019,1,AD,Passing,
GX010031_C2_L.MP4,40167,22.3373,KAD_OnoBack_Transect 3,1.3069,,4.88,1.382,3060.639,27.459,,,1393.662,225.676,-2715.564,KAD_OnoBack,Peter,Chaetodontidae,Chaetodon,trifascialis,37365058,1,AD,Passing,
GX010031_C2_L.MP4,40232,22.3735,KAD_OnoBack_Transect 3,1.343,162.123,15.913,5.722,3763.538,13.611,42.564,30.998,723.037,511.518,-3657.839,KAD_OnoBack,Peter,Acanthuridae,Ctenochaetus,striatus,37437022,1,AD,Passing,
GX010031_C2_L.MP4,40232,22.3735,KAD_OnoBack_Transect 3,1.343,,3.216,1.319,2219.697,11.003,,,-294.632,307.1,-2178.517,KAD_OnoBack,Peter,Pomacentridae,Pomacentrus,callainus,temp_code_004,1,AD,Passing,
GX010031_C2_L.MP4,40232,22.3735,KAD_OnoBack_Transect 3,1.343,86.02,5.175,2.126,2165.503,7.449,40.279,34.514,-28.204,279.342,-2147.226,KAD_OnoBack,Peter,Scaridae,Scarus,schlegeli,37386029,1,AD,Passing,
GX010031_C2_L.MP4,40232,22.3735,KAD_OnoBack_Transect 3,1.343,91.24,5.921,1.621,2248.499,9.373,36.109,7.409,-64.233,360.519,-2218.479,KAD_OnoBack,Peter,Scaridae,Scarus,schlegeli,37386029,1,AD,Passing,
GX010031_C2_L.MP4,40277,22.3985,KAD_OnoBack_Transect 3,1.368,120.517,2.261,2.831,1926.342,10.432,13.872,30.161,-214.965,274.695,-1894.499,KAD_OnoBack,Peter,Scaridae,Chlorurus,spilurus,temp_code_002,1,AD,Passing,
GX010031_C2_L.MP4,40360,22.4446,KAD_OnoBack_Transect 3,1.4142,118.174,9.009,2.147,2726.241,12.656,38.277,3.085,428.346,-416.265,-2660.006,KAD_OnoBack,Peter,Labridae,Halichoeres,hortulanus,37384112,1,AD,Passing,
GX010031_C2_L.MP4,40572,22.5625,KAD_OnoBack_Transect 3,1.5321,261.006,21.511,0.958,4068.98,23.184,73.304,23.573,1574.733,293.728,-3740.393,KAD_OnoBack,Peter,Scaridae,Chlorurus,spilurus,temp_code_002,1,AD,Passing,
GX010031_C2_L.MP4,40627,22.5931,KAD_OnoBack_Transect 3,1.5627,,8.447,0.358,4194.42,30.058,,,2055.515,438.795,-3629.804,KAD_OnoBack,Peter,Acanthuridae,Acanthurus,sp,,1,AD,Passing,
GX010031_C2_L.MP4,40980,22.7894,KAD_OnoBack_Transect 3,1.759,,10.411,0.498,4587.87,27.115,,,2086.24,-136.576,-4083.81,KAD_OnoBack,Peter,Chaetodontidae,Chaetodon,vagabundus,37365062,1,AD,Passing,
GX010031_C2_L.MP4,40980,22.7894,KAD_OnoBack_Transect 3,1.759,,13.228,0.707,4959.057,21.754,,,1837.569,-32.932,-4605.921,KAD_OnoBack,Peter,Chaetodontidae,Chaetodon,vagabundus,37365062,1,AD,Passing,
GX010031_C2_L.MP4,41046,22.8261,KAD_OnoBack_Transect 3,1.7957,,8.107,0.323,3985.916,26.963,,,1775.163,-334.769,-3553.062,KAD_OnoBack,Peter,Scaridae,Chlorurus,spilurus,temp_code_002,1,AD,Passing,
GX010031_C2_L.MP4,41118,22.8662,KAD_OnoBack_Transect 3,1.8357,96.167,4.91,2.114,2038.353,19.099,42.463,6.818,-665.173,-48.512,-1926.156,KAD_OnoBack,Peter,Labridae,Thalassoma,hardwicke,37384165,1,AD,Passing,
GX010031_C2_L.MP4,41433,23.0414,KAD_OnoBack_Transect 3,2.0109,,14.125,0.209,4941.599,15.056,,,1277.774,128.328,-4771.816,KAD_OnoBack,Peter,Mullidae,Parupeneus,multifasciatus,37355026,1,AD,Passing,
GX010031_C2_L.MP4,41433,23.0414,KAD_OnoBack_Transect 3,2.0109,123.158,9.393,2.056,3351.158,10.429,24.885,22.628,606.436,13.919,-3295.801,KAD_OnoBack,Peter,Labridae,Thalassoma,hardwicke,37384165,1,AD,Passing,
GX010031_C2_L.MP4,41492,23.0742,KAD_OnoBack_Transect 3,2.0437,,19.779,1.505,5923.637,17.775,,,-1646.381,755.03,-5639.933,KAD_OnoBack,Peter,Acanthuridae,Acanthurus,sp,,1,AD,Passing,
GX010031_C2_L.MP4,41539,23.1003,KAD_OnoBack_Transect 3,2.0698,174.754,9.392,4.96,2430.914,17.67,68.224,15.642,-172.154,-717.507,-2316.223,KAD_OnoBack,Peter,Mullidae,Parupeneus,multifasciatus,37355026,1,AD,Passing,
GX010031_C2_L.MP4,41674,23.1754,KAD_OnoBack_Transect 3,2.1449,88.5,3.872,1.99,2401.369,17.401,12.43,11.883,-654.084,-296.469,-2291.474,KAD_OnoBack,Peter,Labridae,Stethojulis,bandanensis,37384154,1,AD,Passing,
GX010031_C2_L.MP4,41740,23.2121,KAD_OnoBack_Transect 3,2.1816,105.198,4.67,3.614,2341.253,14.735,22.86,12.157,536.467,-258.499,-2264.254,KAD_OnoBack,Peter,Acanthuridae,Ctenochaetus,striatus,37437022,1,AD,Passing,
GX010031_C2_L.MP4,41740,23.2121,KAD_OnoBack_Transect 3,2.1816,24.865,2.066,1.929,1943.964,26.295,19.17,59.168,827.349,-238.902,-1742.818,KAD_OnoBack,Peter,Pomacentridae,Pomacentrus,coelestis,37372111,1,AD,Passing,
GX010031_C2_L.MP4,41745,23.2149,KAD_OnoBack_Transect 3,2.1844,121.619,3.4,4.023,2210.312,23.375,1.817,15.255,-876.6,24.275,-2028.906,KAD_OnoBack,Peter,Acanthuridae,Ctenochaetus,binotatus,37437021,1,AD,Passing,
GX010031_C2_L.MP4,41857,23.2771,KAD_OnoBack_Transect 3,2.2467,211.039,8.832,2.214,2900.046,16.085,33.567,14.063,802.442,-41.417,-2786.51,KAD_OnoBack,Peter,Scaridae,Chlorurus,spilurus,temp_code_002,1,AD,Passing,
GX010031_C2_L.MP4,41899,23.3005,KAD_OnoBack_Transect 3,2.27,68.419,3.587,1.35,2352.265,13.781,17.674,24.436,216.445,-516.824,-2284.555,KAD_OnoBack,Peter,Pomacentridae,Pomacentrus,vaiuli,37372126,1,AD,Passing,
GX010031_C2_L.MP4,41899,23.3005,KAD_OnoBack_Transect 3,2.27,,3.568,3.678,2435.407,23.257,,,865.877,421.034,-2237.006,KAD_OnoBack,Peter,Pomacentridae,Pomacentrus,callainus,temp_code_004,1,AD,Passing,
GX010031_C2_L.MP4,41979,23.345,KAD_OnoBack_Transect 3,2.3145,72.533,2.794,1.378,2064.197,11.591,14.064,7.577,302.316,283.961,-2022.098,KAD_OnoBack,Peter,Pomacentridae,Chromis,viridis,37372053,1,AD,Passing,
GX010031_C2_L.MP4,42360,23.5569,KAD_OnoBack_Transect 3,2.5264,,23.172,8.295,6354.571,16.803,,,-1579.733,945.065,-6082.094,KAD_OnoBack,Peter,Acanthuridae,Acanthurus,sp,,1,AD,Passing,
GX010031_C2_L.MP4,42422,23.5913,KAD_OnoBack_Transect 3,2.5609,,11.99,1.918,4505.486,11.456,,,889.269,-94.749,-4415.838,KAD_OnoBack,Peter,Scaridae,Chlorurus,spilurus,temp_code_002,1,AD,Passing,
GX010031_C2_L.MP4,42422,23.5913,KAD_OnoBack_Transect 3,2.5609,,10.941,0.48,4298.096,7.171,,,510.108,-161.182,-4264.673,KAD_OnoBack,Peter,Scaridae,Scarus,sp,,1,AD,Passing,
GX010031_C2_L.MP4,52668,29.2893,KAD_OnoBack_Transect 4,0.2113,117.56,7.933,1.758,2238.871,17.246,67.647,0.585,-533.444,-395.03,-2138.207,KAD_OnoBack,Peter,Labridae,Thalassoma,hardwicke,37384165,1,AD,Passing,
GX010031_C2_L.MP4,52919,29.4288,KAD_OnoBack_Transect 4,0.3509,119.105,5.249,0.589,3312.006,15.253,7.676,33.658,-737.163,-464.542,-3195.337,KAD_OnoBack,Peter,Scaridae,Chlorurus,sp,,1,AD,Passing,
GX010031_C2_L.MP4,52980,29.4628,KAD_OnoBack_Transect 4,0.3848,,6.856,3.641,3312.467,11.685,,,485.733,-458.781,-3244.383,KAD_OnoBack,Peter,Scaridae,Chlorurus,spilurus,temp_code_002,1,AD,Passing,
GX010031_C2_L.MP4,52980,29.4628,KAD_OnoBack_Transect 4,0.3848,,6.195,1.266,3163.41,10.575,,,-401.77,-415.246,-3110.195,KAD_OnoBack,Peter,Scaridae,Chlorurus,sp,,1,AD,Passing,
GX010031_C2_L.MP4,53048,29.5006,KAD_OnoBack_Transect 4,0.4226,96.254,6.368,10.855,2293.015,26.965,69.117,15.874,-896.239,-527.093,-2043.734,KAD_OnoBack,Peter,Pomacanthidae,Centropyge,flavissima,37365026,1,AD,Passing,
GX010031_C2_L.MP4,53049,29.5011,KAD_OnoBack_Transect 4,0.4232,,3.442,3.891,2335.533,20.599,,,664.269,-481.008,-2186.8,KAD_OnoBack,Peter,Pomacentridae,Pomacentrus,moluccensis,37372118,1,AD,Passing,
GX010031_C2_L.MP4,53139,29.5512,KAD_OnoBack_Transect 4,0.4733,,9.118,3.095,3902.62,21.302,,,-844.231,-1134.567,-3637.372,KAD_OnoBack,Peter,Scaridae,Scarus,sp,,1,AD,Passing,
GX010031_C2_L.MP4,53197,29.5834,KAD_OnoBack_Transect 4,0.5055,141.4,6.161,2.186,2290.961,20.743,43.564,6.43,121.836,-802.197,-2142.461,KAD_OnoBack,Peter,Pinguipedidae,Parapercis,hexophtalma,,1,AD,Passing,
GX010031_C2_L.MP4,53559,29.7848,KAD_OnoBack_Transect 4,0.7068,,2.489,9.795,2047.653,27.868,,,-692.127,-658.927,-1810.982,KAD_OnoBack,Peter,Pomacentridae,Pomacentrus,coelestis,37372111,1,AD,Passing,
GX010031_C2_L.MP4,53587,29.8003,KAD_OnoBack_Transect 4,0.7224,,3.761,4.471,2453.942,21.292,,,702.92,-544.872,-2287.105,KAD_OnoBack,Peter,Pomacentridae,Pomacentrus,moluccensis,37372118,1,AD,Passing,
GX010031_C2_L.MP4,53594,29.8042,KAD_OnoBack_Transect 4,0.7263,,4.114,10.323,2730.958,29.044,,,1095.767,-743.436,-2388.457,KAD_OnoBack,Peter,Pomacentridae,Pomacentrus,maafu,temp_code_005,1,AD,Passing,
GX010031_C2_L.MP4,53676,29.8498,KAD_OnoBack_Transect 4,0.7719,,3.161,4.69,2362.882,27.9,,,-901.933,-636.996,-2089.011,KAD_OnoBack,Peter,Pomacentridae,Pomacentrus,moluccensis,37372118,1,AD,Passing,
GX010031_C2_L.MP4,53847,29.9449,KAD_OnoBack_Transect 4,0.867,,10.625,2.964,4831.362,29.155,,,-2340.929,-239.571,-4219.564,KAD_OnoBack,Peter,Acanthuridae,Acanthurus,sp,,1,AD,Passing,
GX010031_C2_L.MP4,53847,29.9449,KAD_OnoBack_Transect 4,0.867,,13.143,0.16,5252.691,26.775,,,-2345.568,-306.645,-4689.887,KAD_OnoBack,Peter,Acanthuridae,Ctenochaetus,striatus,37437022,1,AD,Passing,
GX010031_C2_L.MP4,54088,30.0789,KAD_OnoBack_Transect 4,1.001,,12.62,4.011,4773.262,24.668,,,1764.99,-918.534,-4338.794,KAD_OnoBack,Peter,Mullidae,Mulloidichthys,flavolineatus,37355019,1,AD,Passing,
GX010031_C2_L.MP4,54088,30.0789,KAD_OnoBack_Transect 4,1.001,,13.222,1.456,4851.003,24.364,,,1714.821,-1026.195,-4420.243,KAD_OnoBack,Peter,Mullidae,Parupeneus,multifasciatus,37355026,1,AD,Passing,
GX010031_C2_L.MP4,54127,30.1006,KAD_OnoBack_Transect 4,1.0227,,10.202,5.481,4481.876,29.017,,,2007.57,-829.477,-3920.312,KAD_OnoBack,Peter,Mullidae,Mulloidichthys,flavolineatus,37355019,1,AD,Passing,
GX010031_C2_L.MP4,54127,30.1006,KAD_OnoBack_Transect 4,1.0227,,7.577,11.015,3914.398,30.77,,,1850.588,-761.078,-3364.312,KAD_OnoBack,Peter,Mullidae,Mulloidichthys,flavolineatus,37355019,1,AD,Passing,
GX010031_C2_L.MP4,54151,30.114,KAD_OnoBack_Transect 4,1.036,170.225,11.178,7.26,2873.732,26.347,88.766,2.527,1138.261,-575.288,-2575.217,KAD_OnoBack,Peter,Mullidae,Mulloidichthys,flavolineatus,37355019,1,AD,Passing,
GX010031_C2_L.MP4,54174,30.1268,KAD_OnoBack_Transect 4,1.0488,,8.953,1.697,4041.397,25.355,,,1573.216,-716.669,-3652.98,KAD_OnoBack,Peter,Mullidae,Mulloidichthys,flavolineatus,37355019,1,AD,Passing,
GX010031_C2_L.MP4,54232,30.159,KAD_OnoBack_Transect 4,1.0811,113.167,6.347,0.419,3060.257,12.537,18.076,5.375,377.351,-546.734,-2987.284,KAD_OnoBack,Peter,Mullidae,Mulloidichthys,flavolineatus,37355019,1,AD,Passing,
GX010031_C2_L.MP4,54249,30.1685,KAD_OnoBack_Transect 4,1.0905,112.386,9.257,6.763,2914.375,27.322,50.983,3.183,1267.447,-427.767,-2589.242,KAD_OnoBack,Peter,Mullidae,Parupeneus,cyclostomus,37355025,1,AD,Passing,
GX010031_C2_L.MP4,54441,30.2752,KAD_OnoBack_Transect 4,1.1973,,1.779,4.461,1630.911,21.657,,,-392.619,-454.328,-1516.347,KAD_OnoBack,Peter,Pomacentridae,Pomacentrus,coelestis,37372111,1,AD,Passing,
GX010031_C2_L.MP4,54478,30.2958,KAD_OnoBack_Transect 4,1.2179,137.281,4.541,0.599,2676.467,14.77,13.933,16.403,554.549,-397.548,-2588.031,KAD_OnoBack,Peter,Acanthuridae,Ctenochaetus,striatus,37437022,1,AD,Passing,
GX010031_C2_L.MP4,54543,30.332,KAD_OnoBack_Transect 4,1.254,,4.894,0.63,2815.282,18.627,,,-666.669,-600.169,-2668.55,KAD_OnoBack,Peter,Pomacanthidae,Centropyge,heraldi,37385027,1,AD,Passing,
GX010031_C2_L.MP4,54575,30.3498,KAD_OnoBack_Transect 4,1.2718,88.791,4.5,1.205,1694.771,17.588,65.352,1.095,459.805,225.486,-1615.545,KAD_OnoBack,Peter,Pomacentridae,Chromis,viridis,37372053,1,AD,Passing,
GX010031_C2_L.MP4,54575,30.3498,KAD_OnoBack_Transect 4,1.2718,59.909,2.82,0.694,1954.247,22.131,20.877,15.801,382.217,629.241,-1810.262,KAD_OnoBack,Peter,Pomacentridae,Chromis,viridis,37372053,1,AD,Passing,
GX010031_C2_L.MP4,54575,30.3498,KAD_OnoBack_Transect 4,1.2718,41.093,3.935,1.815,1821.259,17.204,42.85,19.978,263.97,469.568,-1739.773,KAD_OnoBack,Peter,Pomacentridae,Chromis,viridis,37372053,1,AD,Passing,
GX010031_C2_L.MP4,54575,30.3498,KAD_OnoBack_Transect 4,1.2718,,2.967,0.077,2146.118,21.529,,,555.116,561.133,-1995.695,KAD_OnoBack,Peter,Pomacentridae,Chromis,viridis,37372053,1,AD,Passing,
GX010031_C2_L.MP4,54575,30.3498,KAD_OnoBack_Transect 4,1.2718,,3.081,0.553,2167.061,18.207,,,492.787,466.876,-2057.994,KAD_OnoBack,Peter,Pomacentridae,Chromis,viridis,37372053,1,AD,Passing,
GX010031_C2_L.MP4,54575,30.3498,KAD_OnoBack_Transect 4,1.2718,,2.507,3.461,1927.214,8.895,,,83.612,288.346,-1903.686,KAD_OnoBack,Peter,Pomacentridae,Chromis,viridis,37372053,1,AD,Passing,
GX010031_C2_L.MP4,54575,30.3498,KAD_OnoBack_Transect 4,1.2718,,4.739,0.204,2757.94,3.203,,,-36.89,152.991,-2753.447,KAD_OnoBack,Peter,Pomacentridae,Chromis,viridis,37372053,1,AD,Passing,
GX010031_C2_L.MP4,54575,30.3498,KAD_OnoBack_Transect 4,1.2718,,3.311,0.644,2279.052,15.927,,,-523.631,344.675,-2191.138,KAD_OnoBack,Peter,Pomacentridae,Chromis,viridis,37372053,1,AD,Passing,
GX010031_C2_L.MP4,54575,30.3498,KAD_OnoBack_Transect 4,1.2718,,4.31,0.571,2645.473,15.318,,,-652.976,252.208,-2551.184,KAD_OnoBack,Peter,Pomacentridae,Chromis,viridis,37372053,1,AD,Passing,
GX010031_C2_L.MP4,54575,30.3498,KAD_OnoBack_Transect 4,1.2718,,4.788,0.907,2897.79,20.762,,,-1004.997,215.868,-2709.349,KAD_OnoBack,Peter,Pomacentridae,Chromis,viridis,37372053,1,AD,Passing,
GX010031_C2_L.MP4,54575,30.3498,KAD_OnoBack_Transect 4,1.2718,,3.795,3.685,2625.326,24.683,,,-1062.768,272.137,-2385.121,KAD_OnoBack,Peter,Pomacentridae,Chromis,viridis,37372053,1,AD,Passing,
GX010031_C2_L.MP4,54575,30.3498,KAD_OnoBack_Transect 4,1.2718,85.842,4.127,3.102,1708.458,24.378,83.835,1.622,703.118,-53.764,-1556.137,KAD_OnoBack,Peter,Pomacentridae,Pomacentrus,callainus,temp_code_004,1,AD,Passing,
GX010031_C2_L.MP4,54644,30.3881,KAD_OnoBack_Transect 4,1.3102,,8.649,9.205,3884.497,24.355,,,-1145.447,-1115.537,-3540.176,KAD_OnoBack,Peter,Pomacanthidae,Centropyge,heraldi,37385027,1,AD,Passing,
GX010031_C2_L.MP4,54654,30.3937,KAD_OnoBack_Transect 4,1.3158,,7.214,12.706,3731.401,29.736,,,-1502.468,-1076.81,-3241.362,KAD_OnoBack,Peter,Pomacanthidae,Centropyge,flavissima,37365026,1,AD,Passing,
GX010031_C2_L.MP4,54704,30.4215,KAD_OnoBack_Transect 4,1.3436,152.832,2.731,5.808,1829.26,20.376,24.776,13.548,-292.344,-565.869,-1714.794,KAD_OnoBack,Peter,Nemipteridae,Scolopsis,bilineata,37347031,1,AD,Passing,
GX010031_C2_L.MP4,54744,30.4437,KAD_OnoBack_Transect 4,1.3658,,6.28,0.317,3272.655,19.835,,,1079.528,264.039,-3078.177,KAD_OnoBack,Peter,Mullidae,Mulloidichthys,flavolineatus,37355019,1,AD,Passing,
GX010031_C2_L.MP4,54744,30.4437,KAD_OnoBack_Transect 4,1.3658,,5.905,1.397,3210.178,21.29,,,1152.174,179.796,-2990.888,KAD_OnoBack,Peter,Mullidae,Mulloidichthys,flavolineatus,37355019,1,AD,Passing,
GX010031_C2_L.MP4,54744,30.4437,KAD_OnoBack_Transect 4,1.3658,,5.488,0.618,3135.134,23.271,,,1225.9,180.564,-2879.867,KAD_OnoBack,Peter,Mullidae,Mulloidichthys,flavolineatus,37355019,1,AD,Passing,
GX010031_C2_L.MP4,54744,30.4437,KAD_OnoBack_Transect 4,1.3658,64.391,6.124,1.999,2178.937,11.297,51.706,32.865,415.897,-96.084,-2136.718,KAD_OnoBack,Peter,Labridae,Thalassoma,hardwicke,37384165,1,AD,Passing,
GX010031_C2_L.MP4,54829,30.491,KAD_OnoBack_Transect 4,1.4131,,1.234,5.259,1320.054,19.618,,,-426.923,-117.476,-1243.575,KAD_OnoBack,Peter,Pomacentridae,Pomacentrus,maafu,temp_code_005,1,AD,Passing,
GX010031_C2_L.MP4,54878,30.5183,KAD_OnoBack_Transect 4,1.4403,,2.284,0.737,1933.724,25.77,,,707.507,-451.954,-1741.971,KAD_OnoBack,Peter,Pomacentridae,Pomacentrus,maafu,temp_code_005,1,AD,Passing,
GX010031_C2_L.MP4,54952,30.5594,KAD_OnoBack_Transect 4,1.4815,93.322,1.587,6.452,1070.051,21.377,62.085,4.666,203.323,-332.843,-996.436,KAD_OnoBack,Peter,Labridae,Halichoeres,trimaculatus,37384122,1,AD,Passing,
GX010031_C2_L.MP4,55284,30.744,KAD_OnoBack_Transect 4,1.6661,,22.797,2.805,6377.997,13.606,,,-1467.011,322.152,-6198.625,KAD_OnoBack,Peter,Acanthuridae,Ctenochaetus,sp,,1,AD,Passing,
GX010031_C2_L.MP4,55327,30.768,KAD_OnoBack_Transect 4,1.69,67.752,4.639,2.883,2117.813,11.325,30.862,3.068,-240.502,-339.277,-2076.579,KAD_OnoBack,Peter,Pomacentridae,Pomacentrus,maafu,temp_code_005,1,AD,Passing,
GX010031_C2_L.MP4,55359,30.7858,KAD_OnoBack_Transect 4,1.7078,,1.603,7.837,1570.256,25.696,,,-448.495,-510.539,-1415.594,KAD_OnoBack,Peter,Pomacentridae,Pomacentrus,maafu,temp_code_005,1,AD,Passing,
GX010031_C2_L.MP4,55389,30.8024,KAD_OnoBack_Transect 4,1.7245,62.481,1.035,3.555,1269.264,19.643,6.101,8.946,-167.205,-392.554,-1195.397,KAD_OnoBack,Peter,Labridae,Halichoeres,trimaculatus,37384122,1,AD,Passing,
GX010031_C2_L.MP4,55427,30.8236,KAD_OnoBack_Transect 4,1.7456,39.564,1.496,3.771,1325.907,18.556,16.086,24.521,-378.731,-185.991,-1256.981,KAD_OnoBack,Peter,Pomacentridae,Pomacentrus,moluccensis,37372118,1,AD,Passing,
GX010031_C2_L.MP4,55436,30.8286,KAD_OnoBack_Transect 4,1.7506,115.202,10.346,3.382,2958.931,26.74,65.097,3.161,-1330.527,-46.195,-2642.506,KAD_OnoBack,Peter,Labridae,Thalassoma,hardwicke,37384165,1,AD,Passing,
GX010031_C2_L.MP4,55863,31.066,KAD_OnoBack_Transect 4,1.9881,,15.92,2.872,5236.525,10.983,,,-898.709,-426.836,-5141.141,KAD_OnoBack,Peter,Nemipteridae,Scolopsis,bilineata,37347031,1,AD,Passing,
GX010031_C2_L.MP4,56065,31.1784,KAD_OnoBack_Transect 4,2.1004,105.471,4.253,0.497,2639.806,16.907,2.922,2.915,754.578,-141.331,-2525.711,KAD_OnoBack,Peter,Scaridae,Chlorurus,sp,,1,AD,Passing,
GX010031_C2_L.MP4,56065,31.1784,KAD_OnoBack_Transect 4,2.1004,58.922,4.514,5.713,2608.688,24.455,14.955,27.486,899.868,-597.116,-2374.646,KAD_OnoBack,Peter,Mullidae,Parupeneus,multifasciatus,37355026,1,AD,Passing,
GX010031_C2_L.MP4,56084,31.1889,KAD_OnoBack_Transect 4,2.111,130.288,5.609,6.451,2821.739,25.722,4.953,0.67,1203.73,-225.411,-2542.132,KAD_OnoBack,Peter,Acanthuridae,Acanthurus,nigrofuscus,37437014,1,AD,Passing,
GX010031_C2_L.MP4,56135,31.2173,KAD_OnoBack_Transect 4,2.1394,,2.031,1.143,1738.887,14.752,,,-438.862,-56.664,-1681.641,KAD_OnoBack,Peter,Pomacentridae,Pomacentrus,coelestis,37372111,1,AD,Passing,
GX010031_C2_L.MP4,56148,31.2245,KAD_OnoBack_Transect 4,2.1466,61.081,2.206,3.083,1722.804,18.496,23.559,42.948,-534.345,114.789,-1633.815,KAD_OnoBack,Peter,Labridae,Thalassoma,hardwicke,37384165,1,AD,Passing,
GX010031_C2_L.MP4,56148,31.2245,KAD_OnoBack_Transect 4,2.1466,44.476,1.579,0.274,1524.126,9.309,9.023,4.25,-246.255,12.138,-1504.051,KAD_OnoBack,Peter,Labridae,Thalassoma,hardwicke,37384165,1,AD,Passing,
GX010031_C2_L.MP4,56193,31.2496,KAD_OnoBack_Transect 4,2.1716,113.419,3.623,3.263,1569.975,11.03,54.815,18.452,-287.655,86.467,-1540.973,KAD_OnoBack,Peter,Scaridae,Chlorurus,sp,,1,AD,Passing,
GX010031_C2_L.MP4,56220,31.2646,KAD_OnoBack_Transect 4,2.1866,182.178,5.342,1.464,1996.364,23.354,61.418,1.043,787.6,77.236,-1832.81,KAD_OnoBack,Peter,Scaridae,Chlorurus,sp,,1,AD,Passing,
GX010031_C2_L.MP4,56220,31.2646,KAD_OnoBack_Transect 4,2.1866,84.103,6.323,2.589,2271.309,20.243,45.121,0.608,770.313,155.628,-2131.019,KAD_OnoBack,Peter,Pomacentridae,Chromis,viridis,37372053,1,AD,Passing,
GX020031_C2_L.MP4,2625,37.7627,KAD_OnoBack_Transect 5,0.2141,78.798,5.23,4.749,2194.812,22.729,40.815,4.509,-784.151,-322.876,-2024.366,KAD_OnoBack,Peter,Labridae,Halichoeres,trimaculatus,37384122,1,AD,Passing,
GX020031_C2_L.MP4,2657,37.7805,KAD_OnoBack_Transect 5,0.2319,87.492,5.656,4.273,1823.962,14.769,89.443,20.461,-176.519,-430.144,-1763.705,KAD_OnoBack,Peter,Labridae,Halichoeres,trimaculatus,37384122,1,AD,Passing,
GX020031_C2_L.MP4,2775,37.8461,KAD_OnoBack_Transect 5,0.2975,,23.982,4.857,6772.78,22.207,,,-2448.888,753.146,-6269.471,KAD_OnoBack,Peter,Acanthuridae,Acanthurus,sp,,1,AD,Passing,
GX020031_C2_L.MP4,2846,37.8856,KAD_OnoBack_Transect 5,0.337,,6.007,0.382,3530.944,28.455,,,-1667.189,229.28,-3104.106,KAD_OnoBack,Peter,Pomacentridae,Chromis,viridis,37372053,1,AD,Passing,
GX020031_C2_L.MP4,2879,37.904,KAD_OnoBack_Transect 5,0.3554,,8.507,0.14,4274.714,28.52,,,-2037.3,-119.101,-3756.116,KAD_OnoBack,Peter,Pomacanthidae,Centropyge,flavissima,37365026,1,AD,Passing,
GX020031_C2_L.MP4,2889,37.9095,KAD_OnoBack_Transect 5,0.3609,,7.352,3.658,3941.933,28.256,,,-1862.789,-107.895,-3472.349,KAD_OnoBack,Peter,Pomacanthidae,Centropyge,flavissima,37365026,1,AD,Passing,
GX020031_C2_L.MP4,3024,37.9846,KAD_OnoBack_Transect 5,0.436,,2.444,1.292,1908.634,17.053,,,264.79,-490.883,-1825.323,KAD_OnoBack,Peter,Pomacentridae,Pomacentrus,coelestis,37372111,1,AD,Passing,
GX020031_C2_L.MP4,3060,38.0046,KAD_OnoBack_Transect 5,0.456,30.582,1.779,1.575,1564.645,17.462,16.979,30.694,-273.387,-381.703,-1492.54,KAD_OnoBack,Peter,Pomacentridae,Pomacentrus,coelestis,37372111,1,AD,Passing,
GX020031_C2_L.MP4,3060,38.0046,KAD_OnoBack_Transect 5,0.456,43.571,3.262,0.48,1696.249,15.296,36.957,4.373,112.28,-433.165,-1636.16,KAD_OnoBack,Peter,Pomacentridae,Pomacentrus,coelestis,37372111,1,AD,Passing,
GX020031_C2_L.MP4,3103,38.0285,KAD_OnoBack_Transect 5,0.4799,153.417,10.244,3.89,3293.04,21.064,39.353,29.153,-1080.79,-482.339,-3073.004,KAD_OnoBack,Peter,Acanthuridae,Ctenochaetus,striatus,37437022,1,AD,Passing,
GX020031_C2_L.MP4,3220,38.0936,KAD_OnoBack_Transect 5,0.545,,1.749,13.978,1661.284,26.637,,,-511.578,-539.511,-1485.624,KAD_OnoBack,Peter,Pomacentridae,Pomacentrus,coelestis,37372111,1,AD,Passing,
GX020031_C2_L.MP4,3454,38.2237,KAD_OnoBack_Transect 5,0.6751,,12.449,2.03,4898.191,22.287,,,-1839.861,262.05,-4531.944,KAD_OnoBack,Peter,Lethrinidae,Monotaxis,grandoculis,37351026,1,AD,Passing,
GX020031_C2_L.MP4,3456,38.2249,KAD_OnoBack_Transect 5,0.6762,,12.355,4.311,4757.587,18.151,,,-1482.062,2.976,-4520.854,KAD_OnoBack,Peter,Acanthuridae,Acanthurus,sp,,1,AD,Passing,
GX020031_C2_L.MP4,3456,38.2249,KAD_OnoBack_Transect 5,0.6762,,10.315,3.34,4767.122,29.019,,,-2311.35,-69.477,-4168.727,KAD_OnoBack,Peter,Acanthuridae,Ctenochaetus,striatus,37437022,1,AD,Passing,
GX020031_C2_L.MP4,3584,38.296,KAD_OnoBack_Transect 5,0.7474,,9.125,2.324,4478.17,30.061,,,-2209.215,393.651,-3875.36,KAD_OnoBack,Peter,Labridae,Gomphosus,varius,37384106,1,AD,Passing,
GX020031_C2_L.MP4,3610,38.3105,KAD_OnoBack_Transect 5,0.7619,,13.697,5.716,5375.897,28.531,,,-2465.992,721.311,-4722.167,KAD_OnoBack,Peter,Scaridae,Chlorurus,sp,,1,AD,Passing,
GX020031_C2_L.MP4,3624,38.3183,KAD_OnoBack_Transect 5,0.7697,85.555,6.413,5.98,2634.975,24.723,31.963,1.187,-1091.15,-154.434,-2393.457,KAD_OnoBack,Peter,Labridae,Thalassoma,hardwicke,37384165,1,AD,Passing,
GX020031_C2_L.MP4,3683,38.3511,KAD_OnoBack_Transect 5,0.8025,141.741,3.228,4.594,1791.719,16.361,31.414,17.452,363.752,-349.863,-1719.168,KAD_OnoBack,Peter,Acanthuridae,Ctenochaetus,striatus,37437022,1,AD,Passing,
GX020031_C2_L.MP4,3697,38.3589,KAD_OnoBack_Transect 5,0.8103,123.32,5.168,1.021,2355.264,18.207,29.09,14.772,-689.945,255.954,-2237.35,KAD_OnoBack,Peter,Acanthuridae,Acanthurus,nigrofuscus,37437014,1,AD,Passing,
GX020031_C2_L.MP4,3710,38.3661,KAD_OnoBack_Transect 5,0.8175,,2.1,0.924,1850.393,22.542,,,-709.351,-4.102,-1709.023,KAD_OnoBack,Peter,Pomacentridae,Pomacentrus,coelestis,37372111,1,AD,Passing,
GX020031_C2_L.MP4,3829,38.4323,KAD_OnoBack_Transect 5,0.8837,78.737,3.141,0.633,1639.197,15.12,37.374,13.962,405.187,-136.563,-1582.448,KAD_OnoBack,Peter,Pomacentridae,Chromis,viridis,37372053,1,AD,Passing,
GX020031_C2_L.MP4,3866,38.4529,KAD_OnoBack_Transect 5,0.9042,153.905,3.21,0.939,2184.573,14.968,18.595,0.659,31.524,-563.34,-2110.454,KAD_OnoBack,Peter,Scaridae,Chlorurus,sp,,1,AD,Passing,
GX020031_C2_L.MP4,3869,38.4545,KAD_OnoBack_Transect 5,0.9059,110.481,4.203,14.437,2040.014,29.737,46.841,6.189,797.962,-622.246,-1771.362,KAD_OnoBack,Peter,Scaridae,Scarus,sp,,1,AD,Passing,
GX020031_C2_L.MP4,3876,38.4584,KAD_OnoBack_Transect 5,0.9098,58.076,2.453,2.547,1918.811,21.615,19.226,2.652,217.699,-672.483,-1783.875,KAD_OnoBack,Peter,Pomacentridae,Pomacentrus,maafu,temp_code_005,1,AD,Passing,
GX020031_C2_L.MP4,4184,38.6297,KAD_OnoBack_Transect 5,1.0811,74.546,2.529,0.142,2916.423,2.893,2.607,44.82,-40.231,-141.605,-2912.706,KAD_OnoBack,Peter,Labridae,Thalassoma,hardwicke,37384165,1,AD,Passing,
GX020031_C2_L.MP4,4323,38.707,KAD_OnoBack_Transect 5,1.1584,,2.239,3.428,1932.341,25.002,,,791.879,-197.71,-1751.508,KAD_OnoBack,Peter,Pomacentridae,Pomacentrus,coelestis,37372111,1,AD,Passing,
GX020031_C2_L.MP4,4410,38.7554,KAD_OnoBack_Transect 5,1.2068,91.263,8.96,1.356,3790.605,7.573,20.003,35.456,425.009,-262.498,-3757.546,KAD_OnoBack,Peter,Chaetodontidae,Chaetodon,citrinellus,37365036,1,AD,Passing,
GX020031_C2_L.MP4,4410,38.7554,KAD_OnoBack_Transect 5,1.2068,149.97,11.257,0.866,3612.725,10.029,24.559,14.221,625.943,-63.206,-3557.524,KAD_OnoBack,Peter,Labridae,Halichoeres,trimaculatus,37384122,1,AD,Passing,
GX020031_C2_L.MP4,4431,38.7671,KAD_OnoBack_Transect 5,1.2184,,9.639,3.413,4115.823,21.449,,,1423.625,492.965,-3830.179,KAD_OnoBack,Peter,Pomacanthidae,Centropyge,flavissima,37365026,1,AD,Passing,
GX020031_C2_L.MP4,4431,38.7671,KAD_OnoBack_Transect 5,1.2184,,8.059,0.327,3926.978,26.279,,,1693.547,397.67,-3520.641,KAD_OnoBack,Peter,Acanthuridae,Ctenochaetus,striatus,37437022,1,AD,Passing,
GX020031_C2_L.MP4,4472,38.7899,KAD_OnoBack_Transect 5,1.2412,120.133,2.598,1.449,1491.903,17.642,40.846,9.228,-26.069,-451.386,-1421.74,KAD_OnoBack,Peter,Labridae,Halichoeres,trimaculatus,37384122,1,AD,Passing,
GX020031_C2_L.MP4,4473,38.7904,KAD_OnoBack_Transect 5,1.2418,227.855,8.289,5.04,2469.088,25.728,89.175,3.029,1068.58,-83.277,-2224.32,KAD_OnoBack,Peter,Acanthuridae,Ctenochaetus,striatus,37437022,1,AD,Passing,
GX020031_C2_L.MP4,4487,38.7982,KAD_OnoBack_Transect 5,1.2496,115.093,11.494,2.447,2833.75,18.93,58.356,4.441,905.984,-155.9,-2680.49,KAD_OnoBack,Peter,Chaetodontidae,Chaetodon,citrinellus,37365036,1,AD,Passing,
GX020031_C2_L.MP4,4492,38.801,KAD_OnoBack_Transect 5,1.2524,212.241,4.321,3.25,1973.111,22.941,45.494,21.724,717.812,-276.079,-1817.056,KAD_OnoBack,Peter,Balistidae,Pseudobalistes,fuscus,37465027,1,AD,Passing,
GX020031_C2_L.MP4,4530,38.8221,KAD_OnoBack_Transect 5,1.2735,110.709,9.729,2.945,2740.717,25.132,69.892,11.105,1136.255,252.614,-2481.258,KAD_OnoBack,Peter,Pomacanthidae,Centropyge,flavissima,37365026,1,AD,Passing,
GX020031_C2_L.MP4,4530,38.8221,KAD_OnoBack_Transect 5,1.2735,96.025,3.373,3.075,2365.576,24.561,8.122,40.167,966.028,183.475,-2151.528,KAD_OnoBack,Peter,Labridae,Thalassoma,hardwicke,37384165,1,AD,Passing,
GX020031_C2_L.MP4,4533,38.8238,KAD_OnoBack_Transect 5,1.2752,164.586,6.454,2.478,2218.395,26.867,79.542,1.217,944.289,336.756,-1978.937,KAD_OnoBack,Peter,Acanthuridae,Ctenochaetus,sp,,1,AD,Passing,
GX020031_C2_L.MP4,4542,38.8288,KAD_OnoBack_Transect 5,1.2802,,3.684,0.783,2555.248,24.878,,,1057.828,194.014,-2317.898,KAD_OnoBack,Peter,Pomacentridae,Pomacentrus,coelestis,37372111,1,AD,Passing,
GX020031_C2_L.MP4,4555,38.836,KAD_OnoBack_Transect 5,1.2874,,2.428,3.242,2060.199,26.578,,,905.428,-170.463,-1842.705,KAD_OnoBack,Peter,Pomacentridae,Pomacentrus,coelestis,37372111,1,AD,Passing,
GX020031_C2_L.MP4,4555,38.836,KAD_OnoBack_Transect 5,1.2874,,4.002,3.062,2576.586,20.055,,,866.381,-170.412,-2420.566,KAD_OnoBack,Peter,Pomacentridae,Pomacentrus,coelestis,37372111,1,AD,Passing,
GX020031_C2_L.MP4,4614,38.8688,KAD_OnoBack_Transect 5,1.3202,96.141,2.961,5.397,1431.519,22.264,66.896,4.313,323.72,-435.167,-1324.795,KAD_OnoBack,Peter,Labridae,Halichoeres,trimaculatus,37384122,1,AD,Passing,
GX020031_C2_L.MP4,4716,38.9256,KAD_OnoBack_Transect 5,1.3769,,2.667,6.26,2115.38,24.488,,,-779.909,-398.365,-1925.586,KAD_OnoBack,Peter,Pomacentridae,Pomacentrus,coelestis,37372111,1,AD,Passing,
GX020031_C2_L.MP4,4716,38.9256,KAD_OnoBack_Transect 5,1.3769,,3.114,0.385,2203.893,17.436,,,-524.31,-398.899,-2103.122,KAD_OnoBack,Peter,Pomacentridae,Pomacentrus,coelestis,37372111,1,AD,Passing,
GX020031_C2_L.MP4,4787,38.965,KAD_OnoBack_Transect 5,1.4164,83.805,5.583,3.788,1894.473,9.901,56.305,15.591,-68.167,-318.538,-1866.257,KAD_OnoBack,Peter,Mullidae,Parupeneus,multifasciatus,37355026,1,AD,Passing,
GX020031_C2_L.MP4,4787,38.965,KAD_OnoBack_Transect 5,1.4164,109.246,7.513,1.32,3628.794,15.278,10.027,16.552,894.749,-337.165,-3500.556,KAD_OnoBack,Peter,Labridae,Thalassoma,hardwicke,37384165,1,AD,Passing,
GX020031_C2_L.MP4,4832,38.9901,KAD_OnoBack_Transect 5,1.4414,34.586,1.74,7.557,1209.921,16.76,52.852,38.673,96.417,-335.312,-1158.524,KAD_OnoBack,Peter,Pomacentridae,Pomacentrus,maafu,temp_code_005,1,AD,Passing,
GX020031_C2_L.MP4,4882,39.0179,KAD_OnoBack_Transect 5,1.4692,,9.313,8.082,4473.286,30.356,,,2244.643,-263.784,-3860.348,KAD_OnoBack,Peter,Acanthuridae,Acanthurus,sp,,1,AD,Passing,
GX020031_C2_L.MP4,4911,39.034,KAD_OnoBack_Transect 5,1.4854,,15.618,2.817,5171.935,15.875,,,1339.799,-448.097,-4975.245,KAD_OnoBack,Peter,Acanthuridae,Acanthurus,sp,,1,AD,Passing,
GX020031_C2_L.MP4,4911,39.034,KAD_OnoBack_Transect 5,1.4854,,10.734,0.687,4233.274,7.731,,,395.013,-405.091,-4195.292,KAD_OnoBack,Peter,Acanthuridae,Acanthurus,sp,,1,AD,Passing,
GX020031_C2_L.MP4,4911,39.034,KAD_OnoBack_Transect 5,1.4854,,9.894,4.171,4077.525,7.046,,,-128.491,-478.418,-4047.322,KAD_OnoBack,Peter,Acanthuridae,Acanthurus,sp,,1,AD,Passing,
GX020031_C2_L.MP4,4968,39.0657,KAD_OnoBack_Transect 5,1.5171,,6.665,1.251,3273.011,14.422,,,680.735,-444.567,-3170.42,KAD_OnoBack,Peter,Scaridae,Scarus,sp,,1,AD,Passing,
GX020031_C2_L.MP4,4990,39.0779,KAD_OnoBack_Transect 5,1.5293,133.654,6.476,2.276,2975.894,13.473,20.475,18.507,-552.623,-418.699,-2894.001,KAD_OnoBack,Peter,Scaridae,Chlorurus,sp,,1,AD,Passing,
GX020031_C2_L.MP4,4990,39.0779,KAD_OnoBack_Transect 5,1.5293,190.966,5.404,7.378,3487.56,12.134,8.737,27.056,-515.201,-521.538,-3409.64,KAD_OnoBack,Peter,Scaridae,Scarus,globiceps,37386018,1,AD,Passing,
GX020031_C2_L.MP4,5004,39.0857,KAD_OnoBack_Transect 5,1.5371,146.137,4.891,1.32,2892.15,11.987,13.036,18.058,496.617,-337.91,-2829.085,KAD_OnoBack,Peter,Scaridae,Chlorurus,sp,,1,AD,Passing,
GX020031_C2_L.MP4,5106,39.1424,KAD_OnoBack_Transect 5,1.5938,,6.561,2.281,3289.027,7.907,,,-418.572,-167.805,-3257.965,KAD_OnoBack,Peter,Acanthuridae,Acanthurus,sp,,1,AD,Passing,
GX020031_C2_L.MP4,5106,39.1424,KAD_OnoBack_Transect 5,1.5938,,10.22,0.671,4179.499,8.927,,,-642.588,-82.632,-4128.978,KAD_OnoBack,Peter,Acanthuridae,Acanthurus,nigrofuscus,37437014,1,AD,Passing,
GX020031_C2_L.MP4,5106,39.1424,KAD_OnoBack_Transect 5,1.5938,142.849,7.923,2.341,3437.394,22.485,10.26,1.352,-1300.564,-191.541,-3176.086,KAD_OnoBack,Peter,Scaridae,Chlorurus,sp,,1,AD,Passing,
GX020031_C2_L.MP4,5290,39.2448,KAD_OnoBack_Transect 5,1.6961,,1.09,4.884,1233.355,20.651,,,318.838,-294.452,-1154.471,KAD_OnoBack,Peter,Pomacentridae,Pomacentrus,coelestis,37372111,1,AD,Passing,
GX020031_C2_L.MP4,5429,39.3221,KAD_OnoBack_Transect 5,1.7734,159.236,13.821,3.247,3960.187,20.684,30.27,17.032,-1398.539,-26.221,-3704.927,KAD_OnoBack,Peter,Acanthuridae,Acanthurus,nigrofuscus,37437014,1,AD,Passing,
GX020031_C2_L.MP4,5429,39.3221,KAD_OnoBack_Transect 5,1.7734,,9.705,3.643,4207.411,18.904,,,-1363.118,12.842,-3980.459,KAD_OnoBack,Peter,Acanthuridae,Acanthurus,nigrofuscus,37437014,1,AD,Passing,
GX020031_C2_L.MP4,5429,39.3221,KAD_OnoBack_Transect 5,1.7734,139.699,12.912,6.601,3929.991,15.65,28.952,28.455,-1057.291,-77.851,-3784.297,KAD_OnoBack,Peter,Acanthuridae,Ctenochaetus,sp,,1,AD,Passing,
GX020031_C2_L.MP4,5429,39.3221,KAD_OnoBack_Transect 5,1.7734,255.945,17.381,1.863,4450.243,11.767,25.411,4.752,-906.325,46.423,-4356.728,KAD_OnoBack,Peter,Labridae,Halichoeres,hortulanus,37384112,1,AD,Passing,
GX020031_C2_L.MP4,5465,39.3421,KAD_OnoBack_Transect 5,1.7935,,2.911,0.953,2095.281,12.102,,,40.483,-434.896,-2049.251,KAD_OnoBack,Peter,Pomacentridae,Pomacentrus,moluccensis,37372118,1,AD,Passing,
GX020031_C2_L.MP4,5465,39.3421,KAD_OnoBack_Transect 5,1.7935,77.171,7.205,2.918,2074.703,13.474,74.624,22.508,-25.198,-482.762,-2017.597,KAD_OnoBack,Peter,Labridae,Thalassoma,hardwicke,37384165,1,AD,Passing,
GX020031_C2_L.MP4,5557,39.3932,KAD_OnoBack_Transect 5,1.8446,19.197,1.48,0.964,1664.039,9.497,2.945,18.931,191.541,-196.702,-1641.233,KAD_OnoBack,Peter,Pomacentridae,Pomacentrus,maafu,temp_code_005,1,AD,Passing,
GX020031_C2_L.MP4,5579,39.4055,KAD_OnoBack_Transect 5,1.8569,85.576,1.568,3.362,1294.849,20.614,28.923,29.592,329.128,-315.43,-1211.946,KAD_OnoBack,Peter,Labridae,Thalassoma,hardwicke,37384165,1,AD,Passing,
GX020031_C2_L.MP4,6027,39.6546,KAD_OnoBack_Transect 5,2.106,228.174,15.38,4.444,5070.965,24.905,0.446,8.08,-2031.719,-657.455,-4599.409,KAD_OnoBack,Peter,Scaridae,Chlorurus,spilurus,temp_code_002,1,AD,Passing,
GX020031_C2_L.MP4,6027,39.6546,KAD_OnoBack_Transect 5,2.106,189.281,13.24,6.675,3885.405,25.436,38.847,26.513,-1438.301,-846.294,-3508.768,KAD_OnoBack,Peter,Scaridae,Chlorurus,sp,,1,AD,Passing,
GX020031_C2_L.MP4,6049,39.6668,KAD_OnoBack_Transect 5,2.1182,99.063,4.351,3.914,2455.985,21.584,19.548,19.231,638.504,-639.172,-2283.776,KAD_OnoBack,Peter,Labridae,Thalassoma,hardwicke,37384165,1,AD,Passing,
GX020031_C2_L.MP4,6049,39.6668,KAD_OnoBack_Transect 5,2.1182,71.078,6.212,1.884,2087.808,19.498,56.091,4.24,206.583,-665.52,-1968.083,KAD_OnoBack,Peter,Labridae,Thalassoma,hardwicke,37384165,1,AD,Passing,
GX020031_C2_L.MP4,6099,39.6947,KAD_OnoBack_Transect 5,2.146,74.385,5.329,0.451,2197.412,13.275,33.136,1.466,451.076,-226.145,-2138.693,KAD_OnoBack,Peter,Pomacentridae,Chromis,viridis,37372053,1,AD,Passing,
GX020031_C2_L.MP4,6136,39.7152,KAD_OnoBack_Transect 5,2.1666,46.686,2.247,5.054,1948.49,22.702,1.209,4.959,505.339,-556.878,-1797.535,KAD_OnoBack,Peter,Pomacentridae,Pomacentrus,moluccensis,37372118,1,AD,Passing,
GX020031_C2_L.MP4,6151,39.7236,KAD_OnoBack_Transect 5,2.175,135.976,8.203,6.893,2777.08,28.359,50.405,1.58,1166.891,-615.17,-2443.789,KAD_OnoBack,Peter,Scaridae,Chlorurus,spilurus,temp_code_002,1,AD,Passing,
GX020031_C2_L.MP4,6151,39.7236,KAD_OnoBack_Transect 5,2.175,157.112,10.21,9.26,3015.595,24.609,46.713,6.197,1089.949,-623.707,-2741.681,KAD_OnoBack,Peter,Scaridae,Chlorurus,sp,,1,AD,Passing,
GX020031_C2_L.MP4,6207,39.7547,KAD_OnoBack_Transect 5,2.2061,205.613,9.108,7.943,3066.263,18.511,32.179,12.742,-932.596,-279.24,-2907.621,KAD_OnoBack,Peter,Scaridae,Chlorurus,sp,,1,AD,Passing,
GX020031_C2_L.MP4,6247,39.777,KAD_OnoBack_Transect 5,2.2283,26.742,2.605,12.289,1730.333,26.73,29.9,18.951,549.043,-551.627,-1545.417,KAD_OnoBack,Peter,Pomacentridae,Pomacentrus,coelestis,37372111,1,AD,Passing,
GX020031_C2_L.MP4,6264,39.7864,KAD_OnoBack_Transect 5,2.2378,,5.315,0.775,2980.888,19.018,,,-847.973,-470.375,-2818.755,KAD_OnoBack,Peter,Pomacentridae,Chromis,viridis,37372053,1,AD,Passing,
GX020031_C2_L.MP4,6264,39.7864,KAD_OnoBack_Transect 5,2.2378,,2.924,4.09,2109.856,10.45,,,-328.55,-193.681,-2075.099,KAD_OnoBack,Peter,Pomacentridae,Chromis,viridis,37372053,1,AD,Passing,
GX020031_C2_L.MP4,6277,39.7936,KAD_OnoBack_Transect 5,2.245,118.598,3.875,2.356,3611.722,15.18,4.609,13.128,185.146,-927.449,-3485.699,KAD_OnoBack,Peter,Acanthuridae,Ctenochaetus,striatus,37437022,1,AD,Passing,
GX020031_C2_L.MP4,6301,39.807,KAD_OnoBack_Transect 5,2.2584,,8.303,1.214,3646.939,16.262,,,503.251,-884.36,-3502.115,KAD_OnoBack,Peter,Acanthuridae,Acanthurus,nigrofuscus,37437014,1,AD,Passing,
GX020031_C2_L.MP4,6301,39.807,KAD_OnoBack_Transect 5,2.2584,69.277,2.622,1.13,2057.746,16.624,15.993,30.001,-127.295,-574.783,-1971.735,KAD_OnoBack,Peter,Chaetodontidae,Chaetodon,pelewensis,37365049,1,AD,Passing,
GX020031_C2_L.MP4,6350,39.8342,KAD_OnoBack_Transect 5,2.2856,,3.567,2.845,2344.762,15.477,,,-245.003,-572.959,-2260.442,KAD_OnoBack,Peter,Pomacanthidae,Centropyge,flavissima,37365026,1,AD,Passing,
GX020031_C2_L.MP4,6449,39.8893,KAD_OnoBack_Transect 5,2.3407,134.226,4.107,7.45,1807.646,24.866,60.416,17.866,557.287,-516.933,-1640.06,KAD_OnoBack,Peter,Scaridae,Chlorurus,sp,,1,AD,Passing,
GX020031_C2_L.MP4,6466,39.8987,KAD_OnoBack_Transect 5,2.3501,238.305,21.029,2.133,4153.703,10.175,39.48,15.437,34.499,-732.977,-4088.374,KAD_OnoBack,Peter,Scaridae,Chlorurus,spilurus,temp_code_002,1,AD,Passing,
GX020031_C2_L.MP4,6493,39.9138,KAD_OnoBack_Transect 5,2.3651,,17.377,3.278,5391.684,15.441,,,1212.098,-762.78,-5198.003,KAD_OnoBack,Peter,Acanthuridae,Acanthurus,sp,,1,AD,Passing,
GX020031_C2_L.MP4,6501,39.9182,KAD_OnoBack_Transect 5,2.3696,,4.375,10.575,2847.71,29.995,,,1179.617,-793.975,-2467.298,KAD_OnoBack,Peter,Mullidae,Parupeneus,multifasciatus,37355026,1,AD,Passing,
