Filename,Frame,Time (mins),Period,Period time (mins),Length (mm),Precision (mm),RMS (mm),Range (mm),Direction (deg),Horz. Dir. (deg),Vert. Dir. (deg),Mid X (mm),Mid Y (mm),Mid Z (mm),OpCode,TapeReader,Family,Genus,Species,Code,Number,Stage,Activity,Comment,
GX010028_L.MP4,15068,8.3795,KAD_COW_Transect 1,0.1496,85.344,3.921,1.565,2975.985,10.785,9.356,21.299,268.357,-487.965,-2923.416,KAD_COW_,Peter,Mullidae,Parupeneus,multifasciatus,37355026,1,AD,Passing,,
GX010028_L.MP4,15068,8.3795,KAD_COW_Transect 1,0.1496,154.109,6.314,1.465,3102.681,9.245,17.681,0.591,-252.977,-429.529,-3062.375,KAD_COW_,Peter,Nemipteridae,Scolopsis,bilineata,37347031,1,AD,Passing,,
GX010028_L.MP4,15112,8.404,KAD_COW_Transect 1,0.1741,155.317,4.908,5.986,4175.044,11.983,4.187,19.985,193.06,845.057,-4084.067,KAD_COW_,Peter,Scaridae,Chlorurus,spilurus,temp_code_002,1,AD,Passing,,
GX010028_L.MP4,15292,8.5041,KAD_COW_Transect 1,0.2742,,8.778,0.464,4161.871,25.568,,,-1769.861,304.024,-3754.509,KAD_COW_,Peter,Acanthuridae,Zebrasoma,scopas,37437036,1,AD,Passing,,
GX010028_L.MP4,15330,8.5252,KAD_COW_Transect 1,0.2953,97.279,7.505,6.291,2230.569,22.726,70.697,1.886,330.591,-795.779,-2057.397,KAD_COW_,Peter,Pomacanthidae,Centropyge,bicolor,37365022,1,AD,Passing,,
GX010028_L.MP4,15331,8.5257,KAD_COW_Transect 1,0.2959,,1.512,1.006,1513.581,24.943,,,-430.28,-472.265,-1372.134,KAD_COW_,Peter,Pomacanthidae,Centropyge,bicolor,37365022,1,AD,Passing,,
GX010028_L.MP4,15369,8.5469,KAD_COW_Transect 1,0.317,,2.079,5.163,1859.799,29.223,,,-667.716,-616.218,-1622.74,KAD_COW_,Peter,Pomacanthidae,Centropyge,bicolor,37365022,1,AD,Passing,,
GX010028_L.MP4,15375,8.5502,KAD_COW_Transect 1,0.3203,,2.5,3.517,1990.042,23.725,,,-407.911,-690.047,-1821.458,KAD_COW_,Peter,Acanthuridae,Ctenochaetus,striatus,37437022,1,AD,Passing,,
GX010028_L.MP4,15441,8.5869,KAD_COW_Transect 1,0.357,138.328,2.331,1.545,2278.687,20.822,5.399,5.42,336.095,-736.963,-2129.869,KAD_COW_,Peter,Acanthuridae,Ctenochaetus,striatus,37437022,1,AD,Passing,,
GX010028_L.MP4,15449,8.5914,KAD_COW_Transect 1,0.3615,161.213,7.505,1.136,2250.011,21.16,83.377,23.51,622.298,-521.944,-2098.301,KAD_COW_,Peter,Scaridae,Scarus,schlegeli,37386029,1,AD,Passing,,
GX010028_L.MP4,15554,8.6498,KAD_COW_Transect 1,0.4199,120.621,1.659,3.01,1663.571,16.145,1.016,41.218,357.441,-293.647,-1597.959,KAD_COW_,Peter,Labridae,Oxycheilinus,digrammus,37384065,1,AD,Passing,,
GX010028_L.MP4,17053,9.4834,KAD_COW_Transect 1,1.2535,174.633,9.554,1.598,3573.841,12.225,20.871,10.576,-662.095,-366.45,-3492.804,KAD_COW_,Peter,Scaridae,Scarus,dimidiatus,37386013,1,AD,Passing,,
GX010028_L.MP4,17295,9.6179,KAD_COW_Transect 1,1.3881,,5.443,0.189,3000.575,17.674,,,-749.359,516.333,-2859.25,KAD_COW_,Peter,Pomacentridae,Chromis,viridis,37372053,1,AD,Passing,,
GX010028_L.MP4,17295,9.6179,KAD_COW_Transect 1,1.3881,73.026,6.1,18.736,3232.571,27.945,7.408,23.917,-1211.129,909.952,-2855.638,KAD_COW_,Peter,Pomacentridae,Pomacentrus,callainus,temp_code_004,1,AD,Passing,,
GX010028_L.MP4,17433,9.6947,KAD_COW_Transect 1,1.4648,,20.885,1.401,5995.293,18.278,,,1695.566,-816.107,-5692.325,KAD_COW_,Peter,Acanthuridae,Ctenochaetus,striatus,37437022,1,AD,Passing,,
GX010028_L.MP4,17433,9.6947,KAD_COW_Transect 1,1.4648,177.579,13.226,9.568,6075.439,13.304,4.191,42.027,1279.542,-563.38,-5912.388,KAD_COW_,Peter,Scaridae,Scarus,schlegeli,37386029,1,AD,Passing,,
GX010028_L.MP4,17433,9.6947,KAD_COW_Transect 1,1.4648,,20.951,0.605,5983.367,16.992,,,1566.474,-780.214,-5721.722,KAD_COW_,Peter,Scaridae,Scarus,schlegeli,37386029,1,AD,Passing,,
GX010028_L.MP4,17487,9.7247,KAD_COW_Transect 1,1.4948,162.604,9.251,6.124,2999.595,20.826,38.538,14.591,-999.924,-370.769,-2803.614,KAD_COW_,Peter,Labridae,Thalassoma,lunare,37384167,1,AD,Passing,,
GX010028_L.MP4,17660,9.8209,KAD_COW_Transect 1,1.591,,6.413,0.759,3262.572,3.676,,,116.416,-175.693,-3255.757,KAD_COW_,Peter,Labridae,Stethojulis,bandanensis,37384154,1,AD,Passing,,
GX010028_L.MP4,17726,9.8576,KAD_COW_Transect 1,1.6277,215.442,4.875,1.87,1888.988,20.283,53.635,0.529,154.721,-636.286,-1771.857,KAD_COW_,Peter,Acanthuridae,Ctenochaetus,striatus,37437022,1,AD,Passing,,
GX010028_L.MP4,17735,9.8626,KAD_COW_Transect 1,1.6327,83.857,5.607,2.392,2782.792,16.633,19.671,4.933,502.831,-617.762,-2666.358,KAD_COW_,Peter,Pomacanthidae,Centropyge,heraldi,37385027,1,AD,Passing,,
GX010028_L.MP4,17735,9.8626,KAD_COW_Transect 1,1.6327,112.355,7.016,4.175,2543.91,14.315,34.082,8.508,475.249,-412.016,-2464.926,KAD_COW_,Peter,Scaridae,Chlorurus,spilurus,temp_code_002,1,AD,Passing,,
GX010028_L.MP4,17735,9.8626,KAD_COW_Transect 1,1.6327,87.894,8.237,1.7,2767.484,11.154,33.469,5.162,-216.331,-489.705,-2715.208,KAD_COW_,Peter,Blenniidae,Plagiotremus,flavus,temp_code_003,1,AD,Passing,,
GX010028_L.MP4,17735,9.8626,KAD_COW_Transect 1,1.6327,82.525,4.609,2.52,2261.969,14.863,28.638,15.369,39.531,-578.868,-2186.288,KAD_COW_,Peter,Scaridae,Scarus,schlegeli,37386029,1,AD,Passing,,
GX010028_L.MP4,17735,9.8626,KAD_COW_Transect 1,1.6327,141.513,7.119,2.227,2728.007,9.275,29.054,15.865,189.458,-396.77,-2692.341,KAD_COW_,Peter,Scaridae,Scarus,schlegeli,37386029,1,AD,Passing,,
GX010028_L.MP4,17735,9.8626,KAD_COW_Transect 1,1.6327,83.305,2.296,1.726,2489.231,13.134,5.305,12.055,91.606,-558.142,-2424.119,KAD_COW_,Peter,Labridae,Thalassoma,lunare,37384167,1,AD,Passing,,
GX010028_L.MP4,17735,9.8626,KAD_COW_Transect 1,1.6327,104.754,6.216,4.184,2453.459,24.217,44.799,28.629,712.696,-710.555,-2237.552,KAD_COW_,Peter,Acanthuridae,Zebrasoma,scopas,37437036,1,AD,Passing,,
GX010028_L.MP4,17745,9.8682,KAD_COW_Transect 1,1.6383,,2.401,0.037,1939.209,25.448,,,507.757,-661.719,-1750.669,KAD_COW_,Peter,Scaridae,Chlorurus,spilurus,temp_code_002,1,AD,Passing,,
GX010028_L.MP4,17789,9.8927,KAD_COW_Transect 1,1.6628,138.739,9.259,1.768,3063.226,14.487,33.148,19.996,-739.361,-201.304,-2965.835,KAD_COW_,Peter,Scaridae,Scarus,schlegeli,37386029,1,AD,Passing,may have double sampled,
GX010028_L.MP4,17825,9.9127,KAD_COW_Transect 1,1.6828,104.674,2.776,6.03,1719.669,22.609,32.136,0.065,270.47,-603.243,-1587.515,KAD_COW_,Peter,Chaetodontidae,Chaetodon,mertensii,37365044,1,AD,Passing,,
GX010028_L.MP4,17875,9.9405,KAD_COW_Transect 1,1.7106,132.177,9.308,2.105,2543.129,5.061,45.719,4.254,-27.874,-222.611,-2533.214,KAD_COW_,Peter,Mullidae,Parupeneus,multifasciatus,37355026,1,AD,Passing,,
GX010028_L.MP4,17877,9.9416,KAD_COW_Transect 1,1.7117,,13.912,1.979,4985.232,0.227,,,19.193,-7.589,-4985.189,KAD_COW_,Peter,Labridae,Thalassoma,sp,,1,AD,Passing,,
GX010028_L.MP4,17901,9.9549,KAD_COW_Transect 1,1.7251,182.089,6.513,2.8,2054.612,18.425,70.97,17.874,550.584,-344.309,-1949.292,KAD_COW_,Peter,Scaridae,Scarus,schlegeli,37386029,1,AD,Passing,,
GX010028_L.MP4,17923,9.9672,KAD_COW_Transect 1,1.7373,171.447,8.837,4.627,2291.054,11.981,66.834,15.503,13.721,-475.402,-2241.145,KAD_COW_,Peter,Scaridae,Scarus,schlegeli,37386029,1,AD,Passing,,
GX010028_L.MP4,17952,9.9833,KAD_COW_Transect 1,1.7534,183.769,11.9,4.378,2902.588,20.968,60.756,3.068,986.767,-324.253,-2710.381,KAD_COW_,Peter,Nemipteridae,Scolopsis,bilineata,37347031,1,AD,Passing,,
GX010028_L.MP4,17960,9.9878,KAD_COW_Transect 1,1.7579,197.649,7.516,2.08,2735.975,19.643,33.534,14.948,816.614,-423.14,-2576.753,KAD_COW_,Peter,Mullidae,Parupeneus,barberinus,37355022,1,AD,Passing,,
GX010028_L.MP4,18060,10.0434,KAD_COW_Transect 1,1.8135,185.983,2.627,6.603,2016.396,1.632,17.71,31.989,57.392,-1.79,-2015.579,KAD_COW_,Peter,Scaridae,Scarus,schlegeli,37386029,1,AD,Passing,,
GX010028_L.MP4,18060,10.0434,KAD_COW_Transect 1,1.8135,224.745,5.9,0.211,2342.434,14.551,44.2,36.874,581.792,-88.714,-2267.299,KAD_COW_,Peter,Scaridae,Scarus,schlegeli,37386029,1,AD,Passing,,
GX010028_L.MP4,18074,10.0512,KAD_COW_Transect 1,1.8213,133.546,5.253,2.443,2046.29,14.268,44.901,21.406,454.425,-218.737,-1983.168,KAD_COW_,Peter,Nemipteridae,Scolopsis,bilineata,37347031,1,AD,Passing,,
GX010028_L.MP4,18276,10.1635,KAD_COW_Transect 1,1.9336,57.357,1.856,2.116,1339.149,13.931,28.182,15.505,-322.021,15.566,-1299.762,KAD_COW_,Peter,Pomacentridae,Pomacentrus,moluccensis,37372118,1,AD,Passing,,
GX010028_L.MP4,18284,10.1679,KAD_COW_Transect 1,1.938,,1.224,0.357,1304.628,18.251,,,-407.719,25.839,-1239.013,KAD_COW_,Peter,Pomacentridae,Pomacentrus,moluccensis,37372118,1,AD,Passing,,
GX010028_L.MP4,18289,10.1707,KAD_COW_Transect 1,1.9408,191.648,4.299,9.806,1746.503,20.36,58.825,0.505,-561.335,232.687,-1637.386,KAD_COW_,Peter,Scaridae,Chlorurus,spilurus,temp_code_002,1,AD,Passing,,
GX010028_L.MP4,18391,10.2274,KAD_COW_Transect 1,1.9976,225.936,11.127,5.022,3846.468,1.121,22.505,21.697,-74.88,7.668,-3845.732,KAD_COW_,Peter,Scaridae,Chlorurus,spilurus,temp_code_002,1,AD,Passing,,
GX010028_L.MP4,18470,10.2714,KAD_COW_Transect 1,2.0415,,16.527,2.244,5696.03,22.158,,,-2143.052,147.724,-5275.439,KAD_COW_,Peter,Lethrinidae,Monotaxis,grandoculis,37351026,1,AD,Passing,,
GX010028_L.MP4,18564,10.3236,KAD_COW_Transect 1,2.0938,143.226,11.73,1.63,5020.459,12.52,13.493,28.603,-54.699,-1086.974,-4901.072,KAD_COW_,Peter,Lethrinidae,Monotaxis,grandoculis,37351026,1,AD,Passing,,
GX010028_L.MP4,18582,10.3337,KAD_COW_Transect 1,2.1038,,12.957,0.516,4663.227,15.513,,,-83.738,-1247.032,-4492.615,KAD_COW_,Peter,Scaridae,Chlorurus,spilurus,temp_code_002,1,AD,Passing,,
GX010028_L.MP4,18582,10.3337,KAD_COW_Transect 1,2.1038,,10.615,1.701,4201.946,14.278,,,-99.712,-1033.876,-4071.549,KAD_COW_,Peter,Acanthuridae,Zebrasoma,scopas,37437036,1,AD,Passing,,
GX010028_L.MP4,18582,10.3337,KAD_COW_Transect 1,2.1038,,6.108,5.615,3144.263,16.008,,,-146.982,-856.338,-3021.832,KAD_COW_,Peter,Acanthuridae,Zebrasoma,scopas,37437036,1,AD,Passing,,
GX010028_L.MP4,18621,10.3553,KAD_COW_Transect 1,2.1255,,11.056,2.182,4380.429,17.649,,,1306.705,-239.819,-4174.107,KAD_COW_,Peter,Acanthuridae,Zebrasoma,scopas,37437036,1,AD,Passing,,
GX010028_L.MP4,18622,10.3559,KAD_COW_Transect 1,2.126,,13.876,0.639,5288.281,24.306,,,-2176.48,28.899,-4819.545,KAD_COW_,Peter,Scaridae,Scarus,schlegeli,37386029,1,AD,Passing,,
GX010028_L.MP4,18622,10.3559,KAD_COW_Transect 1,2.126,,12.808,0.257,5185.478,27.536,,,-2389.769,186.744,-4598.185,KAD_COW_,Peter,Scaridae,Scarus,schlegeli,37386029,1,AD,Passing,,
GX010028_L.MP4,18622,10.3559,KAD_COW_Transect 1,2.126,,10.931,0.971,4354.505,12.303,,,-895.096,-247.022,-4254.351,KAD_COW_,Peter,Scaridae,Scarus,schlegeli,37386029,1,AD,Passing,,
GX010028_L.MP4,18685,10.3909,KAD_COW_Transect 1,2.161,219.992,6.435,6.744,2211.009,21.634,56.588,20.086,440.002,-686.191,-2055.262,KAD_COW_,Peter,Acanthuridae,Ctenochaetus,striatus,37437022,1,AD,Passing,,
GX010028_L.MP4,24955,13.8778,KAD_COW_Transect 2,0.2208,135.285,10.675,0.745,3486.238,3.278,24.978,4.529,-115.467,-162.487,-3480.535,KAD_COW_,Peter,Scaridae,Chlorurus,bleekeri,37386011,1,AD,Passing,,
GX010028_L.MP4,24969,13.8855,KAD_COW_Transect 2,0.2286,168.05,9.513,3.212,3538.085,6.182,22.016,16.514,186.659,-332.169,-3517.509,KAD_COW_,Peter,Scaridae,Chlorurus,bleekeri,37386011,1,AD,Passing,,
GX010028_L.MP4,25000,13.9028,KAD_COW_Transect 2,0.2458,178.734,17.581,11.581,4291.561,11.402,35.354,31.704,-848.15,-19.889,-4206.868,KAD_COW_,Peter,Scaridae,Scarus,schlegeli,37386029,1,AD,Passing,,
GX010028_L.MP4,25014,13.9106,KAD_COW_Transect 2,0.2536,127.486,10.115,9.511,3097.904,20.536,38.213,1.042,-892.066,-620.66,-2901.036,KAD_COW_,Peter,Scaridae,Chlorurus,bleekeri,37386011,1,AD,Passing,,
GX010028_L.MP4,25101,13.9589,KAD_COW_Transect 2,0.302,,4.632,7.869,2795.324,24.002,,,-787.088,-822.112,-2553.128,KAD_COW_,Peter,Pomacanthidae,Centropyge,heraldi,37385027,1,AD,Passing,,
GX010028_L.MP4,25127,13.9734,KAD_COW_Transect 2,0.3164,292.677,12.854,1.966,2965.863,19.305,65.633,1.654,-975.405,-99.724,-2799.105,KAD_COW_,Peter,Scaridae,Chlorurus,bleekeri,37386011,1,AD,Passing,,
GX010028_L.MP4,25205,14.0168,KAD_COW_Transect 2,0.3598,95.355,5.894,3.739,3036.758,12.727,18.172,25.284,-441.983,502.253,-2962.143,KAD_COW_,Peter,Chaetodontidae,Chaetodon,lunulatus,37365059,1,AD,Passing,,
GX010028_L.MP4,25214,14.0218,KAD_COW_Transect 2,0.3648,102.14,7.826,4.685,2808.874,9.716,30.774,16.009,47.057,471.704,-2768.583,KAD_COW_,Peter,Chaetodontidae,Chaetodon,lunulatus,37365059,1,AD,Passing,,
GX010028_L.MP4,25240,14.0362,KAD_COW_Transect 2,0.3793,,5.506,0.003,3003.106,12.094,,,-561.81,281.622,-2936.615,KAD_COW_,Peter,Acanthuridae,Ctenochaetus,striatus,37437022,1,AD,Passing,,
GX010028_L.MP4,25413,14.1325,KAD_COW_Transect 2,0.4755,150.915,11.049,1.934,3107.644,19.554,49.78,28.17,-744.316,-726.529,-2928.413,KAD_COW_,Peter,Nemipteridae,Scolopsis,bilineata,37347031,1,AD,Passing,,
GX010028_L.MP4,25468,14.163,KAD_COW_Transect 2,0.5061,170.01,7.112,13.363,2438.006,25.514,56.856,12.913,-817.904,-658.621,-2200.255,KAD_COW_,Peter,Chaetodontidae,Forcipiger,flavissimus,37365068,1,AD,Passing,,
GX010028_L.MP4,26377,14.6685,KAD_COW_Transect 2,1.0116,,7.193,15.687,3622.882,30.443,,,1522.19,1024.074,-3124.017,KAD_COW_,Peter,Scaridae,Scarus,schlegeli,37386029,1,AD,Passing,,
GX010028_L.MP4,26551,14.7653,KAD_COW_Transect 2,1.1083,,3.698,0.435,2408.289,18.886,,,178.872,-760.054,-2278.196,KAD_COW_,Peter,Pomacentridae,Pomacentrus,moluccensis,37372118,1,AD,Passing,,
GX010028_L.MP4,26603,14.7942,KAD_COW_Transect 2,1.1372,88.136,4.599,2.616,2841.842,12.765,13.428,10.834,381.491,-498.738,-2771.605,KAD_COW_,Peter,Mullidae,Parupeneus,multifasciatus,37355026,1,AD,Passing,,
GX010028_L.MP4,26616,14.8015,KAD_COW_Transect 2,1.1445,,3.26,0.755,2301.149,23.902,,,794.375,-489.397,-2103.508,KAD_COW_,Peter,Pomacentridae,Pomacentrus,moluccensis,37372118,1,AD,Passing,,
GX010028_L.MP4,26636,14.8126,KAD_COW_Transect 2,1.1556,,3.548,1.247,2380.543,21.491,,,734.958,-470.831,-2214.755,KAD_COW_,Peter,Pomacentridae,Pomacentrus,moluccensis,37372118,1,AD,Passing,,all four in frame 26706
GX010028_L.MP4,26636,14.8126,KAD_COW_Transect 2,1.1556,,3.538,0.751,2418.381,23.993,,,876.213,-447.693,-2209.161,KAD_COW_,Peter,Pomacentridae,Pomacentrus,moluccensis,37372118,1,AD,Passing,,
GX010028_L.MP4,26636,14.8126,KAD_COW_Transect 2,1.1556,,4.315,3.119,2687.07,24.05,,,956.807,-534.031,-2453.503,KAD_COW_,Peter,Pomacentridae,Pomacentrus,moluccensis,37372118,1,AD,Passing,,
GX010028_L.MP4,26674,14.8337,KAD_COW_Transect 2,1.1767,,3.346,0.084,2316.137,21.34,,,756.168,-373.524,-2157.123,KAD_COW_,Peter,Pomacentridae,Dascyllus,aruanus,37372073,1,AD,Passing,,
GX010028_L.MP4,26681,14.8376,KAD_COW_Transect 2,1.1806,,3.298,0.819,2324.885,21.488,,,835.262,-167.291,-2163.202,KAD_COW_,Peter,Pomacentridae,Dascyllus,aruanus,37372073,1,AD,Passing,,
GX010028_L.MP4,26701,14.8487,KAD_COW_Transect 2,1.1917,,2.828,0.849,2091.038,17.909,,,609.744,-205.325,-1989.597,KAD_COW_,Peter,Pomacentridae,Dascyllus,aruanus,37372073,1,AD,Passing,,
GX010028_L.MP4,26701,14.8487,KAD_COW_Transect 2,1.1917,,2.905,2.307,2129.458,18.534,,,648.357,-195.59,-2018.903,KAD_COW_,Peter,Pomacentridae,Dascyllus,aruanus,37372073,1,AD,Passing,,
GX010028_L.MP4,26701,14.8487,KAD_COW_Transect 2,1.1917,,2.929,3.248,2142.243,18.73,,,663.962,-181.018,-2028.693,KAD_COW_,Peter,Pomacentridae,Dascyllus,aruanus,37372073,1,AD,Passing,,
GX010028_L.MP4,27267,15.1635,KAD_COW_Transect 2,1.5065,92.883,4.913,10.75,2502.793,26.303,35.129,40.038,1080.586,249.659,-2243.652,KAD_COW_,Peter,Chaetodontidae,Chaetodon,lunulatus,37365059,1,AD,Passing,,
GX010028_L.MP4,27282,15.1718,KAD_COW_Transect 2,1.5148,,3.192,0.952,2368.74,26.247,,,1046.497,45.51,-2124.547,KAD_COW_,Peter,Chaetodontidae,Chaetodon,lunulatus,37365059,1,AD,Passing,,
GX010028_L.MP4,27295,15.1791,KAD_COW_Transect 2,1.5221,154.903,10.898,8.692,4386.361,20.463,8.655,5.485,1236.422,907.092,-4109.575,KAD_COW_,Peter,Siganidae,Siganus,uspi,temp_code_007,1,AD,Passing,,
GX010028_L.MP4,27295,15.1791,KAD_COW_Transect 2,1.5221,116.175,3.824,1.735,3866.257,2.762,4.397,31.077,19.244,185.298,-3861.766,KAD_COW_,Peter,Zanclidae,Zanclus,cornutus,37437001,1,AD,Passing,,
GX010028_L.MP4,27404,15.2397,KAD_COW_Transect 2,1.5827,86.557,3.437,2.901,2299.047,21.463,17.613,41.735,840.11,-43.371,-2139.614,KAD_COW_,Peter,Chaetodontidae,Chaetodon,baronessa,37365034,1,AD,Passing,,
GX010028_L.MP4,27404,15.2397,KAD_COW_Transect 2,1.5827,81.967,4.254,6.895,2504.326,14.149,14.859,21.154,609.92,-52.306,-2428.355,KAD_COW_,Peter,Chaetodontidae,Chaetodon,baronessa,37365034,1,AD,Passing,,
GX010028_L.MP4,27455,15.268,KAD_COW_Transect 2,1.6111,113.687,5.565,6.199,1941.098,17.763,68.513,18.587,-563.182,-183.068,-1848.56,KAD_COW_,Peter,Chaetodontidae,Chaetodon,mertensii,37365044,1,AD,Passing,,
GX010028_L.MP4,27568,15.3309,KAD_COW_Transect 2,1.6739,,9.331,0.236,4006.194,3.586,,,-139.793,-210.318,-3998.226,KAD_COW_,Peter,Labridae,Thalassoma,sp,,1,AD,Passing,,
GX010028_L.MP4,27574,15.3342,KAD_COW_Transect 2,1.6772,,9.56,4.715,4099.683,18.055,,,-1174.647,-486.627,-3897.537,KAD_COW_,Peter,Scaridae,Scarus,dimidiatus,37386013,1,AD,Passing,,
GX010028_L.MP4,27616,15.3576,KAD_COW_Transect 2,1.7006,,5.074,1.174,2855.383,21.85,,,399.445,-986.333,-2649.68,KAD_COW_,Peter,Chaetodontidae,Chaetodon,sp,,1,AD,Passing,,
GX010028_L.MP4,27666,15.3854,KAD_COW_Transect 2,1.7284,106.38,10.468,9.19,3693.057,25.93,23.723,4.454,-1421.968,-765.399,-3321.272,KAD_COW_,Peter,Chaetodontidae,Forcipiger,flavissimus,37365068,1,AD,Passing,,
GX010028_L.MP4,27666,15.3854,KAD_COW_Transect 2,1.7284,145.08,6.281,2.91,3442.904,19.078,5.271,20.838,-984.038,-545.881,-3253.809,KAD_COW_,Peter,Labridae,Stethojulis,bandanensis,37384154,1,AD,Passing,,
GX010028_L.MP4,27756,15.4354,KAD_COW_Transect 2,1.7784,,4.523,1.445,2936.736,26.058,,,-1287.431,-83.519,-2638.175,KAD_COW_,Peter,Pomacentridae,Chrysiptera,glauca,37372062,1,AD,Passing,,
GX010028_L.MP4,27756,15.4354,KAD_COW_Transect 2,1.7784,152.477,4.418,4.428,3134.728,10.579,4.905,3.294,-538.755,-202.396,-3081.444,KAD_COW_,Peter,Labridae,Hemigymnus,fasciatus,37384124,1,AD,Passing,,
GX010028_L.MP4,27878,15.5033,KAD_COW_Transect 2,1.8463,,13.107,1.908,5172.029,25.697,,,-2232.509,-215.518,-4660.401,KAD_COW_,Peter,Acanthuridae,Ctenochaetus,striatus,37437022,1,AD,Passing,,
GX010028_L.MP4,27878,15.5033,KAD_COW_Transect 2,1.8463,,13.126,1.102,4908.754,18.242,,,-1513.803,-266.304,-4661.904,KAD_COW_,Peter,Acanthuridae,Zebrasoma,scopas,37437036,1,AD,Passing,,
GX010028_L.MP4,28128,15.6423,KAD_COW_Transect 2,1.9853,206.185,7,3.592,3693.974,13.751,12.798,17.237,-506.241,-717.438,-3588.098,KAD_COW_,Peter,Labridae,Halichoeres,hortulanus,37384112,1,AD,Passing,,
GX010028_L.MP4,28383,15.7841,KAD_COW_Transect 2,2.1271,,2.072,0.556,1760.772,17.453,,,-348.421,-397.847,-1679.476,KAD_COW_,Peter,Blenniidae,Plagiotremus,flavus,temp_code_003,1,AD,Passing,,
GX010028_L.MP4,28384,15.7847,KAD_COW_Transect 2,2.1277,,3.591,0.65,2527.348,27.612,,,1122.653,-335.641,-2239.304,KAD_COW_,Peter,Chaetodontidae,Chaetodon,lunulatus,37365059,1,AD,Passing,,
GX010028_L.MP4,28384,15.7847,KAD_COW_Transect 2,2.1277,,3.779,0.908,2644.698,28.387,,,1250.95,-128.116,-2326.615,KAD_COW_,Peter,Chaetodontidae,Chaetodon,lunulatus,37365059,1,AD,Passing,,
GX010028_L.MP4,28431,15.8108,KAD_COW_Transect 2,2.1538,,1.287,0.358,1340.472,13.698,,,-157.631,-276.292,-1302.183,KAD_COW_,Peter,Pomacentridae,Pomacentrus,moluccensis,37372118,1,AD,Passing,,
GX010028_L.MP4,28431,15.8108,KAD_COW_Transect 2,2.1538,,1.61,2.93,1517.786,10.718,,,-81.009,-271.268,-1491.149,KAD_COW_,Peter,Pomacentridae,Pomacentrus,moluccensis,37372118,1,AD,Passing,,
GX010028_L.MP4,28431,15.8108,KAD_COW_Transect 2,2.1538,,1.624,2.09,1524.396,10.126,,,-92.482,-252.421,-1500.504,KAD_COW_,Peter,Pomacentridae,Pomacentrus,moluccensis,37372118,1,AD,Passing,,
GX010028_L.MP4,28431,15.8108,KAD_COW_Transect 2,2.1538,,1.454,0.236,1431.931,13.428,,,-241.313,-229.604,-1392.651,KAD_COW_,Peter,Pomacentridae,Pomacentrus,moluccensis,37372118,1,AD,Passing,,
GX010028_L.MP4,28431,15.8108,KAD_COW_Transect 2,2.1538,,1.626,1.012,1524.84,11.794,,,-196.885,-242.462,-1492.51,KAD_COW_,Peter,Pomacentridae,Pomacentrus,moluccensis,37372118,1,AD,Passing,,
GX010028_L.MP4,28431,15.8108,KAD_COW_Transect 2,2.1538,,1.489,0.168,1451.958,11.072,,,-131.769,-246.575,-1424.788,KAD_COW_,Peter,Pomacentridae,Pomacentrus,moluccensis,37372118,1,AD,Passing,,
GX010028_L.MP4,28431,15.8108,KAD_COW_Transect 2,2.1538,,1.458,2.372,1439.918,16.307,,,-297.733,-274.323,-1381.834,KAD_COW_,Peter,Pomacentridae,Pomacentrus,moluccensis,37372118,1,AD,Passing,,
GX010028_L.MP4,28431,15.8108,KAD_COW_Transect 2,2.1538,,1.353,1.144,1375.206,12.242,,,-169.474,-238.082,-1343.796,KAD_COW_,Peter,Pomacentridae,Pomacentrus,moluccensis,37372118,1,AD,Passing,,
GX010028_L.MP4,28465,15.8297,KAD_COW_Transect 2,2.1727,66.074,1.945,1.192,1525.557,15.673,24.273,35.881,-403.077,-85.867,-1468.837,KAD_COW_,Peter,Pomacentridae,Pomacentrus,moluccensis,37372118,1,AD,Passing,,
GX010028_L.MP4,28660,15.9381,KAD_COW_Transect 2,2.2812,,17.154,2.085,5364.976,23.725,,,1024.401,-1902.885,-4910.458,KAD_COW_,Peter,Labridae,Thalassoma,sp,,1,AD,Passing,,
GX010028_L.MP4,41687,23.1826,KAD_COW_Transect 3,0.8286,,7.26,0.745,3569.498,26.005,,,1347.736,-797.434,-3207.65,KAD_COW_,Peter,Chaetodontidae,Chaetodon,baronessa,37365034,1,AD,Passing,,
GX010028_L.MP4,41822,23.2577,KAD_COW_Transect 3,0.9037,,5.514,2.272,3308.573,27.807,,,-1531.169,192.329,-2926.635,KAD_COW_,Peter,Chaetodontidae,Forcipiger,longirostris,37365069,1,AD,Passing,,
GX010028_L.MP4,42059,23.3895,KAD_COW_Transect 3,1.0355,164.37,4.527,3.824,2983.324,13.161,9.269,15.531,-531.409,423.109,-2904.962,KAD_COW_,Peter,Labridae,Hemigymnus,fasciatus,37384124,1,AD,Passing,,
GX010028_L.MP4,42074,23.3978,KAD_COW_Transect 3,1.0438,86.58,4.24,3.334,2403.572,7.107,32.348,51.189,-291.694,57.926,-2385.103,KAD_COW_,Peter,Pomacentridae,Amblyglyphidodon,orbicularis,temp_code_001,1,AD,Passing,,
GX010028_L.MP4,42100,23.4123,KAD_COW_Transect 3,1.0583,99.257,2.937,4.585,2067.11,6.81,20.753,36.575,-229.231,-86.744,-2052.529,KAD_COW_,Peter,Pomacentridae,Amblyglyphidodon,orbicularis,temp_code_001,1,AD,Passing,,
GX010028_L.MP4,42100,23.4123,KAD_COW_Transect 3,1.0583,,3.918,0.023,2487.325,9.909,,,-349.207,246.074,-2450.365,KAD_COW_,Peter,Mullidae,Parupeneus,multifasciatus,37355026,1,AD,Passing,,
GX010028_L.MP4,42101,23.4128,KAD_COW_Transect 3,1.0588,184.455,6.9,3.833,2170.768,19.89,77.818,18.812,-726.347,-133.636,-2041.273,KAD_COW_,Peter,Labridae,Hemigymnus,fasciatus,37384124,1,AD,Passing,,
GX010028_L.MP4,42151,23.4406,KAD_COW_Transect 3,1.0866,,2.671,1.794,2050.652,20.563,,,-532.177,-486.461,-1919.718,KAD_COW_,Peter,Acanthuridae,Zebrasoma,scopas,37437036,1,AD,Passing,,
GX010028_L.MP4,42168,23.4501,KAD_COW_Transect 3,1.0961,134.334,6.1,1.955,2918.249,5.25,19.523,13.922,220.06,-151.231,-2906.007,KAD_COW_,Peter,Scaridae,Chlorurus,spilurus,temp_code_002,1,J,Passing,,
GX010028_L.MP4,42174,23.4534,KAD_COW_Transect 3,1.0994,71.769,5.169,4.101,2572.526,16.62,21.144,11.999,-648.456,-347.758,-2465.047,KAD_COW_,Peter,Pomacanthidae,Centropyge,bicolor,37365022,1,AD,Passing,,
GX010028_L.MP4,42182,23.4579,KAD_COW_Transect 3,1.1039,164.385,4.262,3.714,2562.225,11.725,15.584,2.978,362.493,-373.769,-2508.763,KAD_COW_,Peter,Scaridae,Chlorurus,spilurus,temp_code_002,1,AD,Passing,,
GX010028_L.MP4,42182,23.4579,KAD_COW_Transect 3,1.1039,125.935,11.463,0.37,3125.292,5.76,35.345,6.184,127.276,-286.681,-3109.512,KAD_COW_,Peter,Scaridae,Chlorurus,spilurus,temp_code_002,1,AD,Passing,,
GX010028_L.MP4,42193,23.464,KAD_COW_Transect 3,1.11,187.963,6.53,6.006,2092.902,21.476,76.13,12.128,-585.434,-494.342,-1947.596,KAD_COW_,Peter,Mullidae,Parupeneus,multifasciatus,37355026,1,AD,Passing,,
GX010028_L.MP4,42206,23.4712,KAD_COW_Transect 3,1.1172,124.194,8.94,5.419,3041.018,17.471,30.634,1.622,592.629,-694.48,-2900.737,KAD_COW_,Peter,Scaridae,Chlorurus,spilurus,temp_code_002,1,AD,Passing,,
GX010028_L.MP4,42231,23.4851,KAD_COW_Transect 3,1.1311,113.905,7.973,9.488,2847.706,27.191,39.416,10.324,989.627,-844.948,-2533.008,KAD_COW_,Peter,Acanthuridae,Acanthurus,nigrofuscus,37437014,1,AD,Passing,,
GX010028_L.MP4,42238,23.489,KAD_COW_Transect 3,1.135,98.427,7.293,2.295,2681.591,9.258,30.26,1.095,67.613,-426.067,-2646.663,KAD_COW_,Peter,Pomacanthidae,Centropyge,bicolor,37365022,1,AD,Passing,,
GX010028_L.MP4,42238,23.489,KAD_COW_Transect 3,1.135,,4.595,0.444,2696.801,10.616,,,41.343,-496.653,-2650.351,KAD_COW_,Peter,Pomacanthidae,Centropyge,bicolor,37365022,1,AD,Passing,,
GX010028_L.MP4,42340,23.5457,KAD_COW_Transect 3,1.1917,99.415,5.422,1.778,2274.59,20.829,37.176,5.581,331.437,-737.754,-2125.942,KAD_COW_,Peter,Scaridae,Chlorurus,spilurus,temp_code_002,1,AD,Passing,,
GX010028_L.MP4,42362,23.558,KAD_COW_Transect 3,1.204,120.734,9.947,4.289,2629.925,21.498,60.54,4.204,268.46,-925.651,-2446.958,KAD_COW_,Peter,Acanthuridae,Zebrasoma,scopas,37437036,1,AD,Passing,,
GX010028_L.MP4,42419,23.5897,KAD_COW_Transect 3,1.2357,,4.548,13.441,2902.296,27.873,,,-1227.146,577.414,-2565.936,KAD_COW_,Peter,Pomacentridae,Neopomacentrus,violascens,temp_code_010,1,AD,Passing,,
GX010028_L.MP4,42493,23.6308,KAD_COW_Transect 3,1.2768,139.175,6.028,4.176,2727.617,10.367,22.77,8.087,-367.253,-325.645,-2683.091,KAD_COW_,Peter,Acanthuridae,Acanthurus,nigrofuscus,37437014,1,AD,Passing,,
GX010028_L.MP4,42551,23.6631,KAD_COW_Transect 3,1.3091,,11.981,2.541,4479.838,9.065,,,314.93,629.069,-4424.256,KAD_COW_,Peter,Acanthuridae,Acanthurus,nigrofuscus,37437014,1,AD,Passing,,
GX010028_L.MP4,42602,23.6914,KAD_COW_Transect 3,1.3374,120.555,9.163,2.083,3806.435,11.194,15.219,4.077,-734.825,77.782,-3734.023,KAD_COW_,Peter,Acanthuridae,Zebrasoma,scopas,37437036,1,AD,Passing,,
GX010028_L.MP4,42619,23.7009,KAD_COW_Transect 3,1.3469,,11.122,3.205,4405.503,11.197,,,-855.446,-0.876,-4321.652,KAD_COW_,Peter,Acanthuridae,Acanthurus,nigrofuscus,37437014,1,AD,Passing,,
GX010028_L.MP4,42748,23.7726,KAD_COW_Transect 3,1.4186,121.549,3.5,3.399,2865.896,7.833,8.013,16.5,257.042,-294.108,-2839.154,KAD_COW_,Peter,Chaetodontidae,Forcipiger,flavissimus,37365068,1,AD,Passing,,
GX010028_L.MP4,42748,23.7726,KAD_COW_Transect 3,1.4186,151.435,7.596,1.043,3228.219,8.591,19.649,10.476,-481.222,31.369,-3191.996,KAD_COW_,Peter,Mullidae,Parupeneus,barberinus,37355022,1,AD,Passing,,
GX010028_L.MP4,42966,23.8939,KAD_COW_Transect 3,1.5399,158.549,11.167,2.571,4496.292,13.328,13.273,20.989,-948.67,-417.623,-4375.187,KAD_COW_,Peter,Acanthuridae,Acanthurus,nigrofuscus,37437014,1,AD,Passing,,
GX010028_L.MP4,43274,24.0652,KAD_COW_Transect 3,1.7112,148.028,4.004,17.31,2333.184,27.843,23.128,26.136,-899.573,-614.994,-2063.08,KAD_COW_,Peter,Pomacanthidae,Pygoplites,diacanthus,37365082,1,AD,Passing,,
GX010028_L.MP4,43406,24.1386,KAD_COW_Transect 3,1.7846,,16.475,5.432,5351.154,26.996,,,1656.117,-1779.672,-4767.063,KAD_COW_,Peter,Acanthuridae,Acanthurus,nigrofuscus,37437014,1,AD,Passing,,
GX010028_L.MP4,43590,24.2409,KAD_COW_Transect 3,1.8869,,16.072,2.228,5319.541,4.39,,,243.362,-329.524,-5303.744,KAD_COW_,Peter,Zanclidae,Zanclus,cornutus,37437001,1,AD,Passing,,
GX010028_L.MP4,43621,24.2581,KAD_COW_Transect 3,1.9041,,6.206,5.098,3487.217,31.278,,,-1621.905,802.854,-2980.861,KAD_COW_,Peter,Pomacentridae,Amblyglyphidodon,orbicularis,temp_code_001,1,AD,Passing,,
GX010028_L.MP4,43707,24.3059,KAD_COW_Transect 3,1.952,279.518,9.8,7.508,3120.216,18.921,39.56,25.188,-1011.665,14.545,-2951.622,KAD_COW_,Peter,Lethrinidae,Monotaxis,grandoculis,37351026,1,AD,Passing,,
GX010028_L.MP4,43756,24.3332,KAD_COW_Transect 3,1.9792,126.113,7.101,3.202,2803.348,15.498,27.61,6.074,-565.04,-491.8,-2701.411,KAD_COW_,Peter,Acanthuridae,Zebrasoma,scopas,37437036,1,AD,Passing,,
GX010028_L.MP4,43776,24.3443,KAD_COW_Transect 3,1.9903,,6.645,2.571,3310.075,19.904,,,-137.759,-1120.293,-3111.682,KAD_COW_,Peter,Holocentridae,Neoniphon,sammara,37261019,1,AD,Passing,,
GX010028_L.MP4,43796,24.3554,KAD_COW_Transect 3,2.0014,,3.484,8.127,2374.057,21.703,,,-593.256,-648.411,-2205.393,KAD_COW_,Peter,Acanthuridae,Zebrasoma,scopas,37437036,1,AD,Passing,,
GX010028_L.MP4,43831,24.3749,KAD_COW_Transect 3,2.0209,217.174,15.358,2.204,3649.808,9.719,38.739,21.563,-142.575,-599.403,-3597.428,KAD_COW_,Peter,Scaridae,Chlorurus,spilurus,temp_code_002,1,AD,Passing,,
GX010028_L.MP4,43866,24.3944,KAD_COW_Transect 3,2.0404,,6.511,5.561,3449.305,20.934,,,-1228.362,97.943,-3221.682,KAD_COW_,Peter,Acanthuridae,Acanthurus,nigrofuscus,37437014,1,AD,Passing,,
GX010028_L.MP4,43887,24.406,KAD_COW_Transect 3,2.0521,234.579,9.723,10.732,2753.135,25.329,67.641,7.668,-1101.92,-416.003,-2488.466,KAD_COW_,Peter,Labridae,Halichoeres,hortulanus,37384112,1,AD,Passing,,
GX010028_L.MP4,43904,24.4155,KAD_COW_Transect 3,2.0615,,6.545,0.067,3343.57,16.108,,,-884.678,277.326,-3212.459,KAD_COW_,Peter,Chaetodontidae,Chaetodon,mertensii,37365044,1,AD,Passing,,
GX010028_L.MP4,43908,24.4177,KAD_COW_Transect 3,2.0637,158.296,5.363,3.163,3099.114,17.319,10.908,21.611,-741.549,-548.912,-2958.599,KAD_COW_,Peter,Mullidae,Parupeneus,multifasciatus,37355026,1,AD,Passing,,
GX010028_L.MP4,43925,24.4272,KAD_COW_Transect 3,2.0732,175.134,5.07,6.624,2749.227,24.02,13.221,24.072,-1103.106,-188.578,-2511.144,KAD_COW_,Peter,Scaridae,Chlorurus,spilurus,temp_code_002,1,AD,Passing,,
GX010028_L.MP4,43948,24.44,KAD_COW_Transect 3,2.086,,8.26,1.245,3687.301,11.7,,,-317.604,-679.048,-3610.293,KAD_COW_,Peter,Acanthuridae,Acanthurus,nigrofuscus,37437014,1,AD,Passing,,
GX010028_L.MP4,43996,24.4667,KAD_COW_Transect 3,2.1127,,7.888,1.359,3734.084,18.591,,,-1136.953,-354.905,-3539.034,KAD_COW_,Peter,Scaridae,Chlorurus,spilurus,temp_code_002,1,AD,Passing,,
GX010028_L.MP4,44020,24.48,KAD_COW_Transect 3,2.126,,4.5,0.74,2793.677,20.841,,,-948.588,-298.28,-2610.716,KAD_COW_,Peter,Acanthuridae,Zebrasoma,scopas,37437036,1,AD,Passing,,
GX010028_L.MP4,44070,24.5078,KAD_COW_Transect 3,2.1538,177.045,2.17,5.06,2466.916,18.844,2.038,10.876,-190.587,-773.679,-2334.688,KAD_COW_,Peter,Scaridae,Scarus,schlegeli,37386029,1,AD,Passing,,
GX010028_L.MP4,44199,24.5796,KAD_COW_Transect 3,2.2256,,12.043,5.487,4501.743,20.545,,,-561.44,-1479.194,-4214.553,KAD_COW_,Peter,Pomacanthidae,Centropyge,heraldi,37385027,1,AD,Passing,,
GX010028_L.MP4,44512,24.7536,KAD_COW_Transect 3,2.3996,276.21,20.724,3.923,4041.419,25.149,80.421,17.752,-1678.685,363.133,-3658.308,KAD_COW_,Peter,Labridae,Gomphosus,varius,37384106,1,AD,Passing,,
GX010028_L.MP4,44718,24.8682,KAD_COW_Transect 3,2.5142,149.227,2.567,3.368,1938.814,20.464,0.17,20.155,-670.22,101.467,-1816.456,KAD_COW_,Peter,Nemipteridae,Scolopsis,bilineata,37347031,1,AD,Passing,,
GX010028_L.MP4,44754,24.8882,KAD_COW_Transect 3,2.5342,,2.272,0.6,1860.564,20.837,,,201.964,-631.271,-1738.507,KAD_COW_,Peter,Scaridae,Scarus,schlegeli,37386029,1,AD,Passing,,
GX010028_L.MP4,44774,24.8993,KAD_COW_Transect 3,2.5453,,1.659,1.738,1573.636,22.38,,,-332.202,497.78,-1455.399,KAD_COW_,Peter,Pomacentridae,Amblyglyphidodon,orbicularis,temp_code_001,1,AD,Passing,,
GX010028_L.MP4,44784,24.9049,KAD_COW_Transect 3,2.5509,,7.025,17.241,3725.754,30.792,,,-1732.166,796.464,-3201.014,KAD_COW_,Peter,Scaridae,Scarus,schlegeli,37386029,1,AD,Passing,,
GX010028_L.MP4,44843,24.9377,KAD_COW_Transect 3,2.5837,157.812,6.575,6.573,3283.53,22.362,11.658,1.587,923.533,841.257,-3036.6,KAD_COW_,Peter,Acanthuridae,Acanthurus,nigrofuscus,37437014,1,AD,Passing,,
GX010028_L.MP4,44850,24.9416,KAD_COW_Transect 3,2.5876,,6.393,0.772,3203.685,20.703,,,625.424,942.507,-2997.353,KAD_COW_,Peter,Zanclidae,Zanclus,cornutus,37437001,1,AD,Passing,,
GX010028_L.MP4,44868,24.9516,KAD_COW_Transect 3,2.5976,,3.06,16.201,2285.532,27.213,,,954.171,425.399,-2032.794,KAD_COW_,Peter,Acanthuridae,Acanthurus,nigrofuscus,37437014,1,AD,Passing,,
GX010028_L.MP4,44868,24.9516,KAD_COW_Transect 3,2.5976,154.56,11.94,6.835,3308.029,22.735,49.929,26.5,-951.198,854.242,-3050.992,KAD_COW_,Peter,Scaridae,Scarus,schlegeli,37386029,1,AD,Passing,,
GX010028_L.MP4,44890,24.9638,KAD_COW_Transect 3,2.6098,,8.449,0.308,3753.86,24.861,,,984.51,1231.483,-3406.707,KAD_COW_,Peter,Labridae,Cheilinus,fasciatus,37384066,1,AD,Passing,,
GX010028_L.MP4,44925,24.9833,KAD_COW_Transect 3,2.6293,195.704,7.883,5.658,3431.899,21.916,22.542,41.892,663.974,1095.396,-3183.894,KAD_COW_,Peter,Acanthuridae,Acanthurus,nigrofuscus,37437014,1,AD,Passing,,
GX010028_L.MP4,44966,25.0061,KAD_COW_Transect 3,2.6521,,3.067,0.334,2296.109,25.161,,,974.798,-53.621,-2078.223,KAD_COW_,Peter,Pomacanthidae,Centropyge,heraldi,37385027,1,AD,Passing,,
GX010028_L.MP4,44990,25.0194,KAD_COW_Transect 3,2.6654,138.353,7.392,2.465,2943.594,16.24,27.117,10.878,-319.341,758.725,-2826.146,KAD_COW_,Peter,Zanclidae,Zanclus,cornutus,37437001,1,AD,Passing,,
GX010028_L.MP4,44990,25.0194,KAD_COW_Transect 3,2.6654,,8.447,1.716,3750.851,21.383,,,-392.038,1308.136,-3493.418,KAD_COW_,Peter,Zanclidae,Zanclus,cornutus,37437001,1,AD,Passing,,
GX010028_L.MP4,45172,25.1207,KAD_COW_Transect 3,2.7667,143.454,3.099,1.335,2421.189,7.231,10.538,10.34,257.032,163.776,-2401.93,KAD_COW_,Peter,Scaridae,Chlorurus,spilurus,temp_code_002,1,AD,Passing,,
GX010028_L.MP4,45237,25.1568,KAD_COW_Transect 3,2.8028,,5.302,12.143,3177.262,25.764,,,-1354.191,-272.809,-2861.247,KAD_COW_,Peter,Scaridae,Chlorurus,spilurus,temp_code_002,1,AD,Passing,,
GX010028_L.MP4,45237,25.1568,KAD_COW_Transect 3,2.8028,,5.679,1.344,3182.525,21.245,,,-1109.831,-314.979,-2966.063,KAD_COW_,Peter,Scaridae,Scarus,dimidiatus,37386013,1,AD,Passing,,
GX010028_L.MP4,51629,28.7115,KAD_COW_Transect 4,0.4827,,2.673,0.674,2104.388,24.423,,,853.049,-172.549,-1915.981,KAD_COW_,Peter,Pomacentridae,Dascyllus,aruanus,37372073,1,AD,Passing,,
GX010028_L.MP4,51629,28.7115,KAD_COW_Transect 4,0.4827,,3.34,2.539,2407.73,25.351,,,1021.853,-137.447,-2175.796,KAD_COW_,Peter,Pomacentridae,Dascyllus,aruanus,37372073,1,AD,Passing,,
GX010028_L.MP4,51634,28.7142,KAD_COW_Transect 4,0.4855,,2.419,0.678,1929.419,22.63,,,551.262,-498.299,-1780.58,KAD_COW_,Peter,Pomacentridae,Dascyllus,aruanus,37372073,1,AD,Passing,,
GX010028_L.MP4,52068,28.9556,KAD_COW_Transect 4,0.7268,101.02,5.958,4.411,3940.603,4.28,8.909,0.605,155.263,249.753,-3929.615,KAD_COW_,Peter,Acanthuridae,Acanthurus,nigrofuscus,37437014,1,AD,Passing,,
GX010028_L.MP4,52109,28.9784,KAD_COW_Transect 4,0.7496,,5.506,2.558,2946.959,15.071,,,443.183,-626.731,-2845.235,KAD_COW_,Peter,Pomacanthidae,Centropyge,bicolor,37365022,1,AD,Passing,,
GX010028_L.MP4,52112,28.9801,KAD_COW_Transect 4,0.7513,,5.154,0.732,2850.398,16.17,,,557.442,-566.767,-2737.298,KAD_COW_,Peter,Scaridae,Chlorurus,spilurus,temp_code_002,1,AD,Passing,,
GX010028_L.MP4,52115,28.9817,KAD_COW_Transect 4,0.753,142.634,2.704,3.544,3142.083,6.765,0.454,9.462,119.194,-350.385,-3120.209,KAD_COW_,Peter,Mullidae,Parupeneus,barberinoides,37355021,1,AD,Passing,,
GX010028_L.MP4,52131,28.9906,KAD_COW_Transect 4,0.7619,172.403,12.199,10.032,2652.569,12.571,73.2,16.779,326.507,-476.131,-2588.98,KAD_COW_,Peter,Scaridae,Chlorurus,spilurus,temp_code_002,1,AD,Passing,,
GX010028_L.MP4,52214,29.0368,KAD_COW_Transect 4,0.808,184.893,5.955,10.599,2102.812,20.771,77.536,30.204,-637.39,387.079,-1966.144,KAD_COW_,Peter,Acanthuridae,Acanthurus,nigrofuscus,37437014,1,AD,Passing,,
GX010028_L.MP4,52259,29.0618,KAD_COW_Transect 4,0.8331,116.9,9.981,2.077,3061.578,13.86,34.309,17.135,730.783,62.2,-2972.431,KAD_COW_,Peter,Acanthuridae,Zebrasoma,scopas,37437036,1,AD,Passing,,
GX010028_L.MP4,52262,29.0635,KAD_COW_Transect 4,0.8347,104.844,5.11,0.307,2732.797,15.965,17.356,26.885,697.98,-279,-2627.387,KAD_COW_,Peter,Acanthuridae,Zebrasoma,scopas,37437036,1,AD,Passing,,
GX010028_L.MP4,52268,29.0668,KAD_COW_Transect 4,0.8381,,2.752,7.111,2100.434,23.079,,,-559.679,-605.024,-1931.976,KAD_COW_,Peter,Pomacanthidae,Centropyge,bicolor,37365022,1,AD,Passing,,
GX010028_L.MP4,52332,29.1024,KAD_COW_Transect 4,0.8737,196.235,14.669,4.079,3469.91,29.332,74.231,1.584,1682.502,-241.897,-3025.053,KAD_COW_,Peter,Scaridae,Scarus,dimidiatus,37386013,1,AD,Passing,,
GX010028_L.MP4,52388,29.1335,KAD_COW_Transect 4,0.9048,,12.309,4.48,4549.167,11.007,,,-129.174,856.267,-4465.987,KAD_COW_,Peter,Acanthuridae,Zebrasoma,scopas,37437036,1,AD,Passing,,
GX010028_L.MP4,52423,29.153,KAD_COW_Transect 4,0.9243,,7.1,3.018,3378.835,16.015,,,698.918,-618.734,-3247.338,KAD_COW_,Peter,Acanthuridae,Zebrasoma,scopas,37437036,1,AD,Passing,,
GX010028_L.MP4,52470,29.1791,KAD_COW_Transect 4,0.9504,161.991,3.075,1.196,2934.121,9.072,3.095,10.917,287.46,-362.494,-2897.418,KAD_COW_,Peter,Scaridae,Chlorurus,spilurus,temp_code_002,1,AD,Passing,,
GX010028_L.MP4,52470,29.1791,KAD_COW_Transect 4,0.9504,174.816,11.766,7.617,3362.406,6.99,36.391,30.711,-142.961,383.426,-3337.413,KAD_COW_,Peter,Labridae,Hemigymnus,fasciatus,37384124,1,AD,Passing,,
GX010028_L.MP4,52480,29.1847,KAD_COW_Transect 4,0.956,206.079,16.732,5.267,4119.79,14.613,69.719,54.891,1036.195,80.933,-3986.53,KAD_COW_,Peter,Scaridae,Scarus,dimidiatus,37386013,1,AD,Passing,,
GX010028_L.MP4,52609,29.2564,KAD_COW_Transect 4,1.0277,,3.141,0.429,2216.959,19.248,,,-287.102,-673.31,-2092.638,KAD_COW_,Peter,Acanthuridae,Acanthurus,nigrofuscus,37437014,1,AD,Passing,may have double sampled,
GX010028_L.MP4,52620,29.2626,KAD_COW_Transect 4,1.0338,215.211,4.206,4.651,2201.6,11.639,31.403,38.738,-0.562,-444.158,-2156.331,KAD_COW_,Peter,Scaridae,Chlorurus,spilurus,temp_code_002,1,AD,Passing,,
GX010028_L.MP4,52878,29.406,KAD_COW_Transect 4,1.1773,243.632,16.022,3.207,3038.706,9.816,68.266,17.572,-20.766,517.655,-2994.218,KAD_COW_,Peter,Acanthuridae,Ctenochaetus,striatus,37437022,1,AD,Passing,,
GX010028_L.MP4,52903,29.4199,KAD_COW_Transect 4,1.1912,101.082,3.982,1.428,2728.477,19.04,11.078,40.37,-381.082,804.393,-2579.208,KAD_COW_,Peter,Pomacentridae,Amblyglyphidodon,orbicularis,temp_code_001,1,AD,Passing,,
GX010028_L.MP4,52903,29.4199,KAD_COW_Transect 4,1.1912,139.343,8.015,7.168,2606.733,22.155,64.957,37.253,-628.867,755.571,-2414.269,KAD_COW_,Peter,Labridae,Thalassoma,hardwicke,37384165,1,AD,Passing,,
GX010028_L.MP4,52954,29.4483,KAD_COW_Transect 4,1.2196,150.492,4.069,1.947,2598.098,11.283,14.024,9.625,346.327,372.123,-2547.88,KAD_COW_,Peter,Scaridae,Chlorurus,spilurus,temp_code_002,1,AD,Passing,,
GX010028_L.MP4,52969,29.4566,KAD_COW_Transect 4,1.2279,,7.781,0.886,3568.693,16.292,,,-44.348,998.128,-3425.981,KAD_COW_,Peter,Pomacentridae,Chromis,viridis,37372053,1,AD,Passing,,
GX010028_L.MP4,53046,29.4995,KAD_COW_Transect 4,1.2707,75.909,4.834,1.132,2132.501,6.744,48.282,46.465,249.62,20.022,-2117.747,KAD_COW_,Peter,Pomacanthidae,Centropyge,heraldi,37385027,1,AD,Passing,,
GX010028_L.MP4,53080,29.5184,KAD_COW_Transect 4,1.2896,96.93,2.918,9.335,1439.527,22.327,83.993,28.652,374.936,-398.09,-1331.61,KAD_COW_,Peter,Acanthuridae,Acanthurus,leucocheilus,37437053,1,AD,Passing,,
GX010028_L.MP4,53080,29.5184,KAD_COW_Transect 4,1.2896,,3.491,0.927,2413.991,25.248,,,904.898,-492.556,-2183.095,KAD_COW_,Peter,Pomacentridae,Pomacentrus,coelestis,37372111,1,AD,Passing,,
GX010028_L.MP4,53092,29.5251,KAD_COW_Transect 4,1.2963,83.137,2.734,4.214,1661.283,21.894,41.823,38.7,324.814,-527.484,-1541.466,KAD_COW_,Peter,Pomacanthidae,Centropyge,flavissima,37365026,1,AD,Passing,,
GX010028_L.MP4,53246,29.6107,KAD_COW_Transect 4,1.3819,107.603,2.746,2.132,2405.493,16.758,4.352,54.116,615.145,-320.396,-2303.333,KAD_COW_,Peter,Pomacentridae,Amblyglyphidodon,orbicularis,temp_code_001,1,AD,Passing,,
GX010028_L.MP4,53477,29.7392,KAD_COW_Transect 4,1.5104,105.837,6.158,2.878,2248.38,25.075,67.239,20.962,-950.547,66.449,-2036.481,KAD_COW_,Peter,Pomacentridae,Amblyglyphidodon,orbicularis,temp_code_001,1,AD,Passing,,
GX010028_L.MP4,53535,29.7714,KAD_COW_Transect 4,1.5427,133.414,7.534,3.99,3687.42,3.134,20.392,44.545,89.65,-180.567,-3681.905,KAD_COW_,Peter,Scaridae,Chlorurus,spilurus,temp_code_002,1,AD,Passing,,
GX010028_L.MP4,53563,29.787,KAD_COW_Transect 4,1.5582,198.728,13.418,3.858,4171.241,6.379,23.879,23.455,-270.411,-376.389,-4145.414,KAD_COW_,Peter,Scaridae,Chlorurus,spilurus,temp_code_002,1,AD,Passing,,
GX010028_L.MP4,53563,29.787,KAD_COW_Transect 4,1.5582,134.986,6.068,3.634,3262.552,11.207,15.389,24.645,361.761,-520.788,-3200.336,KAD_COW_,Peter,Scaridae,Chlorurus,spilurus,temp_code_002,1,AD,Passing,,
GX010028_L.MP4,53577,29.7948,KAD_COW_Transect 4,1.566,116.482,5.903,1.081,3770.26,11.359,3.45,5.792,-673.007,-313.869,-3696.405,KAD_COW_,Peter,Chaetodontidae,Forcipiger,flavissimus,37365068,1,AD,Passing,,
GX010028_L.MP4,53592,29.8031,KAD_COW_Transect 4,1.5744,203.816,15.777,9.173,3364.783,16.771,53.48,3.424,-758.342,-606.293,-3221.659,KAD_COW_,Peter,Scaridae,Chlorurus,spilurus,temp_code_002,1,AD,Passing,,
GX010028_L.MP4,53610,29.8131,KAD_COW_Transect 4,1.5844,169.425,11.467,2.541,3601.406,19.273,28.039,10.175,-1187.997,-41.752,-3399.565,KAD_COW_,Peter,Labridae,Oxycheilinus,sp,,1,AD,Passing,,
GX010028_L.MP4,53760,29.8965,KAD_COW_Transect 4,1.6678,,12.718,0.222,4842.591,19.8,,,-1589.701,401.946,-4556.532,KAD_COW_,Peter,Scaridae,Chlorurus,spilurus,temp_code_002,1,AD,Passing,,
GX010028_L.MP4,53979,30.0183,KAD_COW_Transect 4,1.7896,,14.064,2.027,4920.727,18.241,,,-1217.187,941.091,-4674.008,KAD_COW_,Peter,Scaridae,Scarus,dimidiatus,37386013,1,AD,Passing,,
GX010028_L.MP4,54046,30.0556,KAD_COW_Transect 4,1.8268,102.193,4.11,9.192,2054.225,20.66,36.462,24.7,-322.37,-649.13,-1922.121,KAD_COW_,Peter,Pomacentridae,Amblyglyphidodon,orbicularis,temp_code_001,1,AD,Passing,,
GX010028_L.MP4,54053,30.0595,KAD_COW_Transect 4,1.8307,129.113,10.532,2.21,4220.444,19.244,28.465,60.153,-901.651,1059.241,-3984.618,KAD_COW_,Peter,Scaridae,Chlorurus,spilurus,temp_code_002,1,AD,Passing,,
GX010028_L.MP4,54053,30.0595,KAD_COW_Transect 4,1.8307,133.223,10.353,3.857,3436.281,21.074,39.678,39.048,-913.383,832.119,-3206.453,KAD_COW_,Peter,Scaridae,Chlorurus,spilurus,temp_code_002,1,AD,Passing,,
GX010028_L.MP4,54103,30.0873,KAD_COW_Transect 4,1.8585,234.534,9.156,16.201,2705.213,23.198,61.918,23.838,-780.548,725.47,-2486.486,KAD_COW_,Peter,Scaridae,Chlorurus,spilurus,temp_code_002,1,AD,Passing,,
GX010028_L.MP4,54103,30.0873,KAD_COW_Transect 4,1.8585,89.69,4.96,16.147,2378.728,26.168,50.592,46.235,-776.707,705.12,-2134.919,KAD_COW_,Peter,Pomacentridae,Pomacentrus,philippinus,37372123,1,AD,Passing,,
GX010028_L.MP4,54111,30.0917,KAD_COW_Transect 4,1.863,,13.595,7.648,4853.699,17.923,,,1430.548,-432.349,-4617.9,KAD_COW_,Peter,Scaridae,Chlorurus,spilurus,temp_code_002,1,AD,Passing,,
GX010028_L.MP4,54128,30.1012,KAD_COW_Transect 4,1.8724,,10.773,1.651,4317.592,21.959,,,1444.016,-724.512,-4003.935,KAD_COW_,Peter,Chaetodontidae,Chaetodon,mertensii,37365044,1,AD,Passing,,
GX010028_L.MP4,54128,30.1012,KAD_COW_Transect 4,1.8724,,9.782,3.094,4078.488,21.578,,,1287.871,-771.135,-3792.202,KAD_COW_,Peter,Chaetodontidae,Chaetodon,mertensii,37365044,1,AD,Passing,,
GX010028_L.MP4,54143,30.1095,KAD_COW_Transect 4,1.8808,242.485,3.874,3.97,4032.517,3.519,3.128,42,-112.578,220.423,-4024.914,KAD_COW_,Peter,Scaridae,Chlorurus,spilurus,temp_code_002,1,AD,Passing,,
GX010028_L.MP4,54143,30.1095,KAD_COW_Transect 4,1.8808,159.752,11.3,1.789,3244.484,1.443,34.788,24.882,17.865,-79.708,-3243.456,KAD_COW_,Peter,Scaridae,Scarus,dimidiatus,37386013,1,AD,Passing,,
GX010028_L.MP4,54162,30.1201,KAD_COW_Transect 4,1.8913,116.246,4.214,3.657,3318.529,17.837,1.203,18.435,489.265,-890.99,-3159.017,KAD_COW_,Peter,Acanthuridae,Acanthurus,nigrofuscus,37437014,1,AD,Passing,,
GX010028_L.MP4,54162,30.1201,KAD_COW_Transect 4,1.8913,116.681,5.133,2.307,2882.797,9.949,18.819,34.997,-421.268,-265.746,-2839.442,KAD_COW_,Peter,Acanthuridae,Zebrasoma,scopas,37437036,1,AD,Passing,,
GX010028_L.MP4,54162,30.1201,KAD_COW_Transect 4,1.8913,,4.571,1.119,2701.382,10.94,,,-374.115,-352.052,-2652.086,KAD_COW_,Peter,Acanthuridae,Zebrasoma,scopas,37437036,1,AD,Passing,,
GX010028_L.MP4,54210,30.1468,KAD_COW_Transect 4,1.918,158.351,8.545,4.842,3433.193,26.741,24.619,25.79,1030.714,-1150.636,-3066.02,KAD_COW_,Peter,Mullidae,Parupeneus,barberinus,37355022,1,AD,Passing,,
GX010028_L.MP4,54237,30.1618,KAD_COW_Transect 4,1.933,,2.352,10.488,1965.047,26.832,,,-632.533,-622.836,-1753.107,KAD_COW_,Peter,Acanthuridae,Zebrasoma,scopas,37437036,1,AD,Passing,,
GX010028_L.MP4,54240,30.1635,KAD_COW_Transect 4,1.9347,,4.98,0.901,2824.561,22.012,,,474.298,-947.994,-2618.108,KAD_COW_,Peter,Pomacentridae,Amblyglyphidodon,orbicularis,temp_code_001,1,AD,Passing,,
GX010028_L.MP4,54254,30.1713,KAD_COW_Transect 4,1.9425,,3.546,0.947,2494.752,24.457,,,-961.48,-378.656,-2270.675,KAD_COW_,Peter,Acanthuridae,Zebrasoma,scopas,37437036,1,AD,Passing,,
GX010028_L.MP4,54277,30.184,KAD_COW_Transect 4,1.9553,134.335,6.604,3.174,3082.51,19.488,22.576,6.946,-181.244,-1012.236,-2905.924,KAD_COW_,Peter,Mullidae,Parupeneus,multifasciatus,37355026,1,AD,Passing,,
GX010028_L.MP4,54289,30.1907,KAD_COW_Transect 4,1.962,189.779,17.735,2.302,3276.148,13.402,62.63,4.881,-220.076,-726.74,-3186.936,KAD_COW_,Peter,Scaridae,Chlorurus,spilurus,temp_code_002,1,AD,Passing,,
GX010028_L.MP4,54289,30.1907,KAD_COW_Transect 4,1.962,,4.106,0.427,2546.105,16.442,,,-217.497,-688.477,-2441.586,KAD_COW_,Peter,Scaridae,Chlorurus,spilurus,temp_code_002,1,AD,Passing,,
GX010028_L.MP4,54298,30.1957,KAD_COW_Transect 4,1.967,112.299,4.006,3.002,3640.142,14.498,6.187,9.227,81.051,-907.696,-3524.224,KAD_COW_,Peter,Acanthuridae,Zebrasoma,scopas,37437036,1,AD,Passing,,
GX010028_L.MP4,54341,30.2196,KAD_COW_Transect 4,1.9909,121.093,6.359,5.106,2175.689,24.652,70.042,3.453,-859.246,291.916,-1977.398,KAD_COW_,Peter,Pomacentridae,Amblyglyphidodon,orbicularis,temp_code_001,1,AD,Passing,,
GX010028_L.MP4,54383,30.243,KAD_COW_Transect 4,2.0142,,4.149,0.364,2760.692,24.272,,,-1132.796,66.309,-2516.704,KAD_COW_,Peter,Scaridae,Chlorurus,spilurus,temp_code_002,1,AD,Passing,,
GX010028_L.MP4,54394,30.2491,KAD_COW_Transect 4,2.0204,155.946,4.067,11.001,2704.283,20.592,11.585,23.685,-580.495,-753.436,-2531.503,KAD_COW_,Peter,Scaridae,Chlorurus,spilurus,temp_code_002,1,AD,Passing,,
GX010028_L.MP4,54400,30.2524,KAD_COW_Transect 4,2.0237,153.925,10.671,5.567,3346.09,25.356,64.637,40.976,-1393.776,332.615,-3023.752,KAD_COW_,Peter,Scaridae,Chlorurus,spilurus,temp_code_002,1,AD,Passing,,
GX010028_L.MP4,54486,30.3003,KAD_COW_Transect 4,2.0715,174.93,4.799,1.152,3202.008,25.769,7.837,50.48,-1383.65,152.618,-2883.588,KAD_COW_,Peter,Scaridae,Chlorurus,spilurus,temp_code_002,1,AD,Passing,,
GX010028_L.MP4,54595,30.3609,KAD_COW_Transect 4,2.1321,,10.624,1.491,4490.739,26.856,,,1960.249,-524.771,-4006.093,KAD_COW_,Peter,Scaridae,Chlorurus,spilurus,temp_code_002,1,AD,Passing,,
GX010028_L.MP4,54595,30.3609,KAD_COW_Transect 4,2.1321,,8.326,0.945,4148.586,31.11,,,2141.076,-103.743,-3551.873,KAD_COW_,Peter,Pomacentridae,Chromis,viridis,37372053,1,AD,Passing,,
GX010028_L.MP4,54669,30.402,KAD_COW_Transect 4,2.1733,142.091,5.558,3.88,2471.129,10.674,25.016,0.904,421.339,-178.843,-2428.367,KAD_COW_,Peter,Labridae,Thalassoma,lunare,37384167,1,AD,Passing,,
GX010028_L.MP4,54737,30.4399,KAD_COW_Transect 4,2.2111,170.099,7.257,1.243,3329.618,20.567,18.122,22.576,758.963,-890.022,-3117.401,KAD_COW_,Peter,Labridae,Gomphosus,varius,37384106,1,AD,Passing,,
GX010028_L.MP4,54737,30.4399,KAD_COW_Transect 4,2.2111,,9.731,0.447,4038.269,20.087,,,1169.137,-748.303,-3792.199,KAD_COW_,Peter,Mullidae,Parupeneus,cyclostomus,37355025,1,AD,Passing,,
GX010028_L.MP4,54776,30.4615,KAD_COW_Transect 4,2.2328,,6.192,3.253,3364.003,28.284,,,1454.937,-652.873,-2961.999,KAD_COW_,Peter,Scaridae,Scarus,schlegeli,37386029,1,AD,Passing,,
GX010028_L.MP4,54793,30.471,KAD_COW_Transect 4,2.2422,138.213,5.333,0.558,2751.762,16.409,17.941,14.163,588.389,-508.015,-2639.68,KAD_COW_,Peter,Mullidae,Parupeneus,multifasciatus,37355026,1,AD,Passing,,
GX010028_L.MP4,54862,30.5094,KAD_COW_Transect 4,2.2806,145.435,5.039,1.629,3082.963,18.503,6.37,37.257,976.767,56.185,-2923.599,KAD_COW_,Peter,Scaridae,Chlorurus,spilurus,temp_code_002,1,AD,Passing,,
GX010028_L.MP4,54862,30.5094,KAD_COW_Transect 4,2.2806,198.323,12.286,3.518,3487.029,20.568,38.058,22.986,1224.92,-18.496,-3264.751,KAD_COW_,Peter,Scaridae,Chlorurus,spilurus,temp_code_002,1,AD,Passing,,
GX010028_L.MP4,54870,30.5138,KAD_COW_Transect 4,2.2851,210.367,13.847,13.628,3372.65,29.974,80.495,1.842,1676.942,164.51,-2921.57,KAD_COW_,Peter,Acanthuridae,Ctenochaetus,striatus,37437022,1,AD,Passing,,
GX010028_L.MP4,54877,30.5177,KAD_COW_Transect 4,2.289,,5.606,13.507,3251.523,30.29,,,1529.938,588.95,-2807.994,KAD_COW_,Peter,Pomacentridae,Chromis,viridis,37372053,1,AD,Passing,,
GX010028_L.MP4,54879,30.5188,KAD_COW_Transect 4,2.2901,100.717,3.751,3.572,2561.925,21.385,22.463,53.058,929.075,-97.204,-2385.546,KAD_COW_,Peter,Labridae,Thalassoma,hardwicke,37384165,1,AD,Passing,,
GX010028_L.MP4,54883,30.521,KAD_COW_Transect 4,2.2923,152.576,11.039,7.599,3645.163,22.986,30.609,29.202,1391.119,301.738,-3355.735,KAD_COW_,Peter,Scaridae,Chlorurus,spilurus,temp_code_002,1,AD,Passing,,
GX010028_L.MP4,54890,30.5249,KAD_COW_Transect 4,2.2962,,7.625,0.108,3711.966,23.893,,,1464.612,337.602,-3394.057,KAD_COW_,Peter,Scaridae,Chlorurus,bleekeri,37386011,1,AD,Passing,,
GX010028_L.MP4,54890,30.5249,KAD_COW_Transect 4,2.2962,241.959,14.912,12.807,3592.034,24.475,48.028,4.217,1427.652,420.014,-3269.267,KAD_COW_,Peter,Scaridae,Scarus,schlegeli,37386029,1,AD,Passing,,
GX010028_L.MP4,54901,30.5311,KAD_COW_Transect 4,2.3023,219.419,20.774,10.871,4380.967,22.613,40.791,7.634,1497.875,770.72,-4044.161,KAD_COW_,Peter,Scaridae,Scarus,dimidiatus,37386013,1,AD,Passing,,
GX010028_L.MP4,54901,30.5311,KAD_COW_Transect 4,2.3023,186.005,16.683,11.408,4111.995,24.956,36.327,2.444,1597.097,677.676,-3728.074,KAD_COW_,Peter,Scaridae,Scarus,dimidiatus,37386013,1,AD,Passing,,
GX010028_L.MP4,54913,30.5377,KAD_COW_Transect 4,2.309,177.699,6.049,2.144,2866.403,19.363,14.059,3.138,949.849,-31.599,-2704.266,KAD_COW_,Peter,Scaridae,Scarus,schlegeli,37386029,1,AD,Passing,,
GX010028_L.MP4,54913,30.5377,KAD_COW_Transect 4,2.309,173.097,9.023,7.12,2723.757,25.777,67.928,23.061,1176.055,-141.104,-2452.72,KAD_COW_,Peter,Scaridae,Scarus,dimidiatus,37386013,1,AD,Passing,,
GX010028_L.MP4,55095,30.6389,KAD_COW_Transect 4,2.4102,77.122,3.999,7.675,1874.392,23.719,43.915,2.446,-718.228,229.439,-1716.057,KAD_COW_,Peter,Pomacentridae,Pomacentrus,callainus,temp_code_004,1,AD,Passing,,
GX010028_L.MP4,55104,30.6439,KAD_COW_Transect 4,2.4152,,4.505,12.561,2867.34,31.536,,,1284.401,772.846,-2444.312,KAD_COW_,Peter,Pomacentridae,Pomacentrus,philippinus,37372123,1,AD,Passing,,
GX010028_L.MP4,55106,30.6451,KAD_COW_Transect 4,2.4163,,2.272,0.132,1949.876,26.316,,,861.805,66.014,-1747.842,KAD_COW_,Peter,Synodontidae,Synodus,variegatus,37118023,1,AD,Passing,,
GX010028_L.MP4,55121,30.6534,KAD_COW_Transect 4,2.4246,,9.414,0.68,4052.326,23.475,,,1439.208,728.816,-3717.372,KAD_COW_,Peter,Balistidae,Balistapus,undulatus,37465047,1,AD,Passing,,
GX010028_L.MP4,55121,30.6534,KAD_COW_Transect 4,2.4246,310.619,11.946,17.928,3078.194,30.106,89.618,3.317,1399.525,652.187,-2662.943,KAD_COW_,Peter,Scaridae,Chlorurus,spilurus,temp_code_002,1,AD,Passing,,
GX010028_L.MP4,55125,30.6556,KAD_COW_Transect 4,2.4269,83.813,1.69,2.149,1321.868,17.688,21.544,8.943,-391.018,-91.667,-1259.379,KAD_COW_,Peter,Pomacentridae,Chrysiptera,glauca,37372062,1,AD,Passing,,
GX010028_L.MP4,55168,30.6795,KAD_COW_Transect 4,2.4508,,3.493,3.629,2458.781,26.346,,,1029.837,359.414,-2203.602,KAD_COW_,Peter,Pomacentridae,Amblyglyphidodon,orbicularis,temp_code_001,1,AD,Passing,,
GX010028_L.MP4,55194,30.694,KAD_COW_Transect 4,2.4652,202.768,11.707,3.235,2986.53,16.476,47.997,13.091,845.333,53.354,-2863.9,KAD_COW_,Peter,Mullidae,Parupeneus,multifasciatus,37355026,1,AD,Passing,,
GX010028_L.MP4,55194,30.694,KAD_COW_Transect 4,2.4652,152.598,6.851,15.5,2915.854,28.397,24.048,18.655,1368.721,222.775,-2564.99,KAD_COW_,Peter,Scaridae,Scarus,forsteni,37386015,1,AD,Passing,,
GX010028_L.MP4,55194,30.694,KAD_COW_Transect 4,2.4652,95.706,7.618,5.06,3653.222,15.115,8.639,6.428,910.939,278.739,-3526.829,KAD_COW_,Peter,Acanthuridae,Zebrasoma,scopas,37437036,1,AD,Passing,,
GX010028_L.MP4,55232,30.7151,KAD_COW_Transect 4,2.4864,,3.767,0.703,2626.986,27.701,,,1216.978,99.777,-2325.955,KAD_COW_,Peter,Acanthuridae,Ctenochaetus,striatus,37437022,1,AD,Passing,,
GX010028_L.MP4,55232,30.7151,KAD_COW_Transect 4,2.4864,,5.422,1.807,3273.968,30.695,,,1655.206,229.326,-2815.416,KAD_COW_,Peter,Nemipteridae,Scolopsis,bilineata,37347031,1,AD,Passing,,
GX010028_L.MP4,55254,30.7274,KAD_COW_Transect 4,2.4986,,2.042,2.932,1758.885,22.359,,,286.429,-605.651,-1626.291,KAD_COW_,Peter,Pomacentridae,Pomacentrus,coelestis,37372111,1,AD,Passing,,
GX010028_L.MP4,55287,30.7457,KAD_COW_Transect 4,2.517,190.48,9.793,2.044,3045.363,23.693,41.831,0.544,-1222.165,62.062,-2788.673,KAD_COW_,Peter,Scaridae,Chlorurus,spilurus,temp_code_002,1,AD,Passing,,
GX010028_L.MP4,55331,30.7702,KAD_COW_Transect 4,2.5414,82.638,1.899,5.477,1640.101,24.495,11.814,40.416,582.31,-351.162,-1492.492,KAD_COW_,Peter,Pomacentridae,Pomacentrus,callainus,temp_code_004,1,AD,Passing,,
GX010028_L.MP4,55367,30.7902,KAD_COW_Transect 4,2.5614,213.308,5.117,12.31,2110.361,25.093,55.535,22.146,-795.379,-410.331,-1911.184,KAD_COW_,Peter,Scaridae,Chlorurus,spilurus,temp_code_002,1,AD,Passing,,
GX010028_L.MP4,55375,30.7947,KAD_COW_Transect 4,2.5659,206.327,8.249,8.933,2655.864,26.48,69.675,22.858,-1149.498,-284.657,-2377.234,KAD_COW_,Peter,Scaridae,Chlorurus,spilurus,temp_code_002,1,AD,Passing,,
GX010028_L.MP4,55375,30.7947,KAD_COW_Transect 4,2.5659,212.207,6.027,15.69,2469.171,25.868,40.833,15.931,-892.771,-602.912,-2221.77,KAD_COW_,Peter,Mullidae,Parupeneus,multifasciatus,37355026,1,AD,Passing,,
GX010028_L.MP4,55418,30.8186,KAD_COW_Transect 4,2.5898,105.33,3.697,6.278,3043.32,22.741,5.351,13.948,-460.502,-1082.562,-2806.741,KAD_COW_,Peter,Chaetodontidae,Chaetodon,trifascialis,37365058,1,AD,Passing,,
GX010028_L.MP4,55452,30.8375,KAD_COW_Transect 4,2.6087,141.666,4.791,13.999,2335.924,24.213,31.314,3.705,-529.525,-798.375,-2130.433,KAD_COW_,Peter,Labridae,Bodianus,mesothorax,37384060,1,AD,Passing,,
GX010028_L.MP4,55458,30.8408,KAD_COW_Transect 4,2.6121,124.838,6.537,3.163,3188.841,20.29,19.262,14.04,-541.738,-964.036,-2990.963,KAD_COW_,Peter,Pomacentridae,Stegastes,nigricans,37372135,1,AD,Passing,,
GX010028_L.MP4,55475,30.8503,KAD_COW_Transect 4,2.6215,,3.804,2.012,2602.004,25.574,,,-1022.34,-466.586,-2346.815,KAD_COW_,Peter,Labridae,Hemigymnus,fasciatus,37384124,1,AD,Passing,,
GX010028_L.MP4,55475,30.8503,KAD_COW_Transect 4,2.6215,175.9,11.51,8.21,3366.484,25.882,62.209,34.485,-1374.425,-520.093,-3028.807,KAD_COW_,Peter,Scaridae,Scarus,schlegeli,37386029,1,AD,Passing,,
GX010028_L.MP4,55538,30.8853,KAD_COW_Transect 4,2.6565,267.53,12.812,12.593,3153.11,28.646,75.152,5.718,1238.325,-866.856,-2767.167,KAD_COW_,Peter,Scaridae,Chlorurus,spilurus,temp_code_002,1,AD,Passing,,
GX010028_L.MP4,55538,30.8853,KAD_COW_Transect 4,2.6565,179.982,6.236,11.747,3325.018,28.153,4.334,4.875,1108.057,-1110.613,-2931.637,KAD_COW_,Peter,Scaridae,Chlorurus,spilurus,temp_code_002,1,AD,Passing,,
GX010028_L.MP4,55538,30.8853,KAD_COW_Transect 4,2.6565,163.042,6.692,9.894,3145.357,26.149,18.103,21.935,1024.982,-933.249,-2823.424,KAD_COW_,Peter,Lethrinidae,Gnathodentex,aureolineatus,37351021,1,AD,Passing,,
GX010028_L.MP4,55548,30.8909,KAD_COW_Transect 4,2.6621,,4.892,1.038,2802.212,21.575,,,718.528,-740.131,-2605.44,KAD_COW_,Peter,Pomacentridae,Chromis,ternatensis,37372051,1,AD,Passing,,
GX010028_L.MP4,55548,30.8909,KAD_COW_Transect 4,2.6621,194.805,4.648,0.73,3120.656,21.59,9.506,17.314,518.066,-1024.768,-2901.715,KAD_COW_,Peter,Lethrinidae,Gnathodentex,aureolineatus,37351021,1,AD,Passing,,
GX010028_L.MP4,55548,30.8909,KAD_COW_Transect 4,2.6621,217.402,11.851,8.73,3156.918,25.076,50.34,4.039,857.292,-1027.217,-2859.371,KAD_COW_,Peter,Lethrinidae,Gnathodentex,aureolineatus,37351021,1,AD,Passing,,
GX010028_L.MP4,55548,30.8909,KAD_COW_Transect 4,2.6621,,7.568,1.266,3521.033,21.532,,,905.756,-923.706,-3274.759,KAD_COW_,Peter,Lethrinidae,Gnathodentex,aureolineatus,37351021,1,AD,Passing,,
GX010028_L.MP4,55601,30.9203,KAD_COW_Transect 4,2.6916,185.795,4.588,5.006,2177.339,13.675,28.986,6.617,284.404,-429.03,-2115.621,KAD_COW_,Peter,Scaridae,Chlorurus,spilurus,temp_code_002,1,AD,Passing,,
GX010028_L.MP4,55601,30.9203,KAD_COW_Transect 4,2.6916,190.531,3.549,2.225,2726.889,16.71,6.536,7.249,469.914,-627.636,-2611.738,KAD_COW_,Peter,Lethrinidae,Gnathodentex,aureolineatus,37351021,1,AD,Passing,,
GX010028_L.MP4,55601,30.9203,KAD_COW_Transect 4,2.6916,215.448,7.879,5.861,2936.702,15.054,28.991,20.43,561.771,-515.907,-2835.925,KAD_COW_,Peter,Lethrinidae,Gnathodentex,aureolineatus,37351021,1,AD,Passing,,
GX010028_L.MP4,55601,30.9203,KAD_COW_Transect 4,2.6916,166.173,5.574,4.122,2609.283,24.545,23.118,7.205,914.022,-582.624,-2373.494,KAD_COW_,Peter,Lethrinidae,Gnathodentex,aureolineatus,37351021,1,AD,Passing,,
GX010028_L.MP4,55611,30.9259,KAD_COW_Transect 4,2.6971,175.616,6.906,1.282,2996.42,24.502,18.974,4.568,-1240.414,-74.891,-2726.591,KAD_COW_,Peter,Lethrinidae,Gnathodentex,aureolineatus,37351021,1,AD,Passing,,
GX010028_L.MP4,55644,30.9442,KAD_COW_Transect 4,2.7155,129.028,3.354,11.925,1610.633,22.015,57.2,18.22,-565.549,-211.307,-1493.198,KAD_COW_,Peter,Pomacentridae,Amblyglyphidodon,orbicularis,temp_code_001,1,AD,Passing,,
GX010028_L.MP4,55644,30.9442,KAD_COW_Transect 4,2.7155,196.158,3.851,7.13,2196.088,25.315,17.112,0.272,848.438,-402.381,-1985.206,KAD_COW_,Peter,Scaridae,Chlorurus,spilurus,temp_code_002,1,AD,Passing,,
GX010028_L.MP4,55644,30.9442,KAD_COW_Transect 4,2.7155,115.999,4.709,0.567,2196.525,13.238,30.914,19.296,257.182,-432.261,-2138.161,KAD_COW_,Peter,Labridae,Gomphosus,varius,37384106,1,AD,Passing,,
GX010028_L.MP4,55669,30.9581,KAD_COW_Transect 4,2.7294,,4.573,6.938,2913.328,26.314,,,-1220.74,-422.946,-2611.204,KAD_COW_,Peter,Pomacentridae,Chromis,viridis,37372053,1,AD,Passing,,
GX010028_L.MP4,55669,30.9581,KAD_COW_Transect 4,2.7294,157.598,6.684,6.664,2833.133,23.719,25.38,6.747,-1064.392,-407.166,-2593.825,KAD_COW_,Peter,Lethrinidae,Gnathodentex,aureolineatus,37351021,1,AD,Passing,,
GX010028_L.MP4,55669,30.9581,KAD_COW_Transect 4,2.7294,162.455,4.023,0.711,2789.907,20.191,8.562,15.485,562.991,-781.196,-2618.464,KAD_COW_,Peter,Scaridae,Scarus,schlegeli,37386029,1,AD,Passing,,
GX010028_L.MP4,55681,30.9648,KAD_COW_Transect 4,2.7361,,5.783,0.507,3383.319,27.202,,,-1536.414,-179.26,-3009.011,KAD_COW_,Peter,Acanthuridae,Ctenochaetus,striatus,37437022,1,AD,Passing,,
GX010028_L.MP4,55689,30.9693,KAD_COW_Transect 4,2.7405,84.517,8.076,0.512,2986.112,25.085,32.255,9.151,-1264.991,-50.864,-2704.454,KAD_COW_,Peter,Pomacentridae,Chromis,ternatensis,37372051,1,AD,Passing,,
GX010028_L.MP4,55689,30.9693,KAD_COW_Transect 4,2.7405,,4.34,2.222,2901.531,27.639,,,-1338.295,-145.653,-2570.338,KAD_COW_,Peter,Pomacentridae,Chromis,ternatensis,37372051,1,AD,Passing,,
GX010028_L.MP4,55750,31.0032,KAD_COW_Transect 4,2.7744,,3.194,12.719,2367.347,29.569,,,1038.372,-536.506,-2058.707,KAD_COW_,Peter,Pomacentridae,Amblyglyphidodon,orbicularis,temp_code_001,1,AD,Passing,,
GX010028_L.MP4,55859,31.0638,KAD_COW_Transect 4,2.8351,,7.496,0.208,3934.649,30.378,,,-1935.148,460.995,-3394.724,KAD_COW_,Peter,Acanthuridae,Zebrasoma,scopas,37437036,1,AD,Passing,,
GX010028_L.MP4,55987,31.135,KAD_COW_Transect 4,2.9062,,5.574,2.731,3066.666,16.009,,,-805.39,-259.87,-2947.584,KAD_COW_,Peter,Chaetodontidae,Chaetodon,baronessa,37365034,1,AD,Passing,,
GX010028_L.MP4,56004,31.1444,KAD_COW_Transect 4,2.9157,,7.803,4.253,3685.442,24.847,,,-1088.725,1099.319,-3344.945,KAD_COW_,Peter,Pomacentridae,Dascyllus,reticulatus,37372074,1,AD,Passing,,
GX010028_L.MP4,56037,31.1628,KAD_COW_Transect 4,2.934,,5.481,0.184,2993.95,21.384,,,-256.585,1059.428,-2788.46,KAD_COW_,Peter,Pomacentridae,Dascyllus,reticulatus,37372074,1,AD,Passing,,
GX010028_L.MP4,56045,31.1672,KAD_COW_Transect 4,2.9385,,5.177,2.453,2905.07,21.135,,,-184.63,1029.482,-2710.26,KAD_COW_,Peter,Pomacentridae,Dascyllus,reticulatus,37372074,1,AD,Passing,,
GX010028_L.MP4,56045,31.1672,KAD_COW_Transect 4,2.9385,,4.983,1.24,2828.203,18.406,,,-14.87,891.298,-2684.045,KAD_COW_,Peter,Pomacentridae,Dascyllus,reticulatus,37372074,1,AD,Passing,,
GX010028_L.MP4,56102,31.1989,KAD_COW_Transect 4,2.9702,,2.033,0.246,1750.149,18.132,,,-465.78,281.348,-1663.404,KAD_COW_,Peter,Chaetodontidae,Chaetodon,baronessa,37365034,1,AD,Passing,,
GX010028_L.MP4,56102,31.1989,KAD_COW_Transect 4,2.9702,,2.918,13.921,2151.697,18.946,,,-596.719,362.074,-2035.345,KAD_COW_,Peter,Pomacentridae,Dascyllus,reticulatus,37372074,1,AD,Passing,,
